sample_id	PC1	PC2	PC3	PC4	PC5	PC6	PC7	PC8	PC9	PC10
HG00096	-0.067575	-0.107081	-0.042980	-0.064142	-0.001553	0.006585	0.000710	-0.007977	-0.002231	-0.004764
HG00097	-0.079286	-0.086830	-0.029699	-0.039267	-0.000299	0.000547	-0.002473	0.001421	-0.002317	-0.000322
HG00099	-0.070375	-0.098165	-0.018907	-0.040645	-0.003097	-0.002384	-0.001332	-0.005112	-0.001888	0.004040
HG00100	-0.070025	-0.105338	-0.041058	-0.061476	-0.000370	-0.000346	-0.000990	-0.001098	-0.004796	0.000031
HG00101	-0.068709	-0.084811	-0.034828	-0.027918	0.001273	-0.000144	0.001802	-0.000836	-0.001909	0.001015
HG00102	-0.068289	-0.100361	-0.038856	-0.034549	0.003448	-0.003655	0.002124	-0.001016	0.001509	0.000764
HG00103	-0.067225	-0.098521	-0.036488	-0.024881	-0.001952	-0.003322	0.001134	0.000965	0.000735	0.000391
HG00105	-0.075372	-0.095730	-0.039883	-0.036911	-0.000067	0.001719	-0.003084	0.000248	-0.002938	0.000560
HG00106	-0.075863	-0.083579	-0.032967	-0.038679	-0.002296	0.002798	-0.000606	-0.001574	-0.000518	0.002256
HG00107	-0.071446	-0.088943	-0.037082	-0.026170	-0.004532	-0.001176	0.001285	-0.000466	-0.002179	0.001098
HG00108	-0.068774	-0.077453	-0.027698	-0.015803	-0.001576	-0.003279	0.002043	-0.001426	0.005045	0.001543
HG00109	-0.069452	-0.090206	-0.034551	-0.035639	0.001005	-0.000430	0.002899	0.000055	-0.000973	0.002898
HG00110	-0.069670	-0.099421	-0.029912	-0.048601	-0.002930	0.000125	-0.002021	0.002688	-0.000631	-0.002185
HG00111	-0.074036	-0.087739	-0.032758	-0.020975	-0.001400	-0.001178	0.002606	0.002261	0.002664	0.003597
HG00112	-0.078549	-0.099509	-0.038514	-0.030817	-0.002021	0.001652	-0.001474	-0.001937	-0.000500	-0.002741
HG00113	-0.063928	-0.118064	-0.023865	-0.044577	-0.002342	-0.002061	-0.001451	0.003248	0.001334	-0.000495
HG00114	-0.077947	-0.079038	-0.025023	-0.030600	0.000325	-0.002260	0.002816	0.001790	0.003884	-0.004245
HG00115	-0.067051	-0.093968	-0.028273	-0.028391	0.002685	-0.003840	0.005497	0.000637	0.001728	0.005223
HG00116	-0.078969	-0.091075	-0.046433	-0.038225	0.001929	-0.002058	0.001110	-0.002112	0.000897	-0.002556
HG00117	-0.077725	-0.092072	-0.026830	-0.039446	-0.003260	-0.001453	-0.001541	-0.001563	-0.000965	0.001870
HG00118	-0.069753	-0.095723	-0.022582	-0.030629	0.001256	-0.001238	-0.000863	0.000288	0.002040	0.003357
HG00119	-0.078087	-0.096755	-0.033202	-0.048017	-0.001455	0.003102	0.000443	-0.000093	0.000463	0.003401
HG00120	-0.077588	-0.099199	-0.049444	-0.044574	0.002312	-0.002625	0.002056	-0.000415	0.003425	-0.002336
HG00121	-0.062458	-0.108250	-0.043309	-0.059938	-0.001733	-0.006809	-0.003247	-0.000235	-0.004552	-0.001695
HG00122	-0.072268	-0.092307	-0.027402	-0.047528	-0.002475	0.005074	-0.000837	0.000945	0.003921	-0.002511
HG00123	-0.073093	-0.102474	-0.043222	-0.054246	-0.001845	0.001059	-0.000229	-0.001187	0.000024	-0.001288
HG00125	-0.074482	-0.099134	-0.047276	-0.033884	-0.001332	0.002228	-0.002634	0.000267	-0.003845	-0.000952
HG00126	-0.078514	-0.097198	-0.062146	-0.036996	-0.002004	0.003050	0.001243	0.001249	0.001048	-0.002725
HG00127	-0.081854	-0.088048	-0.024750	-0.051426	-0.002368	-0.000780	0.001874	0.000679	-0.000901	0.003119
HG00128	-0.074496	-0.097318	-0.034304	-0.032637	-0.000454	0.004205	0.005996	-0.002635	0.001981	-0.004100
HG00129	-0.082846	-0.100351	-0.031169	-0.005927	-0.000233	-0.002860	0.004864	-0.001627	0.002178	0.003081
HG00130	-0.071819	-0.079986	-0.025792	-0.034367	-0.002715	-0.004227	-0.000415	-0.001620	0.003006	0.002898
HG00131	-0.067678	-0.086115	-0.040732	-0.051789	0.000805	-0.000623	0.001446	0.004276	-0.000314	0.003131
HG00132	-0.071983	-0.089172	-0.047906	-0.040063	-0.000397	-0.000542	0.000028	-0.000595	-0.001711	-0.000417
HG00133	-0.070375	-0.090875	-0.051166	-0.047097	0.003316	-0.006678	0.001370	-0.002038	0.000621	0.001996
HG00136	-0.067124	-0.095130	-0.034286	-0.022634	-0.002249	0.001462	0.003512	-0.002347	0.000091	0.000892
HG00137	-0.079551	-0.096314	-0.039509	-0.037019	0.001463	-0.003656	0.000482	-0.002000	-0.000843	0.000553
HG00138	-0.066774	-0.105251	-0.021426	-0.019372	-0.002900	-0.001795	0.004334	-0.000525	0.004763	-0.001486
HG00139	-0.077237	-0.093681	-0.039826	-0.056772	0.003304	0.001941	0.004076	0.001021	-0.001530	0.001663
HG00140	-0.077181	-0.087998	-0.026430	-0.037889	-0.002693	-0.002736	0.002610	-0.002342	-0.004029	0.001546
HG00141	-0.078477	-0.091658	-0.036253	-0.050740	-0.001575	0.005200	-0.002272	-0.003748	-0.001478	-0.002386
HG00142	-0.062539	-0.080689	-0.028524	-0.054596	0.001123	-0.004013	-0.000427	-0.002557	-0.000220	0.000365
HG00143	-0.080331	-0.095653	-0.028564	-0.053085	-0.005786	-0.000100	-0.000139	0.000451	0.002149	0.000982
HG00145	-0.077196	-0.099110	-0.038950	-0.052776	-0.003889	0.000943	0.001738	-0.002747	0.001630	0.001869
HG00146	-0.073445	-0.101981	-0.028189	-0.056585	-0.001696	-0.000653	-0.000857	0.003360	0.001784	-0.002586
HG00148	-0.071923	-0.104931	-0.032481	-0.024913	0.000898	-0.002412	0.003588	-0.001617	0.001707	0.004440
HG00149	-0.055137	-0.086911	-0.043354	-0.052568	0.001926	0.007825	-0.003378	0.000836	0.001704	0.009268
HG00150	-0.069534	-0.083439	-0.029853	-0.041631	0.000393	-0.000993	0.003764	0.002091	0.002132	0.003314
HG00151	-0.078491	-0.102470	-0.022846	-0.034245	-0.002499	-0.002602	-0.004271	0.002662	0.002405	-0.003501
HG00154	-0.074612	-0.093429	-0.021969	-0.022915	-0.004627	-0.000286	0.001499	-0.004642	-0.001686	0.004173
HG00155	-0.073515	-0.104436	-0.041285	-0.030705	-0.002469	-0.000618	0.001891	0.001172	-0.001497	0.001205
HG00157	-0.075846	-0.096398	-0.028038	-0.048987	0.001527	0.001108	0.000483	-0.002913	-0.000863	-0.003232
HG00158	-0.072220	-0.082697	-0.039024	-0.026103	0.003834	0.000682	0.002966	-0.003106	-0.002002	-0.000575
HG00159	-0.072017	-0.099614	-0.022329	-0.043364	-0.001848	-0.002735	-0.004268	-0.001793	-0.000270	0.001036
HG00160	-0.075911	-0.112282	-0.036815	-0.031109	0.000721	-0.001524	0.001933	0.000266	-0.002183	0.002460
HG00171	-0.085183	-0.075553	-0.029510	-0.029123	-0.001831	-0.004482	-0.000022	0.002838	0.002368	-0.002176
HG00173	-0.074602	-0.068208	-0.033081	-0.049490	-0.004285	0.001784	-0.002775	-0.000977	-0.000333	-0.003727
HG00174	-0.069926	-0.092485	-0.022416	-0.044568	-0.000805	-0.000023	-0.000568	-0.000453	-0.002755	-0.003872
HG00176	-0.079454	-0.078267	-0.032162	-0.033735	-0.000434	-0.005640	-0.001429	0.001155	-0.001942	-0.000971
HG00177	-0.077374	-0.080670	-0.025394	-0.038936	-0.003513	-0.000288	-0.002259	0.001489	-0.002811	0.000004
HG00178	-0.075771	-0.095388	-0.021716	-0.009482	-0.002629	0.001780	0.004138	0.000224	0.002007	-0.002128
HG00179	-0.077669	-0.083337	-0.019648	-0.034013	-0.001863	-0.001648	-0.000851	0.001323	-0.001785	-0.000880
HG00180	-0.073519	-0.097663	-0.014315	-0.029747	-0.003419	-0.003720	-0.001095	0.002292	-0.003124	0.002163
HG00181	-0.065215	-0.080582	-0.038318	-0.035231	-0.002166	0.003928	-0.000655	0.001586	0.003941	0.000269
HG00182	-0.072916	-0.063572	-0.028173	-0.020717	-0.000045	-0.000776	-0.000115	-0.000430	-0.000513	-0.000986
HG00183	-0.083797	-0.058923	-0.041959	-0.001452	0.000135	-0.003307	0.000255	0.001712	0.001596	0.000865
HG00185	-0.079265	-0.068349	-0.053222	-0.032833	0.000690	-0.003152	0.000208	0.003561	0.000165	-0.002140
HG00186	-0.082727	-0.089607	-0.037887	-0.032970	-0.002619	-0.001492	-0.002580	-0.000745	-0.000473	-0.003056
HG00187	-0.073009	-0.083610	-0.037114	0.001610	-0.002289	0.001064	0.002282	0.002481	0.004719	-0.000577
HG00188	-0.073529	-0.086176	-0.028365	-0.045014	-0.000845	-0.000152	-0.000152	-0.001142	-0.001385	-0.005041
HG00189	-0.070329	-0.093186	-0.034882	-0.035259	0.000406	-0.002525	0.003968	0.000616	0.002941	-0.000114
HG00190	-0.072810	-0.098530	-0.030937	-0.016558	-0.004469	-0.004094	0.003452	0.000621	0.003088	0.002511
HG00231	-0.073858	-0.087856	-0.026171	-0.037462	-0.002994	-0.001337	0.002140	0.002648	-0.000784	-0.000411
HG00232	-0.071773	-0.103065	-0.030057	-0.036866	-0.001219	-0.002581	0.000477	-0.000836	0.001577	-0.001552
HG00233	-0.071583	-0.093477	-0.036571	-0.042976	-0.001274	0.001656	0.000219	-0.003417	-0.002615	-0.003670
HG00234	-0.066363	-0.094618	-0.015848	-0.029274	0.001660	0.004409	-0.002115	0.001622	-0.001914	-0.001754
HG00235	-0.064728	-0.093736	-0.013492	-0.051328	-0.003566	0.001094	-0.002172	0.001605	0.001167	-0.003481
HG00236	-0.071463	-0.093742	-0.036479	-0.045554	-0.001371	-0.000212	0.005010	-0.001614	0.002426	-0.005682
HG00237	-0.074499	-0.100719	-0.045071	-0.057260	0.000406	0.000830	0.002046	-0.002881	-0.002854	0.004373
HG00238	-0.070068	-0.097239	-0.024638	-0.042227	-0.002115	-0.000298	0.002140	-0.001211	0.000470	0.002916
HG00239	-0.070932	-0.096101	-0.012927	-0.043539	-0.000168	-0.001006	0.002742	-0.002016	0.006063	-0.002286
HG00240	-0.079201	-0.098038	-0.034856	-0.054358	-0.001965	0.002112	0.000267	0.000545	-0.002608	0.001527
HG00242	-0.083846	-0.090426	-0.016003	-0.002252	-0.000152	0.001915	0.003058	-0.000312	0.003357	0.001502
HG00243	-0.078822	-0.089225	-0.026253	-0.024692	-0.005626	-0.000727	0.001469	-0.002218	-0.000433	0.001720
HG00244	-0.072067	-0.089751	-0.025985	-0.055351	-0.000239	0.001396	-0.000262	-0.000587	-0.000146	-0.003454
HG00245	-0.072506	-0.070882	-0.034237	-0.033302	-0.004785	0.001394	-0.001440	0.000053	0.002955	-0.004160
HG00246	-0.075310	-0.079383	-0.030357	-0.034346	0.003727	-0.001737	0.000580	0.001252	0.005251	0.001645
HG00250	-0.076411	-0.089756	-0.035850	-0.041604	-0.001964	-0.000620	-0.000209	-0.000448	0.001626	-0.003189
HG00251	-0.071428	-0.088945	-0.023577	-0.048590	-0.003555	0.001477	0.003947	-0.000263	-0.000893	-0.002982
HG00252	-0.084393	-0.092179	-0.033976	-0.053376	-0.006228	0.003557	-0.003995	-0.000919	0.002566	-0.003026
HG00253	-0.075439	-0.099132	-0.021261	-0.029321	-0.003250	-0.005935	0.003077	0.000304	0.003601	0.000480
HG00254	-0.079033	-0.095659	-0.047617	-0.053340	-0.001400	0.003392	0.000167	-0.005456	0.000057	-0.001324
HG00255	-0.076908	-0.090331	-0.042034	-0.037048	-0.000338	-0.003259	0.003241	0.002289	0.001916	-0.003638
HG00256	-0.066296	-0.089912	-0.032970	-0.049081	0.004484	-0.002163	0.007701	-0.002695	-0.000836	0.001471
HG00257	-0.069768	-0.103464	-0.041546	-0.034068	-0.004445	0.001429	-0.002332	0.001905	0.002746	-0.001417
HG00258	-0.080876	-0.093109	-0.041314	-0.024991	-0.002552	-0.004063	0.002153	0.000756	-0.002923	0.002229
HG00259	-0.077552	-0.098040	-0.023666	-0.041169	-0.005964	-0.006882	0.001947	0.001294	0.000135	-0.000651
HG00260	-0.072462	-0.102970	-0.029002	-0.042611	-0.001859	-0.003409	-0.001748	0.000554	0.003718	-0.001695
HG00261	-0.084349	-0.105715	-0.038215	-0.009640	0.000284	-0.000841	0.005220	0.004570	-0.001787	0.001193
HG00262	-0.073932	-0.080546	-0.044350	-0.046957	-0.001159	-0.002359	-0.000323	-0.002287	0.002283	-0.003069
HG00263	-0.072330	-0.097973	-0.030220	-0.040585	-0.000178	-0.007374	0.005865	-0.000206	0.004513	-0.004662
HG00264	-0.073050	-0.091621	-0.028500	-0.053986	-0.000212	-0.001403	0.003121	-0.000135	0.004206	0.001584
HG00265	-0.078001	-0.096210	-0.035528	-0.047712	0.000382	-0.002956	-0.000078	-0.001043	0.000508	0.000702
HG00266	-0.076772	-0.056384	-0.022988	-0.029735	0.000164	-0.000049	0.000122	0.005178	0.000754	0.003713
HG00267	-0.077623	-0.070727	-0.036296	-0.037137	-0.001345	0.000968	-0.000207	-0.000039	0.002239	0.000724
HG00268	-0.077726	-0.092608	-0.032644	-0.029440	-0.000168	-0.000863	0.002651	0.001231	0.001719	0.000657
HG00269	-0.085211	-0.072074	-0.021568	-0.045311	-0.002318	-0.003777	-0.002351	0.002923	-0.000193	-0.001400
HG00271	-0.072386	-0.086816	-0.044467	-0.052870	-0.003384	0.001509	0.004410	0.002427	0.000433	-0.002330
HG00272	-0.080100	-0.076719	-0.027392	-0.011087	-0.003726	-0.002680	0.001543	0.001128	0.001323	0.000609
HG00273	-0.075504	-0.087133	-0.043674	-0.055345	-0.002618	0.003482	0.004922	-0.003733	-0.001085	-0.003631
HG00274	-0.081776	-0.067901	-0.037698	-0.041005	-0.001203	0.002071	0.000379	0.001535	-0.001520	-0.001213
HG00275	-0.070674	-0.073656	-0.025424	-0.043408	-0.001236	-0.002575	0.001163	0.001594	-0.000602	0.001830
HG00276	-0.074813	-0.064708	-0.015159	-0.019021	-0.002295	-0.002100	0.000274	0.002725	-0.000242	0.000257
HG00277	-0.071780	-0.094265	-0.026903	-0.041129	-0.004791	-0.000518	-0.001619	0.001677	0.001178	-0.005544
HG00278	-0.083334	-0.068355	-0.037455	-0.052974	-0.003198	-0.000292	-0.002038	0.001489	0.002865	-0.002109
HG00280	-0.078221	-0.062830	-0.037526	-0.008840	0.000548	-0.004604	-0.001657	0.002945	-0.000500	0.004554
HG00281	-0.079653	-0.072228	-0.027569	-0.025343	-0.001799	-0.004030	0.000078	0.005492	0.001716	-0.000893
HG00282	-0.068555	-0.079876	-0.029474	-0.046356	-0.003161	0.002078	0.001595	-0.000370	0.000085	-0.002924
HG00284	-0.085946	-0.068262	-0.036015	-0.049282	-0.005335	-0.000629	-0.000753	0.004021	0.002069	-0.000993
HG00285	-0.072936	-0.084220	-0.025929	-0.039875	-0.003548	-0.004559	-0.000737	-0.002813	-0.001198	-0.000203
HG00288	-0.080045	-0.082193	-0.034025	-0.043333	-0.000774	0.003353	-0.002805	0.000213	0.001073	-0.001865
HG00290	-0.067801	-0.078156	-0.021971	-0.047082	0.002159	-0.002482	-0.001090	-0.000293	-0.000512	0.001067
HG00304	-0.077416	-0.075445	-0.025283	-0.023871	-0.005269	-0.003782	0.001407	-0.000074	0.002679	-0.001979
HG00306	-0.071103	-0.080569	-0.027318	-0.053485	-0.002714	-0.002422	0.001422	0.000786	-0.001782	-0.002578
HG00308	-0.077682	-0.084801	-0.036822	-0.039694	-0.003953	-0.001832	0.000322	-0.001404	-0.001270	-0.002340
HG00309	-0.070367	-0.088156	-0.012868	-0.035638	-0.002030	-0.005980	-0.001137	-0.001109	0.000026	-0.005157
HG00310	-0.076792	-0.068747	-0.034177	-0.036829	0.000308	0.000241	-0.003414	0.003768	0.004337	-0.002994
HG00311	-0.076453	-0.090702	-0.032056	-0.031351	-0.002622	-0.000759	0.000954	0.000607	-0.000785	-0.002019
HG00313	-0.075417	-0.078379	-0.035068	-0.038696	-0.002214	-0.001539	0.002380	0.001147	0.005607	-0.002471
HG00315	-0.077264	-0.060420	-0.027441	-0.038864	-0.003383	0.001455	0.000343	-0.001557	-0.003168	0.000056
HG00318	-0.071153	-0.076773	-0.026593	-0.039932	-0.001952	-0.001234	-0.001726	-0.000079	0.000771	0.001173
HG00319	-0.077516	-0.071068	-0.035283	-0.061715	0.000528	-0.003429	0.000172	0.002917	-0.003157	0.000480
HG00320	-0.079509	-0.042958	-0.020765	-0.024290	-0.000554	-0.005338	0.001251	-0.000692	-0.002115	0.000843
HG00321	-0.084214	-0.074425	-0.032228	-0.023348	-0.002966	-0.001270	0.002355	-0.000049	0.002285	0.001670
HG00323	-0.077531	-0.080030	-0.030666	-0.023393	-0.002122	-0.001009	0.002692	-0.000064	0.003946	-0.003023
HG00324	-0.076531	-0.068110	-0.036520	-0.050770	-0.002498	0.004805	0.001828	-0.002268	-0.001722	-0.003654
HG00325	-0.077467	-0.078462	-0.033444	-0.033333	-0.002422	-0.002978	0.001449	0.000951	0.002369	-0.002676
HG00326	-0.079936	-0.069524	-0.029159	-0.027318	0.000254	0.003244	-0.001472	0.001070	-0.000154	0.001103
HG00327	-0.080653	-0.082536	-0.035615	-0.042494	-0.000909	0.004718	0.001558	0.001591	0.001141	-0.000596
HG00328	-0.078767	-0.084874	-0.038059	-0.019707	-0.005309	-0.000033	-0.001564	0.000273	-0.000852	-0.002008
HG00329	-0.082494	-0.070544	-0.036887	-0.012437	0.000663	-0.001910	-0.002065	0.002169	-0.001545	0.001269
HG00330	-0.078681	-0.089449	-0.027664	-0.029538	-0.001324	-0.004436	0.002855	-0.001066	0.000947	-0.003055
HG00331	-0.077107	-0.070509	-0.036728	-0.036448	-0.000353	-0.000199	0.003650	0.001332	0.003738	-0.001655
HG00332	-0.079839	-0.070905	-0.035414	-0.046212	-0.002548	-0.000141	-0.001179	0.001280	-0.000646	0.000352
HG00334	-0.078116	-0.088601	-0.036464	-0.047348	-0.002304	-0.004015	0.000937	0.002452	0.000682	-0.002473
HG00335	-0.077252	-0.092825	-0.038157	-0.027451	-0.000630	-0.003832	-0.001010	-0.000952	0.002391	0.002286
HG00336	-0.074205	-0.094750	-0.023509	-0.026367	-0.003553	-0.002993	0.002882	0.002616	0.001290	-0.000127
HG00337	-0.065748	-0.075775	-0.030511	-0.044016	-0.001913	-0.003224	0.001429	0.000014	0.003381	0.000472
HG00338	-0.068301	-0.070177	-0.029983	-0.045592	-0.002504	0.001068	-0.001715	-0.001360	-0.000147	0.000141
HG00339	-0.079811	-0.076613	-0.030521	-0.035102	-0.004019	0.005822	-0.000924	0.000741	0.005568	-0.002714
HG00341	-0.078107	-0.068582	-0.030197	0.001796	-0.002639	-0.003525	0.002632	0.000814	0.000057	0.000808
HG00342	-0.089085	-0.066598	-0.045723	-0.043073	-0.006392	-0.001334	-0.000033	0.001108	0.001430	-0.001930
HG00343	-0.065094	-0.089987	-0.022817	-0.053985	0.000375	0.000209	0.001734	0.000485	0.001062	-0.001203
HG00344	-0.074612	-0.082566	-0.033777	-0.051645	-0.001073	0.005450	0.001841	-0.004463	-0.003060	-0.000386
HG00345	-0.078081	-0.080266	-0.034001	-0.026788	-0.003024	0.002303	0.001172	-0.001964	0.002055	-0.002870
HG00346	-0.076136	-0.083403	-0.030843	-0.034087	-0.002697	-0.003136	-0.002028	0.002233	0.000380	0.000045
HG00349	-0.082396	-0.084214	-0.028195	-0.032648	-0.003399	-0.000592	-0.000458	0.002637	0.006550	-0.002852
HG00350	-0.074034	-0.103131	-0.030513	-0.051997	-0.002243	0.002277	-0.000238	0.002962	0.001182	-0.003234
HG00351	-0.079473	-0.060514	-0.022260	-0.040811	-0.001716	-0.005759	0.002897	-0.000559	0.000623	-0.002647
HG00353	-0.071181	-0.089055	-0.034560	-0.052071	-0.001164	-0.003535	-0.000006	0.000365	0.000875	-0.002221
HG00355	-0.076702	-0.076681	-0.020333	-0.050074	-0.005355	-0.003397	0.000243	0.000347	0.000531	-0.001046
HG00356	-0.069948	-0.085739	-0.031541	-0.053694	-0.001735	-0.000669	0.000192	0.000615	0.002454	0.001702
HG00357	-0.086698	-0.070753	-0.028381	-0.051589	-0.004067	-0.000739	0.000246	0.001842	-0.000176	-0.000297
HG00358	-0.074791	-0.088714	-0.031696	-0.054941	-0.001842	-0.010461	-0.000717	0.001664	0.001304	-0.001279
HG00360	-0.075734	-0.065531	-0.021909	-0.015244	-0.002107	0.003620	0.000470	-0.000425	0.002702	-0.003156
HG00361	-0.079561	-0.081651	-0.031797	-0.036829	0.004938	0.003986	-0.007603	0.005094	-0.004269	-0.005036
HG00362	-0.076190	-0.073358	-0.022833	-0.037384	-0.000401	0.001767	0.000370	-0.000427	0.001077	-0.001448
HG00364	-0.083404	-0.078988	-0.031563	-0.040411	-0.002097	-0.007658	-0.001626	0.003279	0.000179	-0.002994
HG00365	-0.084113	-0.066507	-0.038609	-0.039575	-0.004198	-0.002128	-0.000014	0.000056	0.001667	-0.003204
HG00366	-0.074690	-0.089730	-0.025269	-0.008482	-0.003544	-0.003465	0.004509	0.005013	0.001896	0.000520
HG00367	-0.079330	-0.064486	-0.042481	-0.032606	0.000751	-0.002922	-0.001658	0.004504	-0.002208	-0.001318
HG00368	-0.073712	-0.092431	-0.020586	-0.029567	-0.002038	0.000802	0.000100	0.000981	0.000027	-0.000965
HG00369	-0.077229	-0.082266	-0.031543	-0.053534	-0.001897	-0.003477	0.000062	-0.000017	-0.001002	-0.001401
HG00371	-0.080945	-0.078326	-0.023430	-0.042717	-0.005954	0.000370	-0.001038	0.002635	0.006359	-0.004541
HG00372	-0.078779	-0.088990	-0.033029	-0.049968	-0.002354	-0.003414	0.000632	-0.000936	-0.002445	0.001186
HG00373	-0.084140	-0.078060	-0.024664	-0.041624	-0.002380	0.001927	0.000159	-0.001750	0.000687	-0.003038
HG00375	-0.083951	-0.077408	-0.027112	-0.017235	-0.003152	-0.004192	0.001003	0.000602	0.002854	0.000310
HG00376	-0.078993	-0.087517	-0.038782	-0.052538	-0.001359	0.000412	0.002380	-0.000455	0.000967	0.000322
HG00378	-0.070857	-0.076551	-0.032143	-0.008412	-0.002046	-0.001589	0.001555	0.002627	0.003927	-0.002018
HG00379	-0.074081	-0.060749	-0.031315	-0.013420	-0.000030	0.002217	0.003376	0.001311	0.001023	-0.002033
HG00380	-0.085912	-0.072825	-0.028292	-0.021580	-0.002344	0.002901	0.001417	-0.002769	-0.002184	-0.003503
HG00381	-0.084334	-0.086164	-0.028073	0.001669	0.002257	-0.000438	0.004501	-0.005619	0.000007	0.004868
HG00382	-0.074188	-0.087676	-0.030520	-0.042692	-0.003817	0.001715	0.004030	0.001341	-0.000648	0.000362
HG00383	-0.076778	-0.067961	-0.045408	-0.049608	-0.002800	-0.002373	-0.005846	0.000788	-0.001690	0.003177
HG00384	-0.079802	-0.089560	-0.029011	-0.044003	-0.002235	0.000279	-0.002457	-0.000819	0.002222	-0.003105
HG00403	-0.096758	0.118227	-0.010031	-0.038431	-0.000429	0.003482	-0.003327	0.003132	-0.003318	-0.000180
HG00404	-0.096836	0.150656	-0.021922	-0.037643	0.002225	-0.000427	-0.003191	0.002607	-0.001087	-0.000770
HG00406	-0.097864	0.113241	-0.020405	0.010738	0.001916	0.001304	0.003697	0.000617	0.000430	-0.000815
HG00407	-0.098611	0.123279	-0.011188	-0.015989	0.000063	-0.005917	-0.000040	-0.000050	-0.000976	-0.001149
HG00409	-0.094817	0.148111	-0.024465	-0.037607	-0.001323	0.003901	0.004307	-0.002596	0.004281	0.002730
HG00410	-0.092112	0.127718	-0.016077	-0.001518	-0.004276	0.003405	0.004596	0.003437	0.001836	0.004564
HG00419	-0.101549	0.134025	-0.010617	-0.034247	-0.003095	-0.000138	0.000405	0.002734	-0.000207	0.002816
HG00421	-0.101518	0.138717	-0.029909	-0.036885	0.002073	-0.002499	-0.001385	0.000589	-0.008821	-0.000642
HG00422	-0.100556	0.131232	-0.018773	0.010244	0.004432	0.004854	0.002620	-0.002942	-0.003103	0.000148
HG00428	-0.099499	0.122392	-0.005555	-0.038183	-0.000197	0.003041	-0.002258	0.003368	-0.003225	0.001453
HG00436	-0.097525	0.112608	-0.012197	-0.010284	-0.000871	-0.005048	0.000481	0.000108	0.000389	0.000612
HG00437	-0.103830	0.133930	-0.026786	-0.031173	-0.000478	-0.002639	-0.001721	0.001447	-0.002109	-0.000835
HG00442	-0.098812	0.120706	-0.023990	-0.029970	-0.001797	-0.004151	-0.002284	-0.000400	-0.005077	-0.001611
HG00443	-0.105018	0.131573	-0.018704	-0.030979	0.000798	0.001088	0.003180	0.002398	-0.001012	0.000460
HG00445	-0.093020	0.138688	-0.023220	-0.029786	-0.000477	-0.000707	-0.005417	-0.001262	-0.003158	0.000331
HG00446	-0.101413	0.132244	-0.021169	-0.035397	0.001087	-0.002045	0.006351	-0.003095	0.002711	0.002027
HG00448	-0.096199	0.127467	-0.028577	-0.022604	-0.001069	0.003886	-0.002215	-0.000631	-0.000892	-0.002203
HG00449	-0.100920	0.129813	-0.018030	-0.008183	0.001590	0.005381	-0.000647	-0.000353	-0.002691	-0.000711
HG00451	-0.103370	0.138045	-0.019973	-0.037362	-0.000804	-0.002596	0.000276	-0.000542	0.000102	-0.002221
HG00452	-0.099377	0.141852	-0.021413	-0.041530	-0.001477	0.001575	-0.003464	-0.000273	-0.001577	0.002788
HG00457	-0.097596	0.119782	-0.002575	-0.028287	0.001510	-0.004163	0.000076	0.000443	0.001779	0.001073
HG00458	-0.094751	0.134491	-0.015885	-0.044840	-0.000685	-0.005071	-0.000140	0.001354	0.002013	-0.002983
HG00463	-0.094310	0.141971	-0.019884	-0.036547	0.000129	0.004750	-0.000188	-0.000615	0.003640	-0.000211
HG00464	-0.104819	0.122420	-0.021543	-0.022540	-0.001585	-0.002381	0.001821	-0.000387	0.004927	0.002965
HG00472	-0.100546	0.134727	-0.027197	-0.004628	-0.000239	-0.000912	0.004460	0.001185	0.000151	0.002777
HG00473	-0.099508	0.130285	-0.007702	-0.025698	0.000896	-0.007562	-0.000834	-0.000259	-0.000412	-0.005550
HG00475	-0.095201	0.128147	-0.012206	-0.028090	-0.000072	0.004034	0.004118	-0.005328	0.001919	0.001539
HG00476	-0.101187	0.122577	-0.028835	-0.009724	0.000170	-0.003688	0.001405	0.000909	-0.001500	0.000265
HG00478	-0.103781	0.137852	-0.030717	-0.026344	0.000790	0.001016	-0.002400	-0.000122	0.003901	-0.000039
HG00479	-0.100298	0.135470	-0.021983	-0.033435	-0.002806	-0.000531	-0.000800	-0.000631	0.006679	-0.000188
HG00500	-0.101034	0.142398	-0.021508	-0.007016	-0.004474	-0.000167	0.001431	0.001834	0.001409	-0.000634
HG00513	-0.098568	0.122507	-0.003507	-0.040046	-0.001805	-0.000755	0.002793	-0.002660	0.001039	0.005139
HG00524	-0.089776	0.122633	-0.014404	-0.015228	0.002102	-0.002203	-0.000266	0.000648	0.000457	0.001363
HG00525	-0.100420	0.132543	-0.019071	-0.034481	-0.001585	0.001348	-0.003015	0.000864	-0.002862	0.002657
HG00530	-0.100946	0.137779	-0.019787	-0.033398	-0.000310	-0.002236	0.003782	0.002509	-0.001025	-0.000294
HG00531	-0.092496	0.136922	-0.023244	-0.034850	-0.001479	-0.003213	0.000357	-0.001774	0.000312	-0.001106
HG00533	-0.097696	0.126345	-0.027617	-0.032866	0.001909	0.004011	0.001812	-0.000154	0.001555	0.000088
HG00534	-0.097775	0.128545	-0.019154	-0.030413	-0.003100	0.000049	-0.001723	-0.002532	0.000687	-0.000860
HG00536	-0.098727	0.125305	-0.019813	-0.010237	-0.000939	0.000136	-0.000479	-0.001824	0.001326	0.001870
HG00537	-0.098487	0.131107	-0.017572	-0.025556	0.000325	0.000211	-0.001791	0.003084	-0.000843	-0.002458
HG00542	-0.097080	0.132121	-0.019887	-0.036279	-0.002765	-0.001716	-0.000573	-0.000643	0.000022	0.002210
HG00543	-0.100030	0.126061	-0.031767	-0.011626	0.001688	-0.002049	0.000042	-0.001049	0.001400	0.000205
HG00551	-0.065932	-0.084288	-0.044568	-0.031538	0.003436	0.003481	0.005368	-0.008875	0.002339	-0.003986
HG00553	0.033822	-0.042977	-0.038268	0.023804	0.025544	-0.000111	-0.012472	-0.012732	0.001809	0.022454
HG00554	-0.067232	-0.084673	-0.025810	-0.033873	0.002861	-0.003239	-0.003478	-0.003244	0.001271	0.002863
HG00556	-0.098240	0.125710	-0.005864	-0.034831	0.001759	-0.003556	-0.000655	0.000119	0.001640	-0.006008
HG00557	-0.103098	0.152940	-0.017862	-0.037326	0.001822	0.000553	0.002336	0.002308	-0.002036	0.002191
HG00559	-0.100013	0.131236	-0.013644	-0.019609	-0.004219	-0.002399	-0.002864	-0.003553	-0.002157	0.000154
HG00560	-0.102226	0.133162	-0.018112	-0.020198	-0.003372	0.000706	-0.003510	0.000267	-0.000758	-0.000509
HG00565	-0.098353	0.141011	-0.021136	-0.030636	0.000390	0.000546	-0.001177	-0.000035	-0.001913	0.000479
HG00566	-0.102205	0.120998	-0.014024	-0.031511	-0.003366	-0.001138	0.001989	-0.001135	-0.000571	0.001845
HG00580	-0.105217	0.132758	-0.024345	0.000846	0.000234	-0.002894	0.003131	-0.000192	0.001666	0.001651
HG00581	-0.096234	0.121651	-0.017555	-0.028054	-0.002071	0.003336	0.000756	0.000289	-0.000530	-0.002953
HG00583	-0.097055	0.143854	-0.016747	-0.032627	0.000766	0.003861	0.001790	-0.004302	-0.002147	0.002258
HG00584	-0.105729	0.145665	-0.012768	-0.018501	-0.002324	-0.000879	0.001064	0.000814	0.001197	0.000071
HG00589	-0.096545	0.127272	-0.015879	-0.006924	-0.002990	0.000297	0.000481	0.002906	0.003808	0.002225
HG00590	-0.096344	0.121121	-0.008277	-0.030329	0.000006	-0.001537	-0.001961	0.002039	0.000858	0.001265
HG00592	-0.096708	0.125018	-0.009988	-0.021072	-0.000295	-0.002619	0.002150	-0.000913	-0.001693	0.001408
HG00593	-0.098255	0.139217	-0.026943	-0.028170	0.001174	-0.000309	0.001512	-0.003544	0.002087	-0.000091
HG00595	-0.103030	0.141135	-0.008419	-0.015787	-0.001175	-0.002684	0.000192	-0.000858	0.002525	0.001291
HG00596	-0.106157	0.134232	-0.017668	-0.005027	-0.000911	0.001180	-0.001638	0.001381	-0.001555	0.000151
HG00598	-0.096191	0.135086	-0.011431	-0.019433	0.001110	0.005245	-0.008633	0.001848	-0.011385	-0.007970
HG00599	-0.098621	0.136610	-0.022246	-0.039677	-0.005213	0.001794	0.000965	-0.002706	0.004478	-0.001764
HG00607	-0.101592	0.123897	-0.018616	-0.009641	-0.000799	-0.002326	0.002804	0.000296	-0.002493	-0.000688
HG00608	-0.103892	0.130538	-0.020254	-0.029748	-0.000620	-0.000233	0.001122	-0.001205	0.000754	0.001461
HG00610	-0.099835	0.128633	-0.000015	-0.008612	0.000261	0.003451	-0.004074	0.001963	-0.004071	0.001680
HG00611	-0.092682	0.121629	-0.012922	-0.016685	0.002177	-0.000518	0.001304	-0.001050	-0.000407	-0.000776
HG00613	-0.097262	0.137214	0.001271	-0.029519	0.001626	0.005843	0.001200	0.002360	-0.007674	0.000867
HG00614	-0.093099	0.128489	-0.019313	-0.023748	-0.000233	-0.001599	0.001387	-0.001993	-0.004232	0.002949
HG00619	-0.102472	0.143652	-0.028614	-0.021092	0.000295	-0.001633	0.000411	0.001584	-0.000055	-0.000062
HG00620	-0.099369	0.135761	-0.023666	-0.031698	-0.002668	0.003805	-0.001996	0.001765	-0.001104	0.001062
HG00622	-0.098375	0.129712	-0.021334	-0.016261	0.001801	-0.007188	-0.000984	-0.001012	-0.003717	0.000326
HG00623	-0.093231	0.135553	-0.016947	-0.032423	0.000732	0.000326	0.000078	-0.001023	0.006179	0.002540
HG00625	-0.100307	0.125145	-0.011068	-0.028983	-0.000652	0.003339	-0.001407	0.002210	0.002092	-0.001649
HG00626	-0.097347	0.110933	-0.015192	-0.010966	0.002297	-0.003092	-0.000879	0.002439	-0.004549	0.000294
HG00628	-0.093026	0.124540	-0.012887	-0.019309	0.001840	-0.001706	0.004686	-0.001894	0.004634	-0.001469
HG00629	-0.108143	0.115527	-0.024977	-0.011430	-0.000915	-0.000550	0.000543	0.000125	0.001666	0.002011
HG00631	-0.094409	0.137151	-0.031210	-0.038258	-0.000298	-0.001023	0.004112	-0.002461	-0.000702	0.001057
HG00632	-0.106524	0.146338	-0.022425	-0.015768	-0.002040	0.000533	0.002870	-0.002148	0.006591	0.001745
HG00634	-0.099123	0.123290	-0.014835	0.007392	0.000476	-0.002309	0.002293	-0.000084	-0.000245	0.000250
HG00637	-0.036986	-0.052132	-0.035461	0.001041	-0.007798	0.008247	-0.002782	-0.001633	0.002386	0.005031
HG00638	-0.010964	-0.034268	-0.053988	0.049405	0.002986	-0.027177	0.001351	0.000138	0.003283	0.005727
HG00640	-0.069472	-0.076077	-0.038049	-0.021835	0.002336	0.004211	-0.005125	0.001964	-0.003729	-0.000919
HG00641	-0.045513	-0.080693	-0.040631	-0.004186	0.006967	0.008982	0.001267	0.000478	0.002028	0.005109
HG00650	-0.101713	0.121132	-0.017058	-0.023433	-0.000802	0.002273	0.003183	0.000042	0.003316	-0.001409
HG00651	-0.091873	0.133248	-0.015676	-0.023760	0.002684	-0.003535	0.001921	-0.001533	0.000109	0.001905
HG00653	-0.100505	0.136019	0.000490	-0.025089	-0.004848	0.001345	0.001411	-0.000346	-0.001416	0.001077
HG00654	-0.098261	0.139501	0.010154	-0.026205	0.000056	0.001959	0.001093	0.000522	-0.000926	-0.002923
HG00656	-0.101398	0.133882	0.000898	-0.024783	-0.003331	-0.001380	0.002084	0.000179	0.001410	0.002505
HG00657	-0.092693	0.122494	-0.022019	-0.031096	-0.001641	-0.000897	0.000663	-0.000918	0.003751	-0.000359
HG00662	-0.100100	0.131806	-0.018198	-0.027044	-0.004647	0.000783	0.003070	-0.001673	-0.000761	0.001182
HG00663	-0.097628	0.137221	-0.027879	-0.029290	0.000653	-0.002609	0.001631	-0.001428	-0.002242	0.001733
HG00671	-0.103536	0.132249	-0.016680	-0.023468	-0.001333	-0.001416	-0.000634	0.002309	0.000935	-0.000599
HG00672	-0.095921	0.122834	-0.008455	-0.001087	-0.003426	-0.002582	0.000942	-0.000978	-0.004084	-0.000867
HG00674	-0.099348	0.126423	-0.012787	0.003438	0.000923	-0.005842	0.005471	-0.000764	0.004264	-0.001877
HG00675	-0.103788	0.130540	-0.012116	-0.037689	-0.002247	0.004795	0.000002	-0.000040	0.001830	0.000564
HG00683	-0.101147	0.139623	-0.022115	-0.030161	-0.000220	-0.000545	0.002089	-0.001209	0.000970	-0.001973
HG00684	-0.099567	0.140185	-0.023771	-0.017483	-0.001140	-0.000752	0.002253	-0.002023	0.002021	0.000907
HG00689	-0.097436	0.117153	-0.016059	-0.032655	0.003585	-0.002429	0.002831	0.001477	0.003023	0.001867
HG00690	-0.094940	0.115099	-0.010256	-0.021896	-0.001553	0.000393	-0.000859	0.000335	0.004242	-0.001426
HG00692	-0.097753	0.130507	-0.015565	-0.017659	-0.001401	0.002962	-0.000207	-0.002016	-0.002325	0.000266
HG00693	-0.099316	0.128612	-0.026823	-0.028265	-0.001772	0.003339	0.000324	0.000047	-0.000304	-0.000229
HG00698	-0.099133	0.124755	-0.011310	-0.005450	-0.003585	-0.002270	0.000424	-0.000937	-0.002470	0.000972
HG00699	-0.099381	0.131001	-0.012176	-0.018169	-0.003340	-0.001859	-0.001697	-0.001139	-0.001086	0.002369
HG00701	-0.096729	0.123986	-0.022890	-0.029046	0.000444	0.001971	-0.001176	-0.001042	-0.000242	0.000754
HG00704	-0.107263	0.128622	-0.018730	-0.009623	-0.000010	-0.002473	-0.000734	0.002952	-0.003349	0.000553
HG00705	-0.097407	0.122537	-0.015733	-0.031008	-0.000580	-0.002874	0.003356	-0.001312	-0.001938	-0.002297
HG00707	-0.097604	0.124267	-0.011525	-0.016097	0.000677	0.001553	0.000864	-0.003225	-0.000322	0.002393
HG00708	-0.096642	0.134647	-0.020165	-0.021561	0.000520	0.004190	0.002039	0.001180	-0.001316	-0.000377
HG00717	-0.094446	0.132663	-0.024135	-0.020683	0.001404	0.001747	-0.000556	0.001156	0.004683	-0.001024
HG00728	-0.104079	0.139627	-0.015453	-0.027444	0.001541	0.001638	-0.004759	0.001312	-0.005235	0.000457
HG00729	-0.104413	0.133412	-0.014416	-0.018401	-0.002231	-0.001179	-0.001207	0.000680	-0.001245	0.001032
HG00731	-0.067175	-0.102627	-0.054416	-0.066192	-0.000140	0.002761	0.001854	0.000986	0.000638	-0.001116
HG00732	-0.060637	-0.081931	-0.027553	-0.032534	-0.001826	0.001985	-0.002667	-0.006757	-0.004271	0.004049
HG00734	-0.022668	-0.055818	-0.039055	0.009338	0.004137	0.002878	0.004992	0.002484	0.002619	0.001635
HG00736	-0.072008	-0.084386	-0.040585	-0.011881	0.003566	-0.004021	0.003184	-0.001103	0.004306	0.000064
HG00737	-0.054076	-0.077629	-0.041931	0.004662	-0.000252	0.000374	0.000589	0.000136	0.003591	-0.006106
HG00739	-0.071565	-0.087474	-0.021757	-0.042058	0.001032	-0.000841	-0.000557	-0.000595	-0.005185	0.003625
HG00740	-0.054883	-0.061991	-0.044514	0.025702	0.001020	0.002001	0.007717	0.002781	-0.003898	0.010943
HG00742	-0.046370	-0.068676	-0.026223	-0.035823	-0.002431	0.006428	0.001091	-0.006981	0.001014	0.001838
HG00743	-0.057660	-0.075439	-0.048238	0.011555	-0.003972	-0.002725	0.001592	-0.002882	-0.001564	-0.000043
HG00759	-0.107149	0.140397	-0.020804	-0.039920	-0.002314	0.001628	-0.002181	0.000223	0.004912	0.001775
HG00766	-0.099065	0.143766	-0.002877	-0.039919	-0.000541	0.000898	-0.000960	0.001365	-0.000993	-0.000349
HG00844	-0.101134	0.148348	-0.011153	-0.037695	-0.001050	0.003668	-0.000935	-0.000273	0.000878	-0.000277
HG00851	-0.097974	0.152044	-0.013939	-0.036800	0.002014	-0.001536	0.006921	-0.005116	0.003809	0.002269
HG00864	-0.098293	0.129724	-0.005912	-0.034147	-0.002718	0.002308	0.002385	0.002639	-0.000783	0.001051
HG00867	-0.092311	0.137887	-0.005167	-0.028575	-0.002700	0.004054	0.002651	-0.003866	0.000869	0.002523
HG00879	-0.093521	0.127541	-0.006930	-0.009606	0.000150	0.002590	0.001890	0.000912	0.002415	-0.000519
HG00881	-0.101003	0.143181	-0.011663	-0.028652	0.001686	0.005347	-0.001541	-0.001721	-0.000004	-0.002127
HG00956	-0.096495	0.142479	-0.024517	-0.038606	0.005665	0.001640	0.000960	-0.002986	-0.003522	0.002835
HG00978	-0.098921	0.128887	-0.022193	-0.016498	0.000324	0.001685	0.001416	-0.000322	-0.000308	0.002743
HG00982	-0.091228	0.123077	-0.018386	-0.001355	0.002519	-0.002972	0.000332	0.000033	-0.002901	0.003109
HG01028	-0.103403	0.152917	-0.006450	-0.021537	0.000456	0.004078	0.002125	-0.002429	0.001433	0.000753
HG01029	-0.097522	0.144390	-0.003688	-0.012486	-0.000908	0.000721	0.003774	-0.002214	-0.001712	0.003552
HG01031	-0.094232	0.135397	-0.016654	-0.027272	0.000025	0.001377	0.001107	-0.002018	0.003805	-0.000526
HG01046	-0.095495	0.124377	-0.008912	-0.007086	0.000954	-0.002828	0.001780	-0.001819	0.002132	0.005875
HG01047	-0.069445	-0.077332	-0.029530	-0.011861	-0.001910	0.001014	-0.000836	0.000437	-0.000126	0.003505
HG01048	-0.069518	-0.034077	-0.064092	0.048538	-0.002564	-0.001261	-0.000445	0.000601	-0.003268	-0.001238
HG01049	0.044682	-0.032113	-0.027528	0.017863	0.034508	0.012805	0.004350	0.010204	-0.004692	-0.013090
HG01051	-0.048144	-0.061185	-0.042529	-0.005839	-0.002919	0.008487	0.003219	-0.001180	-0.000095	-0.002350
HG01052	-0.010277	-0.058938	-0.026824	-0.023154	-0.000566	0.005011	-0.005930	-0.000983	-0.002857	0.007943
HG01054	-0.066190	-0.068665	-0.055926	0.039087	-0.005432	0.003993	0.001535	-0.003454	0.000614	-0.001637
HG01055	-0.046749	-0.079061	-0.068944	-0.001209	0.005470	-0.002546	0.001712	-0.001120	0.002088	-0.007334
HG01058	-0.064330	-0.045317	-0.066284	0.021937	0.000309	-0.004250	0.001002	-0.004234	-0.000217	0.006442
HG01060	-0.064602	-0.069420	-0.029415	-0.028357	0.000849	-0.001415	0.003195	-0.000047	0.001401	0.003040
HG01061	-0.053409	-0.079133	-0.041434	-0.043217	-0.000671	0.003401	0.004205	0.002652	-0.002302	-0.001171
HG01063	0.021903	-0.065301	-0.035075	-0.024315	-0.004465	0.010776	0.001863	-0.005913	0.006522	-0.003845
HG01064	-0.061117	-0.041046	-0.057106	0.030399	-0.001053	0.000989	-0.003227	-0.000448	-0.000956	0.000439
HG01066	-0.070853	-0.052553	-0.072045	0.021257	0.001002	0.000247	-0.000946	0.000972	-0.003357	0.004330
HG01067	-0.062621	-0.092646	-0.027867	-0.040008	0.000853	-0.000419	-0.001165	-0.000687	0.002632	0.000055
HG01069	-0.067875	-0.076190	-0.037916	-0.035985	-0.002917	-0.000403	-0.004444	0.001790	0.000328	-0.000118
HG01070	-0.047963	-0.061681	-0.031709	0.005363	0.002508	0.001158	0.002719	-0.001411	0.006947	0.001330
HG01072	-0.072279	-0.061648	-0.058462	0.038060	-0.001412	-0.000116	0.000922	0.001066	-0.001387	0.003811
HG01073	-0.049248	-0.022865	-0.057285	0.058206	-0.004909	0.001658	0.003546	-0.002516	0.002194	0.001222
HG01075	-0.074726	-0.088858	-0.039817	-0.033176	0.001043	0.003452	-0.000475	-0.002689	-0.000099	0.002256
HG01077	-0.064854	-0.085964	-0.041104	-0.018673	0.001740	0.001397	0.003608	-0.001058	0.001128	0.003370
HG01079	-0.079738	-0.072741	-0.046405	-0.031493	-0.005633	0.003824	0.000316	-0.001741	0.002408	-0.000114
HG01080	-0.066512	-0.072210	-0.048115	-0.008242	0.002977	0.003297	0.000428	0.000409	-0.003425	0.001791
HG01082	-0.085041	-0.032207	-0.073592	0.097850	-0.001689	-0.001415	-0.005410	0.002333	-0.005751	-0.001672
HG01083	0.025091	-0.040445	-0.041102	0.006560	-0.018804	0.029367	0.000557	-0.008064	0.009301	0.006392
HG01085	-0.074525	-0.064157	-0.048221	-0.004559	0.002482	-0.000264	-0.000828	0.000907	0.001761	0.004957
HG01086	-0.069629	-0.059792	-0.063032	0.009471	0.001627	-0.001757	0.003746	0.001182	0.002449	0.004336
HG01088	-0.001431	-0.070306	-0.024425	-0.017155	-0.001755	0.014023	-0.003387	0.002157	0.003372	-0.000582
HG01089	-0.054215	-0.083536	-0.030776	-0.021432	0.006677	-0.000259	0.004450	-0.005910	0.007043	-0.001851
HG01092	-0.018404	-0.057032	-0.047258	-0.003755	-0.000104	-0.000567	0.000769	-0.003200	0.001177	0.004284
HG01094	-0.044506	-0.063835	-0.034482	-0.000845	0.008240	-0.005279	0.005920	0.006098	0.007227	-0.002511
HG01095	-0.052614	-0.092506	-0.039680	-0.040397	0.000241	0.001631	-0.004992	-0.003585	-0.003073	-0.001871
HG01097	-0.047691	-0.060810	-0.045273	-0.018506	-0.002931	0.002272	0.000457	0.003944	0.001130	-0.001141
HG01098	-0.030997	-0.073496	-0.050726	0.043668	-0.002085	0.011089	-0.001260	0.003262	0.006909	-0.001462
HG01101	0.010805	-0.034292	-0.043155	0.012941	0.002620	0.004005	-0.004338	-0.004265	-0.000873	0.009916
HG01102	0.063073	-0.044388	-0.011471	0.007589	-0.002266	-0.001787	0.006229	0.012316	0.009292	-0.000850
HG01104	-0.071867	-0.085556	-0.037015	-0.022100	-0.000169	0.001664	0.002823	-0.001269	0.002449	-0.000448
HG01105	-0.062889	-0.088396	-0.019415	-0.046719	-0.001707	-0.004839	0.002589	-0.004050	0.005400	0.001561
HG01107	-0.042024	-0.088190	-0.034866	-0.031798	-0.003657	0.006710	-0.001461	-0.002188	-0.002271	-0.002808
HG01108	0.141413	-0.022759	-0.010762	0.003235	-0.025393	0.014139	-0.000047	0.012500	-0.000654	0.008368
HG01110	-0.076308	-0.054233	-0.062893	0.065997	-0.002130	-0.003788	0.000766	0.001779	0.003654	-0.003332
HG01111	-0.067183	-0.061448	-0.041465	0.017871	-0.001692	0.000754	-0.004876	0.002124	0.004437	-0.002696
HG01112	-0.061439	-0.086527	-0.034247	-0.043771	0.000149	-0.002836	0.004345	-0.004135	-0.001152	0.003320
HG01113	-0.073107	-0.048245	-0.054987	0.032060	0.001470	0.001402	-0.002316	-0.002838	-0.000641	0.000805
HG01119	-0.084573	-0.032044	-0.066496	0.081659	0.001105	0.002409	-0.002057	0.004025	-0.000174	0.001120
HG01121	-0.080839	-0.053076	-0.070913	0.094508	0.000610	0.006809	-0.004216	0.001006	-0.000526	-0.001059
HG01122	-0.064774	-0.033501	-0.065024	0.105340	0.003718	0.004105	-0.003447	0.005987	-0.003552	0.005146
HG01124	-0.061507	-0.068821	-0.039531	0.010330	-0.005527	0.007488	0.001640	0.003894	0.005012	-0.001459
HG01125	-0.070188	-0.075386	-0.040576	-0.014656	-0.004677	-0.003843	-0.004890	-0.002979	-0.001015	-0.000370
HG01130	-0.071312	-0.065658	-0.042486	-0.003592	0.000454	0.002401	-0.001860	-0.001210	-0.002040	0.002228
HG01131	-0.036766	-0.068595	-0.047702	0.006845	-0.002057	0.005060	-0.000317	0.000716	0.002082	-0.007538
HG01133	-0.086842	-0.050046	-0.082473	0.138765	0.005114	0.010161	-0.000451	0.000027	0.000649	-0.000605
HG01134	-0.064774	-0.094588	-0.032937	-0.037363	0.001776	0.002017	0.003916	-0.002693	-0.003122	-0.004730
HG01136	-0.002147	-0.028543	-0.053553	0.093013	-0.000036	-0.003809	0.004884	0.004507	0.005155	0.003057
HG01137	-0.053345	-0.044327	-0.063784	0.087137	0.009279	0.004139	-0.003373	-0.001192	-0.003263	0.006920
HG01139	-0.064018	-0.064810	-0.035619	0.005414	0.000358	0.007992	0.014252	0.012610	-0.000563	-0.000775
HG01140	-0.082743	-0.046526	-0.047278	0.062075	-0.001322	0.005976	-0.000182	-0.000786	-0.000692	0.001016
HG01142	-0.005369	-0.053400	-0.034993	-0.000883	-0.002328	-0.000807	-0.005841	0.003745	-0.008597	0.004308
HG01148	-0.075323	-0.071802	-0.038326	-0.011852	0.000118	-0.002052	0.001166	-0.001799	0.003452	0.000637
HG01149	-0.079999	-0.048289	-0.050407	0.054158	0.001651	0.000288	-0.003005	-0.001609	-0.002210	0.002441
HG01161	-0.053442	-0.067239	-0.051094	-0.006345	-0.003041	0.009915	-0.003189	-0.008057	-0.004556	-0.003465
HG01162	-0.060719	-0.074797	-0.039092	0.002915	0.000455	0.001298	-0.001692	-0.001662	0.003667	-0.004336
HG01164	-0.072930	-0.063441	-0.060966	0.028317	0.002825	0.000341	-0.005061	0.001903	-0.001557	0.000145
HG01167	-0.023344	-0.084974	-0.035796	-0.012911	-0.000846	0.005798	-0.003609	0.004077	0.000344	0.001489
HG01168	-0.053466	-0.062152	-0.032750	-0.020883	-0.001116	-0.001160	-0.004753	-0.002008	-0.006039	-0.002430
HG01170	-0.033937	-0.049591	-0.043114	0.005986	-0.006180	0.010201	0.000040	-0.000474	0.002849	-0.014725
HG01171	-0.068589	-0.057111	-0.058639	0.055000	-0.000606	0.001086	-0.004481	-0.001456	-0.004280	0.000344
HG01173	-0.053471	-0.087879	-0.033884	-0.035087	-0.003711	0.002056	0.000714	-0.001936	0.000979	-0.000774
HG01174	-0.063806	-0.090390	-0.034794	-0.027204	0.000915	0.000827	-0.001421	-0.000866	0.000545	0.000745
HG01176	-0.043950	-0.068986	-0.042670	0.014960	-0.004142	-0.000077	0.003081	0.000502	0.008109	-0.002477
HG01177	-0.053574	-0.090223	-0.046468	-0.007288	0.000820	0.005026	-0.002009	0.008611	0.003214	-0.001752
HG01182	-0.041687	-0.078739	-0.040954	-0.015495	0.001598	0.002204	0.001118	-0.001847	0.000287	-0.001031
HG01183	-0.037229	-0.095097	-0.037773	-0.043142	0.001181	-0.001587	-0.005936	0.000886	-0.006835	-0.005433
HG01187	-0.060410	-0.024234	-0.052851	0.061008	0.005152	0.001778	0.000640	0.002358	0.000454	0.003793
HG01188	-0.002425	-0.073718	-0.013245	-0.007590	-0.003949	0.004752	0.002492	0.004304	-0.007098	0.002857
HG01190	-0.019194	-0.085237	-0.043712	-0.022300	-0.007205	0.000568	-0.002975	0.003181	-0.000519	-0.000949
HG01191	-0.027265	-0.013304	-0.061439	0.088825	-0.004841	0.025323	0.002951	-0.005620	0.007093	0.001124
HG01197	-0.056642	-0.049763	-0.063771	0.073626	-0.001543	0.001147	-0.002354	-0.000297	-0.003769	0.001118
HG01198	-0.014920	-0.057762	-0.037978	-0.010391	0.004171	-0.014043	-0.000339	-0.004522	-0.001946	-0.001644
HG01200	-0.061100	-0.059760	-0.045927	-0.016021	0.003247	-0.000463	-0.001124	-0.003283	-0.001843	0.002894
HG01204	-0.070564	-0.076674	-0.054311	-0.013928	-0.001630	0.001247	-0.000015	-0.000515	-0.001802	0.002260
HG01205	-0.077788	-0.081420	-0.033279	-0.035590	0.000457	0.004742	-0.001164	0.000386	0.003339	-0.000358
HG01241	0.079032	-0.036865	-0.020639	-0.024969	0.019357	-0.035590	0.004642	-0.005244	0.016888	-0.016255
HG01242	0.180632	-0.004684	-0.007244	-0.008413	0.021774	-0.041697	0.005351	0.007096	-0.002750	0.007409
HG01247	-0.004665	-0.057918	-0.044301	-0.013075	-0.015774	0.002216	0.002318	-0.009581	0.006849	0.001836
HG01248	-0.051449	-0.099425	-0.026696	-0.044074	-0.000643	0.000582	0.004039	-0.001772	-0.000241	-0.002525
HG01250	-0.073317	-0.072597	-0.028880	-0.007357	0.004586	0.002411	-0.001526	-0.000205	0.003073	-0.000512
HG01251	-0.081987	-0.049131	-0.066007	0.073585	0.001383	-0.001673	-0.004166	0.003154	0.000730	0.002374
HG01253	-0.072718	-0.086563	-0.048494	0.004111	0.001262	0.005534	-0.001390	0.003309	-0.005662	-0.003969
HG01254	-0.056508	-0.045182	-0.044489	0.070604	0.000703	0.000823	0.001510	0.000527	-0.004236	-0.001246
HG01256	-0.070724	-0.068619	-0.022678	0.001939	-0.002552	0.000605	-0.004747	0.003878	0.002252	0.001861
HG01257	-0.050812	-0.083340	-0.020575	-0.002690	0.000257	0.002042	0.000106	0.003236	0.003034	-0.001787
HG01259	-0.064371	-0.082639	-0.027977	-0.036491	-0.000431	-0.001515	-0.001365	0.000853	0.007531	0.002800
HG01260	-0.053569	-0.025393	-0.074351	0.109596	0.006040	-0.005241	-0.004064	-0.001955	0.000686	-0.001997
HG01269	-0.084264	-0.059194	-0.048955	0.023115	0.000904	0.000651	-0.003618	0.001605	-0.001081	0.002625
HG01271	-0.060482	-0.076351	-0.037172	-0.011890	0.000165	-0.004988	-0.004478	0.002459	0.010487	-0.001502
HG01272	0.015967	-0.001331	-0.036495	0.088773	-0.007758	-0.008466	-0.005367	0.001773	0.006835	-0.019333
HG01275	-0.088369	-0.086482	-0.036024	-0.050999	-0.000255	-0.002589	-0.001173	0.002031	-0.000956	0.000727
HG01277	-0.069341	-0.062589	-0.054479	0.034832	-0.000090	0.006259	0.001842	-0.001126	-0.003008	0.000637
HG01280	-0.063165	-0.085770	-0.046347	-0.036349	0.001954	0.007695	-0.003094	-0.001019	0.002869	0.000086
HG01281	-0.067028	-0.081912	-0.034903	-0.031045	-0.001840	0.006114	0.001571	-0.001622	0.000291	-0.000616
HG01284	-0.079948	-0.080247	-0.024463	-0.032255	-0.001737	0.004299	0.003048	-0.001966	0.001090	0.001335
HG01286	0.044836	-0.050065	-0.032589	0.000753	-0.001768	0.004972	-0.000403	-0.021519	-0.004831	0.013115
HG01302	-0.055380	-0.078124	-0.053909	-0.004442	0.000388	0.004921	0.001477	-0.003817	0.001934	0.003116
HG01303	-0.035356	-0.098232	-0.037088	-0.045089	-0.000053	0.006117	-0.000506	-0.003500	0.004622	0.003016
HG01305	0.048711	-0.047361	-0.032564	-0.004271	-0.005067	-0.016400	-0.001557	0.001239	0.000480	0.007275
HG01308	-0.003569	-0.068565	-0.042316	-0.040094	-0.005162	0.023962	-0.002219	0.004125	0.003427	0.002315
HG01311	-0.061614	-0.069636	-0.041199	-0.041550	0.003232	0.005089	0.000259	-0.001716	0.004182	0.005321
HG01312	-0.069136	-0.061759	-0.038902	-0.008193	-0.001349	0.002110	-0.000631	-0.000269	-0.003479	0.000974
HG01323	-0.070164	-0.059622	-0.053592	0.029230	0.000804	-0.001491	-0.001535	-0.001360	0.002642	0.000444
HG01325	0.004370	-0.069554	-0.019026	-0.011822	-0.007680	0.016720	-0.002171	0.001378	-0.004980	-0.000111
HG01326	-0.062183	-0.078979	-0.042408	-0.013529	0.002269	0.005698	0.000422	0.004272	0.004029	0.002513
HG01334	-0.075333	-0.094231	-0.036430	-0.044890	-0.001696	-0.000636	0.000145	-0.002326	-0.001816	-0.000446
HG01341	-0.087231	0.005792	-0.084683	0.129520	0.003569	0.002059	-0.006503	-0.000497	-0.001132	0.000626
HG01342	-0.009427	-0.012416	-0.049505	0.059462	-0.008201	-0.010791	-0.001626	-0.001741	0.010797	-0.003447
HG01344	-0.053206	-0.063922	-0.057093	0.057905	-0.000047	0.000402	0.003129	-0.002665	0.002353	-0.003266
HG01345	-0.075197	-0.048782	-0.065841	0.033586	0.000628	0.000094	-0.005275	-0.002946	0.001224	-0.001085
HG01348	-0.083552	-0.026999	-0.079333	0.121125	0.005935	-0.001904	-0.004100	0.004658	-0.000098	-0.003072
HG01350	-0.059749	-0.041271	-0.054131	0.029487	-0.007122	0.002682	0.003365	-0.001453	0.003930	0.000970
HG01351	-0.077905	-0.070508	-0.054976	0.030676	0.001567	0.002654	-0.000172	0.000834	-0.002466	0.005951
HG01353	-0.076214	-0.063859	-0.053101	0.042473	-0.000714	0.003218	0.003569	-0.001728	0.000996	0.001357
HG01354	-0.076619	-0.051844	-0.060731	0.046786	-0.001735	0.004856	-0.001563	-0.000143	0.000271	0.003079
HG01356	-0.032421	-0.035453	-0.064900	0.106763	-0.007036	0.015189	0.002573	0.003566	0.004973	-0.005642
HG01357	-0.081807	-0.071222	-0.050840	0.012873	-0.000518	-0.000643	-0.001374	-0.000503	0.001015	-0.001086
HG01359	-0.067609	-0.082653	-0.033368	0.006368	0.000557	-0.003153	-0.000163	-0.000319	-0.002204	0.001752
HG01360	-0.068387	-0.051712	-0.062014	0.072790	-0.001549	-0.001523	0.002452	0.000408	0.003556	0.001997
HG01362	-0.068089	-0.040123	-0.063172	0.037921	0.006604	0.000714	0.004064	0.004120	-0.006272	-0.006629
HG01363	-0.021700	-0.043443	-0.046487	0.067347	0.004831	0.018812	0.001806	0.006471	-0.007596	-0.003210
HG01365	-0.085577	-0.019422	-0.059952	0.041584	-0.001693	0.005059	-0.003660	-0.000661	0.002326	-0.001255
HG01366	-0.053908	-0.072969	-0.056566	0.044266	-0.000368	0.001247	0.000788	-0.002719	0.003750	0.000533
HG01369	-0.088270	-0.000354	-0.080877	0.144617	0.003532	0.001975	-0.005173	0.004383	0.000074	-0.001456
HG01372	-0.070684	-0.060490	-0.056178	0.082475	0.003947	-0.001998	-0.003608	0.005296	-0.001183	0.000396
HG01374	-0.069305	-0.046815	-0.059406	0.088634	0.000658	0.000042	0.000190	0.004378	-0.001900	0.003609
HG01375	-0.009639	-0.036654	-0.049976	0.051159	0.003930	0.022011	0.013367	0.009096	0.019011	-0.008880
HG01377	-0.082760	-0.046155	-0.079665	0.081718	0.003964	-0.002002	0.003410	0.001727	-0.000049	-0.000536
HG01378	-0.072773	-0.074737	-0.042664	0.012593	-0.001528	-0.002736	0.001036	-0.000439	0.002685	-0.001337
HG01383	-0.070842	-0.069528	-0.051110	0.014620	0.001244	0.002635	0.001860	0.000755	0.001174	0.002679
HG01384	-0.003150	-0.047049	-0.045122	0.037086	0.017558	-0.000645	-0.010430	0.006138	0.008455	0.008515
HG01389	-0.067750	-0.087339	-0.040066	-0.023137	-0.000155	0.001260	-0.001502	0.000308	0.001651	0.000002
HG01390	0.063578	-0.023938	-0.041321	0.044239	-0.011640	-0.022757	-0.005595	0.008066	0.000703	-0.005449
HG01392	0.022304	-0.057842	-0.026184	-0.009931	-0.009889	0.030254	0.004334	-0.010431	0.002437	0.008813
HG01393	-0.058623	-0.081228	-0.026891	-0.009253	-0.000426	0.005950	0.001352	0.002779	-0.003040	-0.004087
HG01395	-0.078189	-0.058833	-0.037928	0.009890	0.000803	-0.002802	0.001969	-0.000623	0.002268	0.000698
HG01396	-0.033821	-0.080353	-0.031387	-0.014788	-0.003383	0.001848	-0.001489	-0.004810	-0.008539	-0.001813
HG01398	-0.079976	-0.078827	-0.047768	-0.000236	0.001720	-0.003086	0.000551	-0.003832	0.000278	-0.001556
HG01402	-0.005580	-0.049232	-0.042210	0.038971	-0.000088	-0.013414	0.001542	-0.000677	-0.002229	-0.006058
HG01403	-0.016906	-0.042602	-0.042221	0.066224	-0.003847	0.016178	-0.001409	0.004540	0.002545	0.006345
HG01405	-0.041302	-0.070412	-0.033138	-0.049240	0.000444	0.017582	-0.000203	0.005613	0.006087	0.008292
HG01412	-0.028933	-0.076896	-0.027738	-0.000009	-0.003752	-0.009458	-0.004854	0.003676	-0.011565	-0.000832
HG01413	-0.038303	-0.022883	-0.058957	0.069612	-0.007029	0.010795	0.000264	-0.012259	0.003848	0.006848
HG01414	-0.014213	-0.027942	-0.049499	0.017619	0.013659	-0.001513	-0.002076	-0.006701	0.001000	0.004377
HG01431	-0.015836	-0.071582	-0.040631	-0.033216	-0.000893	-0.002502	0.001130	-0.003570	0.001939	0.008698
HG01432	-0.076174	-0.066406	-0.056457	-0.023802	-0.001658	-0.001884	0.005574	-0.001111	-0.000400	0.002778
HG01435	-0.044708	-0.036255	-0.054383	0.059183	-0.002646	0.001745	-0.001744	-0.001298	-0.000771	0.004235
HG01437	-0.061960	-0.076245	-0.044399	-0.016458	-0.000285	0.000924	0.001981	-0.001822	0.000823	0.002080
HG01438	-0.073455	-0.079127	-0.047659	-0.057406	0.002800	0.003267	0.003802	-0.000576	-0.003336	0.004409
HG01440	-0.029382	-0.070209	-0.041525	0.017931	-0.000877	-0.009575	-0.001786	-0.000545	0.001785	0.001504
HG01441	-0.077162	-0.016207	-0.056773	0.062461	-0.000366	-0.004509	-0.001186	-0.000267	0.000220	0.001106
HG01443	-0.086848	-0.024117	-0.098611	0.144944	-0.000268	0.003731	-0.001034	-0.000839	-0.002600	0.001969
HG01444	0.011367	-0.058503	-0.035931	0.015603	-0.006311	0.000030	0.011219	-0.010545	-0.007621	0.003871
HG01447	-0.054431	-0.066679	-0.046389	0.004210	-0.000374	-0.002658	-0.004089	-0.002673	0.001794	0.004453
HG01455	-0.070379	-0.072799	-0.057974	0.041769	0.000576	0.005599	0.002092	-0.000175	0.000866	0.002045
HG01456	-0.089790	-0.057809	-0.061504	0.031345	-0.000743	-0.002862	-0.001854	-0.000597	-0.002423	-0.000078
HG01459	-0.068670	-0.058150	-0.056705	0.013157	0.001063	-0.003460	-0.000361	-0.002709	-0.000217	0.000778
HG01461	-0.067479	-0.015979	-0.056155	0.079214	-0.000934	0.003832	0.004366	-0.002626	-0.002575	-0.004841
HG01462	-0.043251	-0.029512	-0.064343	0.118409	-0.001923	-0.005502	-0.004111	-0.002567	-0.002035	-0.002305
HG01464	0.016467	-0.023839	-0.036405	0.011544	0.005628	0.005083	-0.006386	0.000004	0.003988	-0.001846
HG01465	-0.081193	-0.074828	-0.056649	0.012957	-0.000154	0.002010	0.001888	0.001244	-0.002340	0.001875
HG01468	-0.073575	-0.092735	-0.043068	-0.034015	0.003114	0.001170	-0.003114	0.002561	-0.001659	0.002586
HG01474	-0.062251	-0.089837	-0.041158	-0.031731	-0.001493	-0.002662	0.003726	0.000762	0.000045	-0.001687
HG01479	-0.013580	-0.057911	-0.050253	0.002135	0.004567	-0.010734	-0.002710	-0.001322	0.014061	-0.010186
HG01485	0.046521	-0.026396	-0.027320	0.018870	0.022464	0.011020	-0.008283	-0.001634	0.000436	0.018023
HG01486	-0.069860	-0.072296	-0.052333	0.011030	0.001811	0.004789	-0.003657	0.002361	-0.006834	0.002305
HG01488	-0.056700	-0.050992	-0.043557	0.066148	-0.000948	0.002050	-0.000651	0.002361	0.003437	0.000027
HG01489	-0.063750	-0.099628	-0.006811	-0.032542	-0.000920	0.002784	0.000986	-0.002088	0.003060	-0.001215
HG01491	-0.065377	-0.067561	-0.036102	0.016015	0.002028	0.001697	0.002499	0.002849	-0.003444	0.005930
HG01492	-0.066000	-0.101968	-0.048671	-0.046455	-0.002582	0.002742	-0.003315	-0.000063	-0.001375	-0.000355
HG01494	0.059381	-0.018827	-0.044797	0.030732	0.000258	-0.031631	0.001833	0.004197	0.003567	0.007961
HG01495	-0.034728	-0.057289	-0.044634	0.013007	-0.000524	-0.009991	0.004381	-0.006036	-0.004179	0.005341
HG01497	-0.071494	-0.067294	-0.050256	0.029618	-0.002120	-0.000368	-0.001565	0.002554	0.001640	0.000167
HG01498	-0.062618	-0.063031	-0.042420	-0.016892	0.002389	-0.005328	0.000324	-0.000916	-0.002301	0.001988
HG01500	-0.071960	-0.089731	-0.022330	-0.027306	0.000759	0.001958	0.000864	0.003134	0.000841	0.001035
HG01501	-0.066655	-0.086693	-0.040179	-0.058329	0.000856	-0.001301	-0.000885	0.002531	-0.003667	0.006790
HG01503	-0.063660	-0.097205	-0.026346	-0.058648	-0.003288	0.002280	-0.002733	0.004250	-0.003101	-0.003189
HG01504	-0.076096	-0.084377	-0.028084	-0.055749	-0.001154	0.002951	-0.003349	0.002001	-0.003642	-0.000059
HG01506	-0.060420	-0.099925	-0.038217	-0.037060	0.003272	-0.002141	0.005537	-0.003498	0.005976	0.001618
HG01507	-0.070625	-0.096525	-0.032802	-0.039347	-0.004808	0.007437	0.004784	-0.006235	-0.000450	0.000026
HG01509	-0.069948	-0.082830	-0.016254	-0.048269	-0.001831	0.000534	0.002780	0.007095	0.001982	-0.000087
HG01510	-0.064007	-0.105423	-0.039768	-0.055611	0.002322	0.000836	-0.004578	0.003313	-0.000709	-0.002343
HG01512	-0.074980	-0.114565	-0.040839	-0.032181	0.000387	0.002236	0.002443	-0.000959	0.002172	-0.000896
HG01513	-0.071328	-0.089756	-0.035076	-0.044339	-0.004170	0.004270	0.001437	-0.001324	0.001821	-0.000244
HG01515	-0.065734	-0.100848	-0.051973	-0.058882	-0.002719	0.001335	0.000981	-0.002518	-0.000467	-0.001958
HG01516	-0.065479	-0.100761	-0.041723	-0.048505	-0.005332	0.000346	0.000178	-0.001364	-0.001562	0.000128
HG01518	-0.075054	-0.082912	-0.042836	-0.051203	0.000300	0.001994	-0.002168	-0.000514	-0.001810	0.000824
HG01519	-0.078492	-0.089425	-0.030210	-0.032802	0.001354	0.000077	0.003701	-0.000412	-0.002304	0.003297
HG01521	-0.072447	-0.094351	-0.028903	-0.039017	-0.005182	0.003359	0.001139	-0.003221	-0.001873	0.000245
HG01522	-0.076145	-0.085315	-0.020408	-0.039277	-0.000721	0.001951	0.002665	0.002478	0.000458	-0.000937
HG01524	-0.064794	-0.091891	-0.039447	-0.052229	0.001661	0.006162	-0.002586	-0.004247	-0.005161	0.001105
HG01525	-0.061373	-0.087374	-0.027822	-0.027377	-0.000910	0.007358	0.002033	-0.003581	-0.003992	0.000898
HG01527	-0.071123	-0.079416	-0.031375	-0.050122	0.001657	0.002687	-0.000038	-0.002201	-0.001561	0.003471
HG01528	-0.063286	-0.093005	-0.032343	-0.047021	-0.003700	-0.004558	0.003040	-0.000864	0.003661	-0.002227
HG01530	-0.069327	-0.078903	-0.023653	-0.029872	-0.004691	-0.002678	0.000476	0.000084	0.001340	0.005792
HG01531	-0.061149	-0.089454	-0.030485	-0.030665	0.004143	-0.006002	-0.002921	-0.004171	-0.003480	-0.000303
HG01536	-0.063192	-0.090797	-0.037306	-0.035517	-0.000021	0.002406	-0.004712	0.006393	-0.006220	0.003763
HG01537	-0.077345	-0.108836	-0.035698	-0.021766	0.000063	-0.001349	-0.001413	-0.001034	0.000613	0.002531
HG01550	-0.078858	-0.053552	-0.057294	0.026732	-0.003042	0.000645	-0.003555	0.000065	-0.000775	0.000941
HG01551	0.042111	-0.030735	-0.040132	0.006241	0.030362	-0.023554	0.008383	0.010464	-0.013547	0.000988
HG01556	0.007062	-0.048350	-0.046449	0.033715	-0.000470	0.001930	-0.001866	0.006867	-0.003368	-0.006174
HG01565	-0.093527	-0.003808	-0.103311	0.190245	0.002629	-0.000232	-0.001382	0.001270	-0.003605	-0.003566
HG01566	-0.084000	-0.035845	-0.047911	0.076993	-0.000610	-0.001866	-0.003222	0.001463	-0.002050	-0.002979
HG01571	-0.092880	-0.029615	-0.064362	0.103308	-0.000974	0.003479	-0.003384	-0.000535	-0.000260	0.001236
HG01572	-0.087153	0.003494	-0.090886	0.139418	0.001588	0.002313	-0.004437	0.001214	-0.000981	-0.003887
HG01577	-0.062010	-0.034100	-0.055694	0.073495	0.002558	0.005139	-0.001072	-0.001087	0.001062	-0.000746
HG01578	-0.094621	-0.013051	-0.079570	0.133189	0.002600	-0.003319	0.001740	0.001324	0.001641	0.001575
HG01583	-0.066494	-0.032627	0.080891	0.022620	0.001452	0.000255	0.002137	0.001308	0.005104	-0.004808
HG01586	-0.074713	-0.054345	0.034849	0.008618	-0.000505	0.001554	0.000156	-0.002248	-0.004572	0.001590
HG01589	-0.072151	-0.049430	0.058978	-0.001187	-0.001600	-0.001276	-0.006824	0.002924	0.002186	0.001157
HG01593	-0.078195	-0.068897	0.050725	0.010556	0.000512	0.000033	0.003289	-0.004138	-0.003792	0.001764
HG01595	-0.102558	0.120761	-0.009366	-0.021400	-0.003002	0.002238	0.002281	-0.002029	-0.001679	0.002462
HG01596	-0.096675	0.130824	-0.006046	-0.023610	-0.001252	-0.000641	-0.000707	-0.001695	-0.001268	0.000908
HG01597	-0.099635	0.137719	-0.013065	-0.023234	0.001636	0.001637	-0.000567	-0.000372	0.001028	0.000787
HG01598	-0.102204	0.117234	-0.004062	-0.017342	0.000100	0.001777	0.000377	0.002763	-0.004134	0.005076
HG01599	-0.100641	0.141806	-0.013232	-0.039943	-0.001522	-0.002371	-0.000602	0.000856	0.001255	0.000313
HG01600	-0.097662	0.159409	-0.014695	-0.046427	-0.002668	0.001648	0.000809	-0.001553	-0.000900	0.002021
HG01602	-0.068353	-0.086289	-0.036071	-0.019862	-0.001873	0.009802	0.003799	-0.003098	0.001798	0.006144
HG01603	-0.054879	-0.093219	-0.031041	-0.014736	0.003465	0.000049	0.002386	-0.003060	-0.001021	0.001605
HG01605	-0.070179	-0.085107	-0.037420	-0.057769	-0.001372	-0.000014	-0.001790	-0.000849	-0.001564	0.001370
HG01606	-0.073114	-0.105196	-0.036910	-0.033622	0.000042	0.001428	0.007115	-0.006617	-0.002370	0.002262
HG01607	-0.069176	-0.092240	-0.021519	-0.044746	-0.001882	-0.001801	-0.003173	-0.003445	0.003124	0.003032
HG01608	-0.063398	-0.084468	-0.021844	-0.046481	0.001909	0.000783	0.001716	-0.000752	-0.001416	0.001028
HG01610	-0.073639	-0.082178	-0.041242	-0.049491	-0.000093	-0.000994	-0.001145	-0.000204	0.000820	-0.000906
HG01612	-0.066435	-0.101700	-0.031439	-0.030688	-0.001670	0.000669	0.000509	-0.002959	-0.001709	0.000350
HG01613	-0.059446	-0.079713	-0.035587	-0.050946	0.003462	-0.003884	0.002374	-0.000904	0.001015	0.003063
HG01615	-0.073326	-0.094480	-0.036462	-0.052518	0.001600	0.002111	0.001677	-0.000027	-0.007312	-0.001976
HG01617	-0.068444	-0.084926	-0.039990	-0.057417	-0.002470	-0.001040	0.001228	0.002835	-0.002349	0.001932
HG01618	-0.071287	-0.098262	-0.022133	-0.038686	-0.001386	0.000623	0.002257	-0.001921	0.002540	0.000800
HG01619	-0.077367	-0.105513	-0.027243	-0.055776	0.000442	0.001763	0.001813	-0.000222	-0.002799	0.003201
HG01620	-0.069938	-0.091347	-0.033545	-0.049913	-0.002976	0.001626	-0.000654	0.000067	-0.000505	0.002652
HG01623	-0.061506	-0.108496	-0.034682	-0.039167	0.001245	0.000665	0.003684	0.001651	-0.000106	0.001734
HG01624	-0.051150	-0.108976	-0.045754	-0.051013	0.005238	-0.000737	0.004800	0.002157	-0.006675	0.001691
HG01625	-0.065470	-0.103109	-0.028811	-0.037185	0.000797	-0.000160	-0.001440	0.002370	0.001361	-0.000835
HG01626	-0.067030	-0.074831	-0.040377	-0.046798	-0.002192	0.001699	-0.005330	-0.000491	-0.002874	-0.003111
HG01628	-0.013146	-0.084264	-0.048989	-0.018626	0.018485	0.002959	0.008579	0.007287	-0.002667	-0.005226
HG01630	-0.062694	-0.083998	-0.036055	-0.033561	0.000045	-0.001696	0.003619	-0.000645	0.001603	0.001395
HG01631	-0.060838	-0.102022	-0.036449	-0.049327	-0.002187	0.004680	-0.000863	0.002698	-0.000612	0.002775
HG01632	-0.074373	-0.076331	-0.030550	-0.048630	0.000104	-0.001021	-0.001334	0.000612	0.000479	-0.001096
HG01668	-0.062009	-0.098503	-0.025925	-0.043225	-0.005824	0.005162	-0.001553	-0.001024	0.001010	0.000342
HG01669	-0.060357	-0.093800	-0.031578	-0.040535	-0.000798	0.000982	0.003700	-0.001594	0.002016	0.000815
HG01670	-0.051056	-0.066960	-0.037569	-0.033180	0.003802	0.004971	0.000104	0.002517	0.001225	-0.002004
HG01672	-0.073811	-0.085245	-0.027254	-0.022759	-0.000479	-0.000620	-0.001931	-0.001498	-0.004821	0.001579
HG01673	-0.070799	-0.077166	-0.014499	-0.048226	-0.000676	0.001543	-0.000883	0.000657	-0.003521	0.001031
HG01675	-0.073416	-0.097137	-0.037787	-0.037886	0.005633	0.000650	0.005107	0.001493	0.001765	0.002843
HG01676	-0.074079	-0.105834	-0.044396	-0.038068	0.005434	-0.008096	0.003957	-0.001038	0.002683	0.000146
HG01678	-0.078836	-0.090306	-0.034563	-0.044001	-0.000013	-0.000706	0.006096	-0.001466	-0.001840	0.003954
HG01679	-0.070176	-0.086267	-0.025929	-0.038915	-0.001411	-0.002710	0.008502	-0.002758	-0.000750	0.001421
HG01680	-0.069161	-0.086373	-0.033706	-0.068357	0.002067	0.003502	0.002774	-0.002818	0.003005	0.004598
HG01682	-0.069212	-0.089531	-0.031278	-0.059672	-0.002695	0.001539	-0.000541	-0.000201	-0.004891	0.000422
HG01684	-0.072198	-0.097500	-0.036081	-0.040827	-0.000384	-0.000826	0.004072	-0.001906	-0.001934	0.001640
HG01685	-0.045369	-0.079784	-0.042288	-0.038809	-0.006331	-0.000465	0.002207	-0.001741	0.001225	0.006149
HG01686	-0.065964	-0.092499	-0.024168	-0.039809	-0.002684	0.003094	0.000233	0.000750	-0.001025	0.000787
HG01694	-0.066679	-0.085639	-0.023515	-0.037226	0.004689	-0.002694	-0.002288	0.001154	-0.002034	0.003268
HG01695	-0.062984	-0.077987	-0.026073	-0.037403	-0.003087	0.003070	0.001093	-0.001755	0.002940	0.003343
HG01697	-0.068065	-0.102890	-0.039952	-0.048680	0.001531	-0.002232	-0.000423	-0.000318	-0.000938	-0.000401
HG01699	-0.071700	-0.099152	-0.034159	-0.030298	0.000761	-0.001079	0.001756	-0.002378	0.002098	0.001413
HG01700	-0.071931	-0.094051	-0.045438	-0.051485	-0.000740	-0.000016	0.005000	-0.004644	-0.003244	0.003628
HG01702	-0.074647	-0.104738	-0.016612	-0.045268	-0.002898	0.000615	-0.000601	0.002439	-0.001824	0.003026
HG01704	-0.067544	-0.095829	-0.022523	-0.023507	-0.001490	0.000768	0.005525	-0.002760	0.003943	-0.005462
HG01705	-0.058372	-0.097280	-0.030068	-0.017072	0.001102	-0.005687	0.001929	-0.001865	0.004282	0.002943
HG01707	-0.067458	-0.099323	-0.019710	-0.024089	-0.002240	-0.002992	0.004083	-0.000888	0.004715	-0.000178
HG01708	-0.062321	-0.102969	-0.033845	-0.044992	-0.001451	-0.006482	0.004794	0.000595	-0.002992	0.000251
HG01709	-0.065774	-0.102041	-0.034479	-0.052096	-0.000385	0.002007	0.003869	-0.000211	0.004485	0.002871
HG01710	-0.073551	-0.074100	-0.028576	-0.055766	-0.002188	0.006535	-0.003180	-0.001815	0.002139	0.001325
HG01746	-0.068937	-0.099303	-0.044166	-0.072770	-0.003048	0.002969	0.000165	0.002172	-0.002926	-0.003243
HG01747	-0.067964	-0.095765	-0.029279	-0.032304	0.000969	-0.000953	0.004906	-0.003444	0.000483	0.002209
HG01756	-0.069561	-0.089212	-0.045713	-0.056741	-0.002368	0.002720	0.002998	0.004125	-0.002787	0.002574
HG01757	-0.067113	-0.099647	-0.040504	-0.067924	0.002080	0.001712	0.003274	-0.003619	0.001554	-0.001652
HG01761	-0.071448	-0.100373	-0.050076	-0.030671	0.000372	0.001256	0.003299	0.000755	-0.000895	0.000167
HG01762	-0.068476	-0.087996	-0.029467	-0.052814	-0.002397	0.010301	-0.002971	-0.004158	-0.002558	0.000631
HG01765	-0.056833	-0.103013	-0.031021	-0.061480	0.002637	-0.004803	0.004454	-0.005140	0.000994	0.002533
HG01766	-0.052219	-0.091707	-0.032429	-0.028989	-0.000929	-0.000590	0.002016	-0.004150	0.003094	0.004858
HG01767	-0.069128	-0.082373	-0.027380	-0.042608	0.000219	0.002478	-0.002346	-0.004562	-0.001753	0.001020
HG01768	-0.078347	-0.086546	-0.044017	-0.052997	0.002867	0.001535	0.001385	-0.002714	-0.000735	0.002730
HG01770	-0.059003	-0.088868	-0.037568	-0.055096	-0.005347	0.007512	-0.008063	0.003399	0.001130	-0.001128
HG01771	-0.074115	-0.098323	-0.038904	-0.047729	-0.005459	0.006049	-0.003341	-0.001911	-0.001032	-0.001592
HG01773	-0.069433	-0.088705	-0.046157	-0.032751	0.001364	0.004089	-0.002825	0.001607	-0.001964	0.002779
HG01775	-0.071529	-0.088215	-0.031037	-0.041569	-0.004190	-0.002535	0.000748	0.000658	0.000595	0.002716
HG01776	-0.073512	-0.083821	-0.027962	-0.047030	-0.002994	-0.000942	0.001453	0.001517	-0.001605	0.000971
HG01777	-0.073303	-0.085981	-0.036644	-0.035385	0.001589	0.004497	-0.001302	-0.001171	-0.000369	-0.005628
HG01779	-0.074294	-0.096584	-0.052048	-0.056050	0.002670	0.001297	0.005586	-0.005294	-0.001897	-0.003548
HG01781	-0.066776	-0.090419	-0.039843	-0.028335	0.001369	0.001555	0.003754	-0.003396	-0.001714	0.004482
HG01783	-0.067975	-0.091960	-0.041247	-0.027519	-0.001154	0.005953	0.002436	-0.004150	-0.001736	0.003451
HG01784	-0.062032	-0.086706	-0.043808	-0.052922	0.000657	0.002515	0.003311	-0.005403	0.001258	0.000334
HG01785	-0.077934	-0.095750	-0.028679	-0.056192	0.002308	-0.000685	-0.000460	-0.003395	-0.002592	0.000029
HG01786	-0.074746	-0.082541	-0.037732	-0.027990	-0.000023	-0.003941	0.004233	-0.000169	0.003049	0.000321
HG01789	-0.072112	-0.100548	-0.037910	-0.067860	-0.000861	-0.005899	0.000995	-0.000091	0.000786	-0.001441
HG01790	-0.074824	-0.103265	-0.025023	-0.023401	0.002846	0.001342	0.005349	0.001867	-0.000947	0.005096
HG01791	-0.071683	-0.105788	-0.027593	-0.036197	-0.001654	0.003699	-0.002024	0.000169	0.000337	-0.002685
HG01794	-0.098210	0.126773	0.009444	-0.042472	0.000235	0.004428	-0.004170	-0.000607	-0.001444	-0.002620
HG01795	-0.099093	0.147692	-0.007235	-0.034837	-0.003347	0.002676	-0.001205	-0.001022	0.004668	0.003059
HG01796	-0.097577	0.136634	-0.023841	-0.035949	-0.006311	0.003052	0.003865	0.002423	0.002978	0.000314
HG01797	-0.092701	0.130169	-0.004294	-0.032180	0.001237	-0.001173	0.002305	-0.001389	0.002387	-0.000590
HG01798	-0.099818	0.122493	-0.018356	-0.035447	0.002029	-0.000167	0.000441	-0.001542	-0.001909	-0.001004
HG01799	-0.101902	0.145373	-0.011040	-0.041972	-0.002635	-0.002754	0.000472	-0.001897	0.006596	0.001878
HG01800	-0.091963	0.130156	-0.000186	-0.003979	-0.001429	0.001197	-0.000974	-0.000907	0.001857	0.001428
HG01801	-0.091915	0.135479	0.000900	-0.032935	-0.000550	-0.000670	-0.000396	0.001368	-0.000350	-0.002369
HG01802	-0.100304	0.142539	-0.011198	-0.033508	-0.000165	-0.003153	-0.000807	-0.000361	-0.000626	0.002707
HG01804	-0.100288	0.159095	-0.024504	-0.035603	-0.002433	0.002194	0.001396	-0.001002	0.003102	-0.001387
HG01805	-0.095526	0.148836	-0.021195	-0.022906	0.001566	0.003833	0.005067	-0.002388	0.001679	0.000870
HG01806	-0.095188	0.132758	-0.010377	-0.022878	-0.003677	-0.003377	0.003594	-0.002945	0.005143	-0.000458
HG01807	-0.097202	0.136188	-0.016314	-0.027395	0.000115	0.001167	0.002482	-0.002891	0.002209	-0.000262
HG01808	-0.096149	0.142100	-0.012882	-0.040286	0.002357	-0.000395	0.000171	-0.000692	0.002800	0.002847
HG01809	-0.094894	0.137838	-0.018776	-0.031228	-0.000443	-0.000513	0.001818	-0.002081	0.000245	-0.001622
HG01810	-0.092254	0.142750	-0.010156	-0.010245	-0.000348	0.004397	0.000921	-0.000638	0.000102	0.000851
HG01811	-0.097062	0.136123	-0.003810	-0.019778	-0.004268	-0.002261	-0.000633	-0.000988	0.000455	0.003108
HG01812	-0.099626	0.140349	-0.019188	-0.025863	0.000386	0.002414	-0.000664	0.000169	0.000827	0.002165
HG01813	-0.103269	0.141645	-0.012489	-0.036666	0.002232	0.000901	0.001691	-0.001612	0.006361	0.003658
HG01815	-0.099385	0.142157	-0.017693	-0.038733	0.000731	0.001730	0.002082	-0.002607	-0.001756	0.001166
HG01816	-0.104193	0.147663	-0.003772	-0.034432	-0.002995	0.000864	0.000425	-0.004463	0.001764	0.001006
HG01817	-0.103640	0.111290	0.000390	-0.011485	0.000944	-0.002111	0.002088	-0.000634	0.005564	0.001559
HG01840	-0.097624	0.136750	-0.017765	-0.046461	-0.001144	-0.000179	0.001659	-0.003446	0.004343	0.001199
HG01841	-0.098765	0.156379	-0.017886	-0.024300	-0.000264	0.001507	0.003829	0.000045	0.005054	-0.000656
HG01842	-0.102306	0.125725	-0.005088	-0.011500	-0.006192	0.000722	0.002558	-0.001322	0.002263	0.003265
HG01843	-0.098904	0.134023	-0.005784	-0.038514	-0.000813	0.000636	0.001813	-0.000500	0.000564	0.003918
HG01844	-0.100833	0.112134	-0.002985	-0.041596	-0.005268	0.001235	-0.000835	-0.003726	0.002638	0.003585
HG01845	-0.099861	0.134747	-0.010664	-0.027117	-0.001110	0.000647	0.002203	-0.002166	0.000859	0.003003
HG01846	-0.088961	0.123815	0.004848	-0.017526	-0.002134	0.002924	0.004418	0.000228	0.002983	0.004016
HG01847	-0.090728	0.122861	-0.003742	-0.017575	0.000232	0.001588	-0.000203	0.002728	0.002223	-0.000581
HG01848	-0.101404	0.124698	0.005046	-0.026783	0.000507	0.001797	0.002155	-0.001716	-0.001457	0.001201
HG01849	-0.103231	0.128790	-0.008445	-0.006601	-0.000065	0.000820	0.001282	-0.001912	0.000006	-0.000041
HG01850	-0.097083	0.127451	-0.003610	-0.036913	-0.001128	0.002126	-0.004296	-0.001130	0.000724	0.001121
HG01851	-0.092302	0.130961	-0.010715	-0.041687	-0.001312	-0.000185	0.002654	-0.004057	-0.001813	-0.001006
HG01852	-0.095252	0.128003	0.007898	-0.019854	0.001415	-0.006232	-0.001588	-0.000673	0.002785	-0.006905
HG01853	-0.105909	0.133773	-0.009032	-0.029686	-0.000526	0.001277	0.001366	0.000799	0.001856	-0.001107
HG01855	-0.097362	0.132259	-0.001145	-0.042410	0.000712	0.004059	0.001772	-0.001169	0.001656	0.001027
HG01857	-0.093036	0.114603	0.017455	-0.045592	-0.006062	-0.000330	0.000816	-0.000893	0.001391	0.003057
HG01858	-0.097883	0.130797	-0.007142	-0.029850	-0.001693	0.003797	-0.000290	-0.003314	-0.000860	0.003610
HG01859	-0.093954	0.139139	-0.005725	-0.032475	0.001931	0.001141	-0.000299	-0.002256	0.000147	0.003230
HG01860	-0.092538	0.121245	-0.005143	-0.026764	0.002940	-0.001148	0.003844	-0.001622	-0.000873	0.000812
HG01861	-0.103029	0.140448	0.008701	-0.054315	-0.000023	0.005811	0.003531	0.000093	0.002053	0.002532
HG01862	-0.100398	0.123191	-0.008303	-0.034432	-0.001469	-0.000647	0.001466	-0.000009	-0.005164	-0.001785
HG01863	-0.093273	0.155963	-0.005450	-0.027357	-0.000784	0.002803	-0.000838	0.000491	0.000753	0.002843
HG01864	-0.098754	0.147550	-0.003134	-0.023985	-0.003559	0.005338	-0.000914	-0.003534	0.003301	-0.001576
HG01865	-0.105061	0.128649	-0.010058	-0.021245	0.001699	0.001734	0.001881	-0.000610	-0.001867	0.006046
HG01866	-0.099774	0.147092	0.004067	-0.026670	-0.001362	0.002745	0.000072	-0.003806	0.002656	0.000220
HG01867	-0.099872	0.127860	0.003015	-0.017063	-0.001560	0.002005	0.004496	-0.003200	0.006787	0.002551
HG01868	-0.094273	0.133730	-0.006489	-0.040064	-0.002191	-0.001258	-0.000138	-0.000386	0.000699	-0.000283
HG01869	-0.095980	0.131222	-0.015071	-0.027198	0.001144	0.003017	0.005966	0.000400	0.006071	0.000736
HG01870	-0.098890	0.130903	-0.008356	-0.012600	0.002629	-0.003295	0.001446	-0.003562	0.000536	0.006047
HG01871	-0.094266	0.137732	-0.010141	-0.042290	-0.003024	-0.005079	0.002145	-0.003868	-0.000385	-0.001387
HG01872	-0.097433	0.134354	-0.006302	-0.034995	0.002400	0.003227	0.005409	-0.000279	0.003909	0.002113
HG01873	-0.095297	0.164374	-0.015599	-0.042147	0.004467	-0.001441	-0.001382	0.000248	-0.003780	-0.000761
HG01874	-0.094394	0.134762	0.011681	-0.024045	-0.001727	0.005514	0.000331	0.002074	0.003223	-0.004645
HG01878	-0.097856	0.112319	0.022854	-0.026425	-0.003392	0.001152	-0.000694	-0.000183	-0.000630	-0.003294
HG01879	0.170318	-0.017820	-0.018277	0.003619	0.005549	-0.059668	0.007668	0.000471	0.038252	-0.042152
HG01880	0.078974	0.009716	0.050802	0.020888	-0.014023	-0.024786	-0.004744	0.000774	0.003221	0.010626
HG01882	0.211004	-0.003977	-0.001022	0.015972	-0.032362	-0.031855	-0.015418	-0.011798	-0.031722	0.012932
HG01883	0.118370	-0.039341	-0.012017	-0.004697	-0.023384	0.000409	-0.004082	-0.003370	-0.006516	-0.002075
HG01885	0.198500	-0.002930	0.007421	0.001327	0.000646	-0.026764	-0.009305	-0.001939	-0.038830	0.002093
HG01886	0.112696	-0.041302	-0.022759	-0.025873	-0.016590	-0.034693	0.026399	0.035076	-0.006475	0.004655
HG01889	0.249456	0.015173	-0.003206	0.014927	-0.027747	-0.024514	0.012025	-0.004694	-0.018847	0.003863
HG01890	0.252705	0.020897	-0.008769	0.003238	0.029033	-0.071622	0.022832	0.043032	-0.028885	-0.037033
HG01892	-0.075714	-0.009648	-0.088248	0.149769	0.002424	-0.001970	-0.000355	0.003061	0.002541	-0.001586
HG01893	-0.092878	-0.007119	-0.082708	0.166541	0.005877	0.001315	-0.001752	-0.001733	0.000521	-0.002968
HG01894	0.185496	-0.007644	-0.006109	-0.016480	-0.015311	-0.056097	0.001765	0.016828	-0.000121	0.000313
HG01896	0.230855	0.013568	0.007550	-0.004295	-0.002432	-0.016158	0.005262	-0.004573	0.000745	0.013260
HG01912	0.198413	-0.004933	0.008544	-0.011873	-0.004598	-0.041946	-0.007370	-0.008654	-0.023957	-0.000386
HG01914	0.138473	-0.024305	-0.015330	-0.009220	-0.011451	-0.002062	-0.012261	0.005464	0.017997	-0.002644
HG01915	0.222599	0.006592	-0.000623	-0.001626	-0.006133	-0.101793	0.008936	0.011320	-0.046250	0.007760
HG01917	-0.101517	0.014005	-0.096741	0.150289	0.001398	0.001484	-0.003485	0.002835	-0.003004	-0.001686
HG01918	-0.095650	-0.025815	-0.070612	0.095074	-0.000664	0.001664	-0.005827	-0.001051	-0.001860	0.001293
HG01920	-0.097971	0.022878	-0.112085	0.220726	0.001829	0.002692	-0.003954	-0.002970	-0.001189	-0.002178
HG01921	-0.088406	0.014830	-0.090131	0.180495	0.000994	0.002552	-0.003289	0.001210	-0.005507	0.000662
HG01923	-0.103716	0.027233	-0.114739	0.214939	0.003420	-0.001887	-0.003189	-0.002060	0.000585	-0.000910
HG01924	-0.010389	0.012790	-0.072791	0.123195	0.003254	-0.009418	-0.006384	-0.002521	-0.001654	0.007706
HG01926	-0.104703	0.034011	-0.103414	0.221789	0.001492	-0.004541	-0.000604	0.004274	0.001542	0.000181
HG01927	-0.110547	0.027345	-0.108052	0.205173	0.001134	0.001634	-0.005133	0.003140	-0.003178	-0.000399
HG01932	-0.094887	-0.013901	-0.097105	0.157186	0.002877	-0.002296	-0.002088	-0.003278	-0.002052	0.001002
HG01933	-0.029594	0.008448	-0.073217	0.149162	-0.000230	0.000978	-0.011934	-0.003896	-0.005039	-0.004679
HG01935	-0.091688	-0.014708	-0.077313	0.110319	-0.001447	0.003737	-0.002020	-0.000463	-0.002154	-0.000361
HG01936	-0.101676	0.017009	-0.104866	0.209910	0.004265	0.001392	-0.005861	0.000302	0.000638	-0.001719
HG01938	-0.103066	0.017327	-0.097300	0.200952	0.004182	-0.000357	-0.003540	0.000559	-0.002001	0.001421
HG01939	-0.069898	-0.028645	-0.071474	0.061349	0.000915	0.001014	-0.003308	0.001857	-0.000787	0.002720
HG01941	-0.072537	0.016743	-0.097337	0.196186	0.000107	-0.001422	0.002492	0.001385	-0.002369	-0.001080
HG01942	-0.066213	0.011968	-0.076615	0.127886	-0.005488	0.011268	-0.005029	0.007794	0.000345	-0.003987
HG01944	-0.096427	0.087641	-0.038517	0.038990	-0.002178	0.000212	-0.002575	0.001679	0.000652	-0.000408
HG01945	-0.088109	0.001058	-0.096157	0.188522	0.001499	0.002012	0.000666	-0.001465	0.000478	-0.002676
HG01947	-0.046841	-0.022383	-0.055438	0.096461	-0.000357	0.013748	0.002940	-0.003702	-0.004927	-0.015637
HG01948	-0.098343	0.033206	-0.064205	0.167469	0.000493	-0.004097	-0.000502	-0.001663	-0.000900	-0.002828
HG01950	-0.101541	0.042835	-0.094579	0.198431	0.003687	0.001718	-0.004585	0.000901	-0.007325	-0.005787
HG01951	-0.104420	0.016355	-0.089821	0.201320	0.002377	-0.000321	-0.001428	0.000345	-0.000648	-0.000446
HG01953	-0.097081	0.008673	-0.084490	0.142317	0.004168	-0.000966	-0.004470	-0.000481	-0.003906	-0.000976
HG01954	-0.096932	0.019908	-0.083167	0.129233	0.001186	-0.000012	-0.005622	-0.000305	-0.003725	-0.003097
HG01956	0.241220	0.012842	0.004474	0.012915	-0.018626	-0.055877	-0.012013	-0.012410	-0.054893	-0.016204
HG01958	0.233470	0.014173	-0.006857	0.001972	-0.021126	-0.055157	-0.005751	0.018564	-0.014631	-0.015777
HG01961	-0.098744	0.024497	-0.098068	0.171866	0.002713	0.000392	-0.000914	-0.001197	-0.001455	-0.000403
HG01965	0.056545	0.022861	-0.055218	0.075411	-0.014434	-0.029933	-0.006282	0.007644	-0.000818	-0.008814
HG01967	-0.054160	-0.019498	-0.079297	0.121376	-0.004100	0.000858	0.000706	0.000996	0.006016	-0.001909
HG01968	-0.102632	0.030433	-0.105861	0.225261	0.001034	-0.002425	-0.003936	-0.000557	-0.003209	-0.003305
HG01970	-0.087736	-0.011164	-0.100708	0.174520	0.002385	-0.002563	-0.001233	-0.000999	-0.000330	-0.002953
HG01971	-0.021115	-0.008764	-0.061218	0.054521	0.007803	-0.004343	-0.004923	-0.004606	-0.003099	0.002319
HG01973	-0.105783	0.016158	-0.113185	0.230935	0.000843	-0.002168	-0.004947	0.002142	0.001678	-0.001081
HG01974	-0.104524	0.008672	-0.092634	0.188139	0.000225	-0.006202	-0.001310	0.002527	-0.001359	0.000889
HG01976	-0.100949	0.022100	-0.111596	0.210511	0.003652	-0.001195	-0.005658	0.002741	0.000591	-0.001237
HG01977	-0.093666	-0.005224	-0.094299	0.160288	0.001811	-0.003538	-0.000649	0.000699	-0.003314	0.003093
HG01979	-0.097587	-0.016419	-0.088760	0.120884	-0.001005	0.007304	-0.004665	0.002156	-0.000630	-0.005045
HG01980	-0.095550	-0.022493	-0.086496	0.157132	0.000432	-0.004108	-0.004585	0.003215	-0.001949	0.000621
HG01982	-0.077249	0.015744	-0.084554	0.111288	-0.000602	0.005391	-0.001685	-0.000450	-0.000301	0.003610
HG01985	0.223869	0.005509	-0.005611	-0.004270	-0.032658	-0.001040	-0.007595	0.017671	0.012983	-0.003514
HG01986	0.172444	-0.009791	-0.005708	-0.011684	-0.017077	-0.028456	0.000098	-0.018266	-0.016176	-0.008379
HG01988	0.033094	-0.070512	-0.019345	-0.020633	-0.001131	-0.019566	0.006601	0.009588	0.000334	-0.002182
HG01989	0.094518	-0.015807	-0.020913	0.001179	-0.005416	-0.022613	-0.010428	0.002105	-0.004222	0.002270
HG01990	0.189165	0.027945	-0.010987	-0.010558	-0.024615	-0.036253	0.009159	0.007125	0.012910	-0.020498
HG01991	-0.091876	-0.007057	-0.109747	0.194670	0.004381	0.002178	-0.007854	-0.001464	-0.002820	-0.002786
HG01992	-0.103469	0.029833	-0.113705	0.255047	0.003292	0.000599	-0.006496	0.003341	-0.004535	0.001823
HG01997	-0.097223	0.014352	-0.088786	0.179964	0.003605	-0.000590	-0.001748	-0.000226	-0.002395	-0.001728
HG02002	-0.091016	0.013514	-0.096013	0.199429	0.005181	0.000428	-0.005864	0.000192	-0.001121	-0.003919
HG02003	-0.100943	0.038607	-0.114910	0.233605	0.002717	-0.002558	-0.004222	0.003884	-0.000032	-0.002348
HG02006	0.002007	-0.001370	-0.063029	0.109850	0.028892	-0.013240	0.006889	-0.009854	-0.006073	0.004173
HG02008	-0.091947	0.016167	-0.081119	0.156400	0.002898	-0.003726	-0.001278	-0.001378	-0.001973	0.000674
HG02009	0.200532	0.002646	-0.010828	-0.015935	-0.032593	-0.011088	-0.014660	0.003829	-0.002864	0.000273
HG02010	0.139321	-0.018196	-0.017364	-0.028077	-0.008519	-0.012803	0.001209	0.008803	0.002721	-0.037208
HG02012	0.210175	0.008972	0.000094	-0.000511	-0.035757	-0.021123	-0.020761	0.008565	0.000191	-0.017271
HG02013	0.209616	0.011639	0.003870	0.000559	-0.015750	-0.037797	0.000257	-0.005966	-0.031574	0.018957
HG02014	0.215745	0.017184	-0.002813	0.007843	-0.016424	-0.064973	-0.005443	0.004657	-0.000920	-0.024675
HG02016	-0.100224	0.111979	0.010657	-0.025044	-0.000798	0.002060	-0.000028	0.000295	0.000556	0.004011
HG02017	-0.103334	0.133253	-0.017356	-0.034096	-0.002864	0.000314	-0.000998	0.003031	-0.000241	-0.000391
HG02019	-0.094341	0.131593	-0.007826	-0.030609	-0.002320	-0.000105	0.001246	-0.000794	0.000831	0.001475
HG02020	-0.093850	0.123756	-0.017878	-0.034052	-0.002959	0.000893	-0.002826	-0.000411	0.001376	-0.003104
HG02023	-0.093943	0.119939	-0.001019	-0.021811	-0.000435	0.006491	0.005810	-0.004408	0.004419	0.001847
HG02025	-0.105072	0.132961	-0.018585	-0.043761	-0.000517	0.002301	0.002379	-0.000355	-0.002385	-0.001109
HG02026	-0.095353	0.144155	-0.018714	-0.045977	-0.000593	0.001707	0.001652	-0.004873	0.003861	-0.002307
HG02028	-0.102094	0.129911	-0.000454	-0.040720	-0.000911	-0.001714	-0.001912	-0.001789	0.000701	0.001263
HG02029	-0.102063	0.120742	-0.018677	-0.012391	0.002266	-0.003518	-0.000440	-0.000128	-0.000196	0.000904
HG02031	-0.095198	0.126203	-0.017375	-0.031654	0.000470	0.001744	0.000067	-0.000260	0.001837	0.000112
HG02032	-0.100355	0.145719	-0.003291	-0.009839	0.000866	0.000648	-0.002767	0.000720	-0.008735	-0.003229
HG02035	-0.098761	0.120392	-0.018983	-0.014838	0.000146	-0.004236	0.004734	-0.002536	0.000526	-0.001570
HG02040	-0.093333	0.126903	-0.014765	-0.031471	-0.000075	-0.001274	0.002826	-0.002291	0.000265	-0.000471
HG02047	-0.093446	0.117886	-0.026552	-0.028388	0.003971	-0.003738	0.000450	-0.001182	-0.001938	0.002202
HG02048	-0.101592	0.125083	-0.012328	-0.028635	0.000644	-0.000398	0.001079	-0.000282	0.001934	-0.000111
HG02049	-0.094788	0.147950	-0.013901	-0.030561	-0.000321	0.004319	0.003505	-0.001987	0.000446	0.002558
HG02050	-0.095981	0.127361	-0.018493	-0.036971	0.001087	0.000891	0.002687	-0.002649	0.002094	0.001700
HG02051	0.136253	-0.020020	-0.017521	-0.011527	0.008680	-0.029298	0.004487	-0.006315	0.002252	0.009250
HG02052	0.195123	-0.002994	-0.002443	-0.006487	-0.004261	-0.092072	-0.013214	0.007312	0.007600	-0.023715
HG02053	0.233673	0.015815	0.001301	-0.008736	-0.030524	-0.026326	-0.009868	0.000957	0.000763	0.005711
HG02054	0.201551	0.005664	-0.010617	-0.002670	-0.013965	-0.082604	-0.001316	-0.008075	-0.027923	0.009053
HG02057	-0.088392	0.133043	-0.009499	-0.023931	-0.001430	-0.005950	-0.000043	-0.002718	-0.000389	0.000356
HG02058	-0.100216	0.131078	-0.012326	-0.043383	-0.002027	-0.004164	-0.000036	-0.002805	0.001784	0.001819
HG02060	-0.097420	0.125581	-0.012269	-0.014920	0.003894	-0.000834	0.002699	-0.000121	-0.000374	0.001729
HG02061	-0.096789	0.113491	-0.000196	-0.004636	0.004200	-0.002975	0.000204	0.001236	-0.001345	0.001223
HG02064	-0.094339	0.129709	0.001436	-0.031791	0.002283	0.002825	-0.000885	0.001155	0.000318	0.000643
HG02067	-0.091271	0.126687	-0.003073	-0.037764	-0.002483	0.001484	-0.001662	0.000394	-0.002040	0.002987
HG02069	-0.088509	0.132322	-0.022765	-0.038206	-0.001031	-0.004907	0.003079	-0.003888	0.004652	0.001038
HG02070	-0.095303	0.127733	-0.000984	-0.047426	-0.000156	0.002647	-0.001394	-0.004221	-0.001685	0.004774
HG02072	-0.097975	0.112964	0.017497	-0.024517	0.000204	0.000423	-0.000944	0.000344	-0.002944	-0.003792
HG02073	-0.098150	0.126431	-0.026883	-0.005782	0.000413	0.001740	0.004127	-0.001904	0.003177	0.002169
HG02075	-0.091098	0.128631	-0.010517	-0.031682	-0.002816	0.005916	-0.001969	-0.005168	0.004716	0.004798
HG02076	-0.097333	0.127928	-0.016334	-0.026628	-0.004816	0.001673	-0.000407	-0.003290	0.003318	0.001493
HG02078	-0.091808	0.144494	-0.017174	-0.041911	0.003174	-0.001183	-0.002180	-0.001151	-0.005614	-0.000065
HG02079	-0.096551	0.127636	-0.001474	-0.020659	0.006060	0.004016	-0.000725	-0.002353	-0.001271	0.000283
HG02081	-0.100586	0.128583	-0.005561	-0.020172	-0.001461	-0.001795	0.001133	-0.001180	0.002566	-0.001311
HG02082	-0.104975	0.132599	-0.000291	-0.031816	-0.000961	0.004483	0.000968	0.002182	0.001362	-0.000532
HG02084	-0.095616	0.131246	-0.015557	-0.023420	-0.000186	-0.004190	0.001187	0.000739	-0.001370	-0.000057
HG02085	-0.098189	0.136932	0.005756	-0.027224	-0.003521	0.000808	0.000090	-0.002552	0.000453	0.002577
HG02086	-0.095614	0.139343	-0.010990	-0.023013	-0.001665	0.000184	0.000282	-0.002791	-0.001026	0.000470
HG02087	-0.102309	0.149449	-0.012081	-0.039833	-0.004943	0.001241	0.001983	-0.000082	-0.000141	0.002611
HG02088	-0.101825	0.128300	-0.011056	-0.028026	0.000185	0.005214	0.002093	-0.000103	-0.001382	-0.002971
HG02089	-0.093860	-0.007196	-0.094240	0.175785	0.003055	0.005091	-0.001076	-0.000941	-0.002887	-0.001594
HG02090	-0.082925	-0.004943	-0.096726	0.144306	0.003420	-0.000677	-0.003710	0.001905	0.005267	0.001356
HG02095	0.229321	0.013067	0.006297	-0.002422	-0.010411	-0.045663	-0.020769	0.013134	-0.014325	0.000159
HG02102	-0.093675	0.003276	-0.084070	0.133618	0.004877	-0.000394	-0.000580	-0.000812	-0.005713	-0.003685
HG02104	-0.092154	0.012897	-0.103802	0.194203	0.004210	0.001832	-0.004259	0.000735	-0.001043	0.002895
HG02105	-0.100051	0.033674	-0.099389	0.196403	0.001248	-0.000261	-0.005184	0.003597	-0.000951	-0.002471
HG02107	0.190554	0.002496	-0.005778	-0.001227	-0.052415	0.011766	-0.003765	0.020998	0.005823	0.029431
HG02108	0.205785	0.012644	-0.007402	-0.008902	-0.028357	-0.017701	0.006559	-0.012635	0.004444	-0.004303
HG02111	0.248396	0.023724	0.003532	0.010585	0.001757	-0.072020	-0.028847	-0.017866	-0.022681	-0.001628
HG02113	-0.089111	0.120850	-0.004550	-0.035647	-0.001576	0.000627	0.001272	-0.003998	0.002596	-0.000974
HG02116	-0.105181	0.152827	0.001760	-0.035903	0.001834	0.004390	-0.001527	0.001478	-0.002632	-0.002768
HG02121	-0.090776	0.137563	-0.014074	-0.030163	0.000149	0.003945	0.003169	-0.002909	0.001910	0.001646
HG02122	-0.095484	0.135871	-0.007179	-0.025120	-0.001018	-0.005854	0.003605	0.000378	-0.001361	0.001250
HG02127	-0.095542	0.132210	-0.007678	-0.033697	0.000523	-0.001331	-0.001155	0.001648	0.001079	0.000660
HG02128	-0.096930	0.142756	0.003978	-0.041612	-0.001004	0.002320	0.000831	-0.004978	0.003323	-0.001817
HG02130	-0.095725	0.118885	0.014572	-0.026095	-0.001685	-0.001857	0.000617	-0.003511	0.000872	0.002678
HG02131	-0.095078	0.112665	-0.009425	-0.024978	-0.001194	-0.002589	0.000373	-0.000779	0.002910	0.000088
HG02133	-0.091227	0.112433	-0.002386	-0.024526	-0.002128	0.002467	0.003680	-0.000905	0.002038	0.004212
HG02134	-0.097376	0.125375	-0.002054	-0.029688	-0.002239	-0.001266	0.001087	-0.004661	-0.000492	0.000619
HG02136	-0.090873	0.127243	-0.009834	-0.028163	-0.001937	-0.001838	-0.001292	-0.002353	-0.000717	0.001447
HG02137	-0.101176	0.139376	-0.005845	-0.031263	0.001493	-0.002305	-0.000731	-0.000106	0.000800	-0.001949
HG02138	-0.093789	0.132364	-0.009590	-0.029608	-0.000603	0.000447	0.001993	-0.001048	0.001347	0.002756
HG02139	-0.098795	0.139189	-0.012971	-0.032050	-0.003309	0.001107	0.000042	0.000015	-0.002542	-0.001425
HG02140	-0.104099	0.140925	-0.006103	-0.039835	-0.000849	-0.001877	0.001145	0.000159	-0.002921	-0.000479
HG02141	-0.099523	0.111641	-0.003626	-0.019614	0.001031	0.001545	0.003019	-0.002368	-0.000084	0.003361
HG02142	-0.096070	0.131471	-0.003451	-0.033737	0.000680	0.001217	-0.000524	0.001096	-0.001557	0.001252
HG02143	0.180735	0.025583	-0.021653	0.003576	-0.010585	-0.047310	0.022658	-0.037723	-0.050445	-0.079048
HG02144	0.202074	0.002687	-0.005708	-0.017770	-0.019426	-0.036449	-0.009781	0.009950	-0.017547	-0.009021
HG02146	-0.090954	-0.004563	-0.076562	0.090896	-0.000154	-0.000592	-0.002215	-0.004277	0.002562	-0.000456
HG02147	-0.105973	0.029134	-0.109506	0.207045	0.001292	-0.002295	-0.008090	0.003247	-0.000376	0.002281
HG02150	-0.099703	0.034613	-0.102599	0.219395	0.002618	0.000990	-0.003818	-0.000636	-0.000858	-0.002225
HG02151	-0.107309	0.135220	0.002796	-0.031357	-0.003635	-0.003068	0.003490	-0.002202	0.000251	-0.001557
HG02152	-0.103630	0.137856	-0.011513	-0.011370	-0.000462	-0.003068	0.004595	-0.000645	0.001938	0.002872
HG02153	-0.096422	0.130910	-0.006009	-0.023212	-0.002064	0.003112	-0.001466	-0.000463	0.002234	0.000897
HG02154	-0.106412	0.141791	-0.019859	-0.027735	-0.003644	-0.003273	0.000490	-0.003851	0.000780	-0.000320
HG02155	-0.099864	0.139475	-0.008151	-0.032715	-0.003066	-0.000139	-0.000604	-0.001362	0.001140	0.000246
HG02156	-0.098522	0.122796	-0.017050	-0.016967	0.000205	-0.001275	0.002155	-0.001188	0.001300	0.002575
HG02164	-0.098086	0.138944	-0.001176	-0.045714	0.001117	-0.001597	-0.000790	-0.001889	0.001214	-0.001960
HG02165	-0.092224	0.131752	-0.002522	-0.033752	-0.000038	-0.001306	0.000789	0.001692	-0.004800	0.001155
HG02166	-0.102652	0.119881	0.000531	-0.018384	-0.000951	0.001747	-0.001821	0.000678	0.001411	0.000897
HG02178	-0.098454	0.135524	-0.009878	-0.031441	-0.000254	-0.004497	-0.000842	-0.000165	0.000443	0.000800
HG02179	-0.097969	0.117304	-0.007951	-0.018863	-0.001171	0.003607	-0.000616	0.000772	-0.000708	0.000474
HG02180	-0.093617	0.151491	-0.009969	-0.035107	0.002420	-0.002085	-0.001505	-0.000280	-0.001416	0.001243
HG02181	-0.097587	0.136799	-0.001723	-0.025292	0.000425	0.001174	-0.001634	-0.002222	0.002893	-0.000540
HG02182	-0.103594	0.142891	-0.001403	-0.046048	0.001926	0.004688	-0.002981	0.001080	0.002713	0.000725
HG02184	-0.097733	0.148960	-0.016871	-0.032339	-0.000603	0.000725	0.003281	0.001747	0.005576	-0.000528
HG02185	-0.094435	0.128092	-0.003733	-0.030383	0.001693	0.000268	0.001543	-0.005797	0.000635	-0.001196
HG02186	-0.096414	0.141784	-0.016562	-0.038869	0.001240	-0.003884	-0.000780	-0.002613	-0.000612	0.000085
HG02187	-0.098556	0.132258	-0.020867	-0.035519	-0.003224	0.000084	0.002975	-0.002614	0.001217	0.001893
HG02188	-0.099978	0.127744	-0.007968	-0.024582	0.000822	0.000847	0.000942	-0.001610	0.000189	0.000509
HG02190	-0.096037	0.147810	-0.012683	-0.026613	-0.001866	0.001253	0.000250	-0.002466	0.001154	0.000082
HG02215	-0.070585	-0.093339	-0.048869	-0.050558	-0.002211	-0.000157	-0.002901	0.001425	-0.003644	0.003334
HG02219	-0.074189	-0.090771	-0.031338	-0.017499	-0.001617	0.006910	-0.001846	-0.001312	-0.006084	0.000458
HG02220	-0.066952	-0.096434	-0.037092	-0.037213	0.001131	-0.000689	0.000750	-0.002087	-0.001688	0.001274
HG02221	-0.070425	-0.106150	-0.043322	-0.020849	0.001454	-0.002649	0.005295	0.001769	0.002626	-0.001086
HG02223	-0.064722	-0.083985	-0.040032	-0.048216	-0.003382	-0.002465	0.003315	-0.000897	-0.001745	0.002500
HG02224	-0.066710	-0.086669	-0.029641	-0.048291	-0.002214	0.001409	0.000568	-0.000369	-0.001078	0.003820
HG02230	-0.067932	-0.101946	-0.042470	-0.055238	-0.000236	0.004233	0.000663	0.000178	-0.000273	0.001278
HG02231	-0.060305	-0.090628	-0.026706	-0.052873	-0.004932	-0.001874	-0.001405	0.000544	-0.001781	-0.000882
HG02232	-0.064829	-0.099845	-0.033727	-0.038346	-0.004498	-0.005199	0.002162	-0.000506	0.000218	0.002148
HG02233	-0.066908	-0.095879	-0.041644	-0.071467	-0.004011	0.005862	0.001331	-0.000007	-0.002804	0.003126
HG02235	-0.069278	-0.099590	-0.034044	-0.010694	-0.000309	-0.001147	0.006965	-0.004796	0.005946	-0.000586
HG02236	-0.066048	-0.085470	-0.011613	-0.015864	0.001474	-0.000653	0.001140	-0.003416	-0.001060	0.003959
HG02238	-0.068765	-0.095757	-0.029813	-0.054444	-0.000454	-0.001628	-0.000303	-0.000920	0.002054	0.001340
HG02239	-0.068026	-0.085680	-0.034917	-0.039569	0.001428	-0.001608	-0.002432	-0.001505	-0.002858	0.000440
HG02250	-0.090792	0.109469	-0.005202	-0.023623	-0.004431	-0.004726	0.003261	-0.004076	0.003939	-0.000678
HG02252	-0.089120	-0.025036	-0.059846	0.090710	0.000608	-0.003921	-0.006201	0.000379	-0.001474	0.001494
HG02253	-0.087346	-0.048929	-0.051499	0.076224	-0.000424	-0.006164	-0.001509	0.001435	0.002177	-0.001150
HG02255	0.252224	0.016880	0.002845	0.004836	-0.041396	-0.012768	0.010997	-0.022054	0.001535	-0.018870
HG02256	0.125121	-0.016782	-0.016663	-0.014673	-0.012978	-0.026850	0.006757	0.014034	-0.018493	0.013839
HG02259	-0.101939	0.027749	-0.098556	0.200510	0.000015	-0.000147	-0.001224	0.000574	-0.000629	-0.000776
HG02260	-0.090781	-0.029954	-0.084120	0.152283	0.002126	-0.000673	0.000611	0.006327	-0.002587	0.004227
HG02262	-0.100061	0.027753	-0.102028	0.214296	0.002490	0.000689	-0.002573	0.001446	-0.002264	-0.002321
HG02265	-0.099244	0.015244	-0.100952	0.186544	0.003844	-0.001693	-0.001991	-0.003467	-0.000522	0.000438
HG02266	-0.086666	-0.017363	-0.093419	0.144483	0.000781	-0.004039	0.001084	-0.002423	0.001172	-0.003261
HG02271	-0.103732	0.027026	-0.106973	0.218720	0.005343	-0.003458	-0.004538	-0.000650	0.000488	0.000635
HG02272	-0.100756	0.032795	-0.110965	0.230106	0.000976	0.000044	-0.003313	0.000022	-0.000518	-0.002740
HG02274	-0.041272	0.009785	-0.076644	0.176690	-0.008463	-0.003357	-0.006133	0.004449	-0.010730	-0.001207
HG02275	-0.104555	0.023914	-0.103055	0.206820	0.003380	0.003651	-0.004032	0.001983	-0.001971	-0.000855
HG02277	-0.102674	0.025177	-0.109366	0.182455	0.001170	0.001788	-0.006738	0.001165	-0.002112	-0.002166
HG02278	-0.102762	0.036282	-0.112652	0.216211	0.005466	0.000586	-0.006165	0.003609	-0.005280	-0.000234
HG02281	0.164033	-0.019353	-0.012245	-0.014980	-0.006771	-0.019444	-0.019463	-0.001760	0.015162	-0.011826
HG02282	0.200818	0.007083	-0.006304	-0.010124	-0.030197	-0.032218	0.000380	0.000753	-0.012816	-0.022609
HG02283	0.167189	-0.017972	-0.022780	-0.003843	-0.016386	-0.059494	0.002628	0.024015	-0.011902	-0.008726
HG02284	0.202146	0.001178	-0.003027	-0.011067	-0.043469	-0.028212	-0.024365	-0.000130	-0.015116	0.007280
HG02285	-0.093932	0.010089	-0.100373	0.181476	0.003682	-0.002017	-0.004555	0.000417	-0.005793	0.000837
HG02286	-0.053584	0.011420	-0.087467	0.182625	0.010612	-0.010304	-0.002536	-0.013082	-0.004127	0.001800
HG02291	-0.105556	0.028384	-0.103143	0.210233	0.006117	0.001176	-0.003772	0.001918	-0.002243	-0.002479
HG02292	-0.103690	0.017356	-0.089859	0.185324	0.003063	0.001055	-0.004866	-0.000819	-0.001076	-0.001964
HG02298	-0.083142	0.002467	-0.080603	0.140782	0.001770	0.002154	-0.001040	-0.001263	0.000897	-0.002243
HG02299	-0.090957	0.013152	-0.087898	0.166534	0.007062	-0.003766	-0.001963	-0.002113	0.000069	-0.002422
HG02301	-0.103136	0.019547	-0.104507	0.224294	0.002060	-0.000566	-0.005353	0.001291	-0.004454	-0.000824
HG02304	-0.056316	-0.005187	-0.057987	0.103638	0.010160	0.003113	-0.006405	-0.004976	0.001674	-0.005613
HG02307	0.173457	0.015900	-0.000307	-0.010980	-0.013537	-0.048072	0.011102	0.008652	-0.022607	0.004027
HG02308	0.216422	0.004525	0.008984	-0.004186	-0.026174	-0.017620	-0.013162	0.001760	0.011832	-0.012317
HG02309	0.235736	0.012744	-0.004897	0.004173	0.005047	-0.017828	-0.014595	-0.002257	-0.009122	0.017438
HG02312	-0.098025	-0.005797	-0.081409	0.138190	0.002933	-0.001100	0.000863	-0.001121	-0.001021	0.000440
HG02314	0.208817	-0.001304	-0.010331	-0.015688	-0.034916	-0.040831	0.002195	0.009979	-0.016073	-0.026696
HG02315	0.237551	0.010847	-0.001499	0.018596	-0.027437	-0.019390	0.017776	-0.018692	-0.024424	0.002910
HG02317	0.247848	0.009244	0.004618	0.000548	-0.016137	-0.078583	-0.014027	0.008026	0.002293	0.002955
HG02318	0.218124	0.014336	0.004232	-0.001663	-0.014868	-0.032399	-0.011003	0.034056	-0.021220	-0.010277
HG02322	0.147655	-0.017411	-0.002941	-0.008082	-0.012991	-0.019388	0.016287	-0.025790	-0.033425	-0.020180
HG02323	0.236248	0.015393	0.001620	-0.003176	-0.043937	-0.015452	-0.026025	0.017381	0.008517	-0.019108
HG02325	0.253610	0.017456	0.004268	0.010810	-0.005296	-0.004579	-0.028888	0.016486	-0.004793	0.017424
HG02330	0.212324	-0.001659	-0.000335	-0.001566	-0.020626	0.001347	0.016106	-0.041063	-0.010319	0.015401
HG02332	0.236252	0.017772	0.001474	0.000385	-0.034046	-0.035137	-0.000741	0.031527	-0.004047	0.011065
HG02334	0.096860	-0.028860	-0.013202	-0.002530	-0.014209	-0.021242	-0.013793	-0.000471	-0.009695	0.007637
HG02337	0.236201	0.020385	-0.004430	0.008253	0.001653	-0.047826	-0.007089	-0.009075	-0.012784	0.032001
HG02339	0.219922	0.003004	-0.002333	0.002749	0.016575	-0.072263	0.007851	-0.021114	-0.019251	0.008872
HG02343	0.121941	-0.019510	-0.018802	0.013461	-0.027604	0.027480	0.005798	-0.001626	0.029137	-0.022277
HG02345	-0.098969	0.001292	-0.086026	0.155416	0.000500	0.000724	-0.006900	0.000755	-0.001287	-0.000825
HG02348	-0.092706	0.003127	-0.085107	0.139821	0.003434	0.000172	-0.002568	0.000120	-0.001442	-0.004086
HG02351	-0.101787	0.137306	-0.015407	-0.032398	-0.001970	0.000185	0.002145	0.001971	0.003309	0.001127
HG02353	-0.095978	0.143175	-0.017806	-0.034461	-0.002546	0.002275	0.004558	-0.002535	0.000566	0.001010
HG02355	-0.097000	0.134383	-0.002364	-0.032163	-0.002066	0.002164	0.000754	-0.004983	-0.003599	-0.005218
HG02356	-0.094366	0.135555	-0.001316	-0.025296	-0.001500	0.001245	-0.002797	-0.002002	0.002195	0.000093
HG02360	-0.100138	0.139762	-0.000003	-0.045622	-0.000175	0.003522	-0.001614	-0.000542	-0.002545	-0.001893
HG02364	-0.103333	0.146601	-0.026135	-0.016312	0.000523	-0.001359	0.001039	-0.002537	-0.000322	0.001845
HG02367	-0.102557	0.131252	-0.021183	-0.030461	0.001155	-0.000494	-0.002429	-0.000113	0.000275	-0.000659
HG02371	-0.098030	0.138776	-0.014317	-0.028552	-0.001528	0.002593	0.000392	-0.001632	0.003086	0.000764
HG02373	-0.098154	0.136397	-0.024949	-0.019046	0.001461	0.003294	0.000247	-0.001409	0.004404	0.001533
HG02374	-0.105696	0.130638	-0.003179	-0.036785	0.002257	0.006196	-0.003801	-0.002766	0.003016	-0.000530
HG02375	-0.101726	0.137237	0.005487	-0.019504	0.000006	0.003311	-0.000287	0.002399	0.002988	0.001710
HG02379	-0.096552	0.138456	-0.011288	-0.051484	-0.000770	0.002047	0.001508	0.000787	-0.001393	0.001607
HG02380	-0.097059	0.137048	-0.004354	-0.026957	-0.000405	0.000402	-0.001175	0.000821	0.001990	-0.000940
HG02382	-0.096180	0.134405	-0.018028	-0.029586	0.002400	-0.000675	0.000288	-0.002978	0.004292	-0.000169
HG02383	-0.097289	0.151366	-0.009242	-0.031710	0.000310	-0.000841	0.000653	-0.003594	0.001750	-0.000410
HG02384	-0.100165	0.141828	-0.020663	-0.022137	0.001954	-0.001755	0.001856	-0.003831	-0.000972	-0.001374
HG02385	-0.088458	0.130021	0.007548	-0.042104	-0.004915	0.001494	0.000024	-0.002622	0.000024	0.001387
HG02386	-0.089497	0.134254	0.002653	-0.035109	0.001598	0.000941	-0.000274	-0.000005	-0.002141	-0.003093
HG02389	-0.107145	0.119081	-0.015875	-0.020323	-0.003958	-0.000062	-0.001451	-0.000182	0.003279	-0.001345
HG02390	-0.094645	0.104334	0.010379	-0.035528	-0.002586	-0.000479	-0.002205	-0.002099	0.000866	0.001324
HG02391	-0.099883	0.138852	-0.018480	-0.028300	-0.003643	-0.001415	0.001772	0.000677	0.003704	0.001715
HG02392	-0.099049	0.129077	-0.010274	-0.028693	-0.004770	0.006170	-0.001512	-0.000028	0.001837	0.001127
HG02394	-0.086340	0.131389	-0.018459	-0.039592	0.001260	0.001680	0.006005	-0.002688	0.002847	-0.002831
HG02395	-0.093536	0.131820	-0.013936	-0.031137	-0.003143	0.001279	0.002687	-0.000684	0.003547	0.001337
HG02396	-0.092539	0.130459	-0.005410	-0.047605	0.000767	0.002488	0.002536	-0.000635	0.001702	0.000421
HG02397	-0.094248	0.125952	-0.009825	-0.028180	-0.000460	-0.000595	0.002212	0.002787	0.000310	-0.002282
HG02398	-0.104063	0.148009	-0.005911	-0.034333	0.001231	0.003119	-0.001072	0.003003	0.001521	-0.002020
HG02399	-0.099417	0.121243	-0.022956	-0.024404	0.001760	0.001818	-0.000593	-0.000886	-0.005458	-0.005820
HG02401	-0.098117	0.140182	-0.024949	-0.029008	0.002903	0.001982	0.002388	-0.001627	0.002951	-0.000645
HG02402	-0.095531	0.138186	-0.026320	-0.027117	-0.000277	0.000641	0.002414	-0.003331	0.001153	0.001442
HG02406	-0.099695	0.140621	-0.023542	-0.045493	-0.001968	0.001506	0.002796	-0.003002	0.003056	0.002788
HG02407	-0.094169	0.125394	-0.013689	-0.038327	-0.000804	0.002836	0.000953	-0.003320	0.001682	0.002640
HG02408	-0.094233	0.126655	-0.001169	-0.019657	-0.000395	0.001641	0.000570	-0.002390	0.002202	-0.001887
HG02409	-0.099382	0.131539	-0.014693	-0.025327	-0.001422	0.003998	-0.002604	0.000847	-0.000704	-0.000756
HG02410	-0.102566	0.142602	-0.000131	-0.037962	-0.002768	0.004647	-0.001433	-0.000402	0.002540	0.001702
HG02419	0.220511	0.010721	0.007591	-0.000141	0.012891	0.045295	0.008369	-0.030821	0.022333	0.004767
HG02420	0.119035	-0.022462	-0.020761	-0.022979	-0.007476	-0.034650	-0.007878	0.003627	-0.013916	-0.013321
HG02425	0.002241	-0.037491	-0.039178	0.015993	0.003017	-0.016528	0.001400	0.000998	-0.001125	-0.007814
HG02427	0.131797	-0.022668	-0.006584	-0.003241	-0.003557	-0.031813	-0.004762	-0.009168	-0.005823	-0.000125
HG02429	0.234085	0.014252	-0.002975	0.004026	-0.014424	-0.048124	-0.031087	-0.007365	-0.035257	0.015381
HG02433	0.121121	-0.031634	-0.003875	-0.019975	-0.007358	-0.008628	-0.007550	0.003565	-0.007424	0.010205
HG02439	0.172411	-0.015386	0.004540	-0.009844	-0.018080	-0.003215	-0.004050	0.002760	-0.027851	-0.023484
HG02442	0.221667	0.016690	0.001302	0.004715	-0.017062	-0.045944	-0.019174	0.017264	0.000496	-0.008123
HG02445	0.214039	0.009585	0.002901	0.002839	-0.004588	-0.013915	-0.010259	0.009026	-0.013279	-0.022440
HG02449	0.116601	-0.019171	-0.002266	-0.016105	-0.008860	-0.008630	-0.001135	0.005399	-0.006460	-0.006249
HG02450	0.239989	0.014212	-0.008255	-0.003070	-0.030133	-0.023935	0.005813	0.006074	-0.023329	0.010001
HG02455	0.179798	-0.023493	-0.008058	-0.013780	-0.018334	0.002929	0.010452	-0.029769	-0.030481	0.009162
HG02461	0.235503	0.013419	-0.004204	-0.003968	-0.072203	0.114503	-0.002178	0.007469	0.038101	-0.004374
HG02462	0.216822	0.001850	-0.002501	0.007935	-0.066252	0.074247	0.007635	-0.010695	0.017795	0.030832
HG02464	0.226308	0.003237	0.003513	0.003468	-0.076139	0.080289	0.006387	-0.005032	0.060721	-0.034742
HG02465	0.212453	0.014129	-0.004348	-0.009861	-0.073429	0.069158	-0.015571	0.011894	0.021047	0.000959
HG02470	0.229833	0.004458	-0.006093	0.009941	-0.002495	-0.056044	0.045643	-0.040043	-0.015371	-0.045800
HG02471	0.256326	0.019793	-0.003736	0.013255	-0.004030	-0.077699	0.013491	0.001096	-0.010520	0.012033
HG02476	0.212820	-0.000143	0.014859	0.000598	-0.023971	-0.057172	0.005553	0.008250	0.003363	-0.008097
HG02477	0.134015	-0.020282	-0.018310	-0.013171	0.004959	-0.049469	-0.018264	-0.002042	-0.017837	-0.010865
HG02479	0.216296	0.012322	0.002580	0.002544	-0.014927	-0.036819	-0.033762	-0.002461	-0.025457	0.022523
HG02481	0.176404	0.000856	-0.003656	-0.004664	0.016518	-0.037821	-0.028681	-0.001252	-0.002506	0.014342
HG02484	0.246299	0.008709	0.005647	0.008206	-0.006434	-0.048806	-0.012713	0.001360	-0.028453	0.030925
HG02485	0.085014	-0.037706	-0.007896	-0.029138	-0.018954	0.011873	-0.002725	-0.015887	-0.005629	0.001940
HG02489	0.253843	0.023666	-0.001074	0.012465	-0.001712	-0.027013	-0.010098	0.019292	0.029305	0.013662
HG02490	-0.067191	-0.040706	0.096191	0.005659	-0.000367	0.000826	-0.000084	-0.001174	0.002173	-0.002566
HG02491	-0.072860	-0.054197	0.059211	0.033773	-0.002704	-0.004831	-0.001720	0.003785	-0.003818	0.001071
HG02493	-0.074612	-0.039160	0.074743	-0.004582	-0.001123	0.000711	-0.000482	-0.000728	-0.003366	0.003778
HG02494	-0.074707	-0.072375	0.025787	0.019800	0.001451	-0.005523	0.001902	-0.000056	-0.003457	0.000102
HG02496	0.224104	0.004934	-0.013408	-0.008146	-0.006146	-0.056883	0.031464	0.028331	-0.043584	-0.015714
HG02497	0.217978	0.015040	-0.001242	-0.005341	-0.033170	-0.056650	-0.012507	0.005955	-0.002579	-0.033255
HG02501	0.227513	0.012926	0.007775	-0.009462	-0.023535	-0.020007	-0.000098	0.028091	-0.013212	0.011492
HG02502	0.079033	-0.032038	0.002483	-0.021485	-0.005076	-0.028731	-0.010145	0.004102	0.003553	-0.000922
HG02505	0.133092	-0.014599	-0.005159	-0.015991	-0.020785	-0.029442	-0.004335	0.007782	0.013459	-0.020752
HG02508	0.090029	-0.037327	-0.020183	-0.028382	-0.017922	-0.016137	-0.005585	0.011082	-0.007061	-0.016043
HG02511	0.243777	0.024909	0.000651	0.009361	-0.013192	-0.051350	0.004531	-0.006464	-0.017750	0.021957
HG02512	-0.097422	0.111693	0.001443	-0.010049	0.000547	0.003067	0.000032	-0.000024	0.003708	0.001095
HG02513	-0.091013	0.144192	-0.031869	-0.040929	-0.000323	-0.000320	0.005925	-0.003453	0.008183	0.002981
HG02521	-0.097150	0.123952	-0.014460	-0.015804	-0.001152	-0.002414	0.002795	-0.001453	0.003980	-0.001571
HG02522	-0.103260	0.133626	-0.002811	-0.032442	-0.001682	-0.003029	0.000429	-0.000329	0.002410	-0.001463
HG02536	0.252808	0.015602	0.012558	0.009225	-0.036730	-0.047766	-0.009167	-0.000887	-0.023435	0.013589
HG02537	0.213378	-0.003680	0.003119	-0.010707	-0.015094	-0.047099	-0.014278	0.009468	-0.031577	0.016394
HG02541	0.197879	0.002181	0.008313	-0.006549	-0.013928	-0.040482	0.009079	0.012464	-0.014826	0.005059
HG02545	0.139729	-0.008519	-0.010063	-0.004654	-0.028015	-0.047884	-0.009180	0.009740	0.005038	-0.013455
HG02546	0.220352	0.018312	-0.005659	-0.005014	-0.026932	0.004536	-0.016688	0.000460	0.014961	-0.004064
HG02549	0.240102	0.014345	0.007959	0.011238	-0.014659	-0.062778	0.008649	-0.002869	-0.005730	-0.002216
HG02554	0.179318	0.041595	0.006668	-0.014543	0.010626	0.069156	0.006495	-0.014489	0.025166	0.056025
HG02555	0.233688	0.017304	0.000540	-0.005026	-0.015219	-0.032254	-0.005533	-0.004095	0.003732	0.045949
HG02557	0.194282	-0.005235	0.001289	-0.009904	-0.019277	-0.067556	0.003797	0.021386	0.010500	-0.015030
HG02558	0.197522	-0.001705	-0.017380	-0.007549	-0.016444	-0.047501	-0.010712	0.001382	-0.005139	0.024674
HG02561	0.186066	0.004299	0.002508	-0.001588	-0.033280	0.047460	-0.000351	0.006171	0.004486	-0.008155
HG02562	0.235900	0.012746	0.000286	0.011224	-0.053042	0.096525	-0.000170	0.011111	0.024232	0.007054
HG02568	0.212762	-0.000874	0.005792	-0.000570	-0.065749	0.079400	0.001656	0.004577	0.024962	0.011026
HG02570	0.230798	0.005706	0.001304	-0.017270	-0.056373	0.054385	-0.001106	0.005990	0.004572	0.003636
HG02571	0.238583	0.007101	0.004747	0.002462	-0.068693	0.153196	-0.008499	0.027537	0.031911	-0.030177
HG02573	0.221767	0.005466	-0.011991	0.005917	-0.055082	0.133279	0.019591	0.008807	0.010823	0.008155
HG02574	0.235952	0.008968	-0.009848	0.000058	-0.065823	0.102544	-0.002482	0.005367	0.034670	0.002681
HG02577	0.253965	0.010636	0.009271	0.006147	-0.018755	-0.012600	0.055299	-0.075975	-0.050150	-0.038182
HG02580	0.238094	0.016079	0.003946	-0.005781	-0.025397	-0.049760	-0.008073	0.004834	0.010274	-0.024790
HG02582	0.226992	0.012125	-0.002612	0.012903	-0.065324	0.110873	-0.004684	0.012864	0.008172	0.012875
HG02583	0.221897	0.003241	-0.011296	-0.005724	-0.021908	0.074805	0.003961	0.009022	0.001626	0.006614
HG02585	0.238331	0.005589	-0.004843	0.000325	-0.061073	0.133974	-0.009011	0.021202	0.040233	0.018449
HG02586	0.204594	0.008551	0.004915	0.003244	-0.045391	0.083829	0.008846	-0.002071	0.030443	-0.023136
HG02588	0.232584	0.012331	-0.001699	0.006288	-0.073960	0.099174	-0.024953	0.041766	0.019414	0.002349
HG02589	0.226593	0.012667	-0.000117	-0.006107	-0.037958	0.069063	0.015103	0.026802	0.021125	-0.002531
HG02594	0.225758	0.009995	0.004864	-0.004420	-0.046701	0.143427	-0.028004	0.030889	0.039339	-0.000777
HG02595	0.224874	0.002620	-0.005035	-0.004683	-0.040714	0.065391	-0.000180	0.009514	0.048169	-0.009106
HG02597	-0.076281	-0.055475	0.081630	0.017609	0.000026	-0.003732	-0.002506	-0.002326	0.003180	0.002280
HG02600	-0.075996	-0.041105	0.059649	0.010368	0.001636	0.000739	-0.001561	-0.001415	0.000470	-0.004716
HG02601	-0.082624	-0.032776	0.079568	0.041617	-0.002306	-0.004097	0.001923	-0.001612	0.003366	0.004595
HG02603	-0.079043	-0.021015	0.062044	0.009338	-0.003760	0.007638	0.001823	0.003488	-0.000764	-0.003348
HG02604	-0.075877	-0.034376	0.084000	0.012650	0.000076	-0.002025	-0.007111	0.002588	0.000171	-0.001224
HG02610	0.222245	0.011566	0.004345	-0.000101	-0.051377	0.117194	-0.017747	0.011336	0.036040	-0.003872
HG02611	0.236294	0.012776	-0.004601	0.004443	-0.070421	0.098431	-0.016959	0.013926	0.039949	0.026938
HG02613	0.210221	-0.002626	-0.002365	0.004876	-0.065677	0.085041	0.018101	-0.004231	-0.020685	-0.011517
HG02614	0.208515	0.003967	0.000848	0.001168	-0.044498	0.079121	0.011597	-0.027209	0.005028	-0.009899
HG02620	0.225459	0.015096	0.005987	0.006738	-0.037487	0.062050	-0.027947	0.039165	0.029874	-0.008882
HG02621	0.243536	0.014886	0.005788	0.006118	-0.053577	0.109412	-0.008852	0.038687	0.016208	-0.002872
HG02623	0.232234	0.020485	-0.003467	-0.001296	-0.073865	0.149362	0.012575	0.006024	0.035705	0.008172
HG02624	0.223670	0.012746	-0.004134	0.005538	-0.060570	0.107998	-0.017550	0.019848	0.019037	-0.014551
HG02628	0.237621	0.019875	0.001463	0.014590	-0.077271	0.158577	0.024312	-0.017763	0.038984	-0.026523
HG02629	0.229916	0.014679	0.001849	0.009163	-0.067461	0.126757	-0.005147	0.027594	0.025462	0.009846
HG02634	0.217890	0.012415	0.007649	-0.004547	-0.069472	0.066151	-0.012740	0.015188	0.058672	-0.024515
HG02635	0.208626	0.009032	-0.013003	-0.000017	-0.039960	0.107509	-0.008423	0.011511	0.003967	0.028177
HG02642	0.234927	0.014172	-0.000148	0.006288	-0.069015	0.099843	-0.003241	0.003010	0.041424	-0.008045
HG02643	0.213018	0.006370	0.003679	0.000144	-0.058035	0.074257	-0.004402	0.003811	0.045787	-0.020631
HG02645	0.242995	0.005303	0.001406	0.007562	-0.062337	0.109601	0.005542	-0.009590	0.028333	0.007360
HG02646	0.239826	0.017742	-0.007298	-0.005056	-0.069646	0.145906	0.000895	0.002731	0.043253	0.007692
HG02648	-0.071005	-0.049320	0.058664	0.017762	0.002632	0.004189	0.000130	-0.002206	-0.005739	-0.001906
HG02649	-0.078447	-0.036974	0.060285	-0.002434	0.002335	0.000658	-0.000139	-0.000662	-0.001336	0.000042
HG02651	-0.077724	-0.052996	0.032594	-0.010349	-0.000020	-0.003089	0.000078	-0.003041	-0.000933	-0.001475
HG02652	-0.070665	-0.054912	0.038291	-0.008019	-0.001946	0.000229	0.001682	-0.003483	-0.003430	-0.000428
HG02654	-0.069120	-0.049503	0.084641	-0.008849	-0.003593	0.002912	-0.004642	0.003065	-0.000407	0.000878
HG02655	-0.071283	-0.032541	0.071353	-0.001205	-0.002236	0.000382	0.004202	0.000356	0.005560	-0.001927
HG02657	-0.070693	-0.059270	0.091032	0.024525	0.000550	-0.004451	-0.002387	-0.001618	-0.001600	-0.000362
HG02658	-0.070906	-0.068895	0.058761	0.025307	0.001371	-0.004930	0.001092	-0.000456	-0.001712	0.001185
HG02660	-0.074777	-0.050360	0.102698	0.038407	-0.004633	-0.004142	0.002349	-0.004711	-0.000015	0.004384
HG02661	-0.087395	-0.032370	0.094232	0.038151	-0.003723	-0.000771	-0.002738	0.002344	-0.000974	0.001316
HG02666	0.218365	0.018761	0.007942	-0.007870	-0.088826	0.159519	-0.000264	-0.004039	0.063842	0.014737
HG02667	0.221465	0.014448	0.002933	0.007828	-0.062490	0.116887	0.010750	0.010285	0.071882	-0.016043
HG02675	0.227962	0.014812	0.004789	0.014262	-0.047921	0.094420	0.018494	0.006205	0.021449	-0.021191
HG02676	0.249681	0.015179	-0.002943	0.001376	-0.051175	0.131473	0.005109	0.009737	0.027999	0.043174
HG02678	0.221563	0.017445	0.006596	0.002678	-0.063707	0.144257	0.011840	0.017060	0.030974	0.032257
HG02679	0.230721	0.018094	-0.001234	-0.003157	-0.059119	0.094585	-0.000829	-0.002586	0.043138	-0.018671
HG02681	-0.072858	-0.060037	0.050549	0.019533	0.001980	0.001306	0.001427	0.000478	-0.002692	0.003638
HG02682	-0.068634	-0.057800	0.061883	0.011823	-0.003342	0.000769	-0.004660	-0.004585	0.003184	-0.009133
HG02684	-0.075356	-0.036519	0.095853	0.023424	-0.002909	0.001719	0.000590	0.001812	-0.000252	0.000008
HG02685	-0.072960	-0.018011	0.099652	0.025440	-0.001734	0.003179	-0.000918	0.003033	-0.003529	-0.000562
HG02687	-0.078335	-0.010234	0.110218	0.047257	-0.003615	-0.008109	0.002345	0.004220	0.001009	0.003982
HG02688	-0.075559	-0.022892	0.106338	0.063192	-0.005253	-0.002103	-0.000069	0.001597	0.002252	0.004635
HG02690	-0.080255	-0.048850	0.071142	0.004356	-0.000542	0.002382	-0.000657	-0.003202	-0.002406	-0.000582
HG02691	-0.076776	-0.050059	0.080268	0.019681	-0.002090	-0.001530	0.000238	-0.001870	-0.002060	-0.003357
HG02694	-0.068113	-0.053827	0.053592	0.031250	0.000198	0.001215	-0.000620	0.000479	-0.002209	-0.000493
HG02696	-0.078520	-0.024047	0.066884	0.005163	-0.001159	-0.002874	0.001235	-0.001187	-0.000085	0.001011
HG02697	-0.071802	-0.049937	0.062357	0.029895	0.000287	0.002165	0.000686	0.000019	-0.000604	0.003567
HG02699	-0.068869	-0.049761	0.052961	0.008986	-0.000341	-0.003509	0.005458	0.000725	-0.002988	0.000753
HG02700	-0.075105	-0.048574	0.057376	-0.001311	-0.003669	-0.001018	0.001589	0.002635	-0.001570	-0.001643
HG02702	0.235930	0.007339	0.006308	-0.002080	-0.089403	0.047077	0.014038	0.009551	0.004249	0.022042
HG02703	0.244619	0.007656	-0.001459	0.015332	-0.075082	0.174235	0.034018	-0.017991	0.063650	-0.007110
HG02715	0.225784	0.021405	0.006149	-0.010867	-0.066653	0.099760	0.012681	-0.008055	0.030922	0.002664
HG02716	0.218453	0.015961	-0.004447	0.007063	-0.059922	0.108769	-0.005194	0.010688	0.034329	-0.019430
HG02721	0.236785	0.013259	0.013600	-0.001617	-0.088401	0.162043	0.037044	-0.043534	0.040882	0.016117
HG02722	0.228761	0.010336	-0.000329	-0.001784	-0.054740	0.048535	-0.004789	0.022213	0.013073	-0.019944
HG02724	-0.078487	-0.034074	0.079070	0.012609	-0.001263	-0.004603	-0.002272	0.001145	-0.002042	0.002150
HG02725	-0.077985	-0.008935	0.118605	0.019448	-0.005013	0.005296	-0.002735	0.000910	0.001449	0.001361
HG02727	-0.082939	-0.028430	0.075366	0.034105	0.003570	-0.006122	0.005335	-0.002745	-0.000534	0.005222
HG02728	-0.073355	-0.046116	0.080711	0.012124	-0.003207	0.000213	-0.003891	-0.002104	-0.001480	0.003735
HG02731	-0.065280	-0.044074	0.066905	-0.007302	0.000089	0.001475	-0.003850	0.000167	0.002723	-0.002957
HG02733	-0.071465	-0.052152	0.094074	0.026163	-0.004462	-0.000308	0.003838	-0.004321	0.002632	0.002013
HG02734	-0.070093	-0.026949	0.071536	0.009135	0.000747	-0.001623	0.000496	0.000226	0.003825	0.000236
HG02736	-0.076373	-0.053848	0.059590	0.003668	-0.000251	0.000994	0.001251	0.000204	-0.003217	-0.000601
HG02737	-0.078956	-0.041397	0.062872	0.020977	-0.000860	-0.004476	0.001699	-0.004441	0.001524	0.000172
HG02756	0.222026	0.012638	-0.002506	-0.007261	-0.074178	0.104567	-0.002312	0.006823	0.045514	0.006551
HG02757	0.224524	0.005882	0.010795	0.004026	-0.066787	0.116967	0.029693	0.017982	0.022732	-0.014051
HG02759	0.235655	0.019332	-0.001028	0.002065	-0.074996	0.096326	0.002759	0.022415	0.001025	-0.005199
HG02760	0.242311	0.011230	-0.000876	0.008813	-0.078700	0.074099	0.031471	0.027079	0.021202	-0.011413
HG02763	0.204773	0.007464	0.002033	0.005605	-0.035282	0.066267	0.017683	-0.008354	0.023902	-0.026121
HG02768	0.217962	0.010973	-0.004921	0.001283	-0.049408	0.041668	0.003944	-0.003320	0.029740	-0.019297
HG02769	0.228390	0.014008	0.000223	0.009234	-0.051176	0.079249	-0.002033	-0.020714	0.017857	-0.011188
HG02771	0.245370	0.009018	0.004023	0.007559	-0.047091	0.190370	0.098586	-0.122284	-0.005441	-0.018359
HG02772	0.240343	0.019021	0.010341	0.003609	-0.065694	0.146095	0.023310	-0.038559	0.059208	0.016215
HG02774	-0.083499	-0.041219	0.070856	0.024436	-0.002576	-0.002253	0.000291	0.001064	-0.003387	0.000639
HG02775	-0.077177	-0.029726	0.078858	0.019034	-0.004918	0.001020	0.000056	0.000200	0.003781	0.003533
HG02778	-0.077665	-0.020775	0.108444	0.015546	0.001194	0.002152	0.003154	-0.001767	-0.000830	0.002049
HG02780	-0.073939	-0.040376	0.071596	0.010695	0.000210	0.006869	0.000987	0.000918	-0.000209	0.002772
HG02783	-0.080457	-0.033903	0.092023	0.011078	-0.003360	0.005415	0.001144	-0.002218	0.001934	0.002455
HG02784	-0.080252	-0.015051	0.132477	0.040414	-0.003425	-0.004445	0.002513	0.003867	0.004422	0.002366
HG02786	-0.081884	-0.022285	0.091870	0.032066	-0.000361	0.003244	0.002548	-0.003762	0.001580	0.006079
HG02787	-0.076243	-0.025715	0.092946	0.032529	-0.002256	-0.000036	-0.000993	-0.001702	0.001390	-0.000597
HG02789	-0.075763	-0.037216	0.086462	0.016473	-0.004816	0.001419	0.001337	0.000406	-0.002679	0.001446
HG02790	-0.068843	-0.026039	0.088778	-0.000162	-0.001474	0.000534	0.002570	0.003091	-0.001520	-0.009072
HG02792	-0.067435	-0.016869	0.123260	0.013550	-0.004120	-0.005620	0.002024	0.001073	-0.001809	-0.000051
HG02793	-0.074293	-0.006162	0.109576	0.028519	-0.005457	-0.000697	-0.002051	-0.000422	-0.003561	0.004280
HG02798	0.228470	0.008634	-0.000565	-0.007887	-0.062139	0.067479	0.002054	0.001292	0.024529	-0.005890
HG02799	0.229062	0.014945	-0.008071	-0.000037	-0.073063	0.111841	0.005894	0.009770	0.040670	-0.018920
HG02804	0.249248	0.007999	-0.000532	0.017557	-0.056979	0.163965	-0.006016	-0.005693	0.039580	0.020029
HG02805	0.248257	0.013778	-0.003842	0.009731	-0.082105	0.193442	0.024695	-0.012881	0.061322	0.042416
HG02807	0.220661	0.017657	0.012561	0.011129	-0.037373	0.073431	0.008545	0.005019	0.014817	0.003886
HG02808	0.245588	0.011760	0.001516	0.006611	-0.047943	0.136910	-0.003360	0.016141	0.054767	0.037095
HG02810	0.207482	-0.006337	-0.014139	0.003760	-0.040096	0.037299	-0.008388	-0.003442	0.013890	-0.006087
HG02811	0.158262	-0.014402	-0.008974	-0.008979	-0.056232	0.080649	-0.006662	0.003028	0.051988	-0.006597
HG02813	0.224904	0.008617	0.003065	0.002952	-0.062310	0.093296	-0.012336	0.012464	0.005227	0.006780
HG02814	0.222810	0.011706	-0.004968	-0.001533	-0.069744	0.089341	-0.010315	0.006939	0.010448	-0.001331
HG02816	0.216101	0.005514	-0.010121	0.001420	-0.055458	0.072723	-0.005681	0.042697	0.007133	0.026964
HG02817	0.201559	0.006338	-0.004495	0.011578	-0.029068	0.098531	-0.001927	-0.021209	0.025098	0.019233
HG02819	0.227291	0.016396	-0.004681	0.014015	-0.035641	0.061154	0.007426	-0.008483	0.034712	-0.003208
HG02820	0.240346	0.003660	0.004036	-0.004731	-0.048887	0.052035	0.009420	-0.001236	0.028172	-0.001893
HG02836	0.239571	0.015819	0.002182	0.005126	-0.084836	0.046253	0.011347	0.003156	-0.007711	0.007862
HG02837	0.247848	0.007648	-0.008598	-0.001961	-0.062673	0.069753	0.005685	0.024236	0.010733	0.033103
HG02839	0.249685	0.012174	0.008741	0.012207	-0.078821	0.187814	0.032494	-0.073164	0.028786	-0.043348
HG02840	0.212113	0.006351	0.004291	0.000118	-0.059053	0.077987	0.001317	0.000109	0.020334	-0.020990
HG02851	0.211884	0.012069	-0.010396	-0.006908	-0.058389	0.067273	-0.000017	-0.001311	0.017305	0.001836
HG02852	0.231896	0.010841	-0.014903	0.009679	-0.063317	0.142417	0.028007	-0.010299	0.017687	0.005752
HG02854	0.242167	0.003725	-0.006051	-0.002134	-0.066952	0.091857	0.012384	0.007200	-0.003372	-0.017917
HG02855	0.220762	0.017078	0.005826	-0.002111	-0.088664	0.101019	0.005601	0.008935	0.022051	-0.031367
HG02860	0.211143	-0.000709	-0.008847	-0.011125	-0.038186	0.085751	-0.000324	0.007689	0.016663	0.019333
HG02861	0.238657	0.000700	-0.002608	0.002630	-0.065788	0.113474	-0.000509	0.003194	0.070928	-0.023250
HG02870	0.217258	0.011183	0.000638	-0.002141	-0.048683	0.086363	0.001192	0.002902	0.021279	0.002594
HG02878	0.221105	0.012675	-0.002040	0.002267	-0.074975	0.111475	-0.007779	-0.000671	0.047530	0.012253
HG02879	0.231340	0.014051	0.002645	-0.004755	-0.053648	0.063323	0.005416	0.016585	0.023738	-0.007652
HG02881	0.221091	0.011899	0.002567	0.000946	-0.050870	0.114142	0.009503	-0.029384	0.053099	0.000853
HG02882	0.239969	0.017317	-0.010884	0.024824	-0.093310	0.138844	-0.008577	0.001218	0.018668	0.019107
HG02884	0.237547	0.018749	0.007343	-0.006970	-0.039483	0.130679	0.050394	-0.075997	-0.025812	-0.042079
HG02885	0.215761	0.000154	0.002837	-0.001531	-0.056170	0.102087	0.002302	-0.000896	0.029262	0.015521
HG02887	0.221000	0.004473	0.000522	-0.004534	-0.068828	0.089923	-0.014697	0.005785	0.035743	-0.022202
HG02888	0.252291	0.015851	0.001947	0.007893	-0.088251	0.138766	-0.004053	-0.001746	0.020372	-0.014472
HG02890	0.250126	0.010857	0.001245	0.007963	-0.053821	0.081295	0.012878	-0.008625	0.015163	0.014422
HG02891	0.217499	0.006253	0.002729	-0.001968	-0.049534	0.089891	-0.003243	-0.002021	-0.011077	-0.002534
HG02895	0.244398	0.014732	-0.005355	-0.004288	-0.057214	0.095617	0.012455	-0.000307	0.047117	0.000125
HG02896	0.225835	0.016047	0.002364	0.003506	-0.069038	0.083111	0.009488	0.010183	0.034808	-0.022849
HG02922	0.246857	0.017413	0.000216	-0.006837	-0.013882	-0.095859	-0.022210	0.012966	-0.019802	-0.006358
HG02923	0.228372	0.016457	0.009373	0.004853	-0.007933	-0.059623	0.004967	-0.003402	0.004986	0.013395
HG02938	0.221671	0.009791	0.003034	-0.007042	-0.010688	-0.068107	-0.015963	-0.006230	-0.020110	0.003226
HG02941	0.227583	0.020266	0.004042	0.000828	0.004119	-0.080336	-0.018516	-0.003778	-0.012696	0.012087
HG02943	0.228366	0.019336	0.003157	-0.000267	-0.009082	-0.064451	-0.021812	0.015608	-0.000482	-0.022448
HG02944	0.244790	0.021170	0.003719	0.007038	-0.030539	-0.055842	0.010227	0.007704	-0.027859	-0.012329
HG02946	0.235199	0.009708	-0.004360	0.005730	0.002116	-0.071769	0.013948	0.012545	0.021919	-0.021724
HG02947	0.231575	0.009123	-0.000261	-0.006231	0.009586	-0.049731	-0.016119	-0.007361	0.002619	0.010290
HG02952	0.240749	0.015081	0.005995	0.000196	-0.031446	-0.100075	-0.012849	0.008355	-0.027682	-0.011376
HG02953	0.236682	0.017893	-0.007377	-0.007521	-0.014922	-0.066341	-0.008163	0.009095	-0.013024	-0.000305
HG02968	0.225892	0.012522	0.001598	-0.009106	0.001992	-0.044845	-0.003508	0.018841	-0.014337	0.004772
HG02970	0.229027	0.021404	0.012451	0.003368	-0.007605	-0.058182	0.012764	0.000859	-0.004135	-0.000416
HG02971	0.217553	0.016042	0.002513	-0.000221	-0.001638	-0.037488	-0.010098	0.006067	-0.020964	-0.020684
HG02973	0.238935	0.012986	-0.004017	0.007369	-0.017437	-0.069538	0.009736	-0.010444	-0.009363	-0.006413
HG02974	0.244796	0.020730	-0.003968	-0.004730	0.002135	-0.037872	-0.010577	0.010677	-0.014350	0.036521
HG02976	0.233482	0.008957	0.002315	-0.001881	-0.019800	-0.098564	0.001358	0.004030	0.017406	-0.027628
HG02977	0.242341	0.019184	-0.016376	-0.002151	-0.014632	-0.094827	-0.023621	0.000985	-0.015359	0.006908
HG02979	0.230581	0.017799	-0.002876	0.003675	0.046632	-0.090169	-0.015618	-0.012650	-0.000781	0.005603
HG02981	0.219466	0.015227	-0.000073	0.001355	-0.009328	-0.081715	-0.015366	0.027253	-0.012089	-0.010546
HG02982	0.229615	0.002106	0.004458	-0.004575	-0.042379	0.098977	0.028936	0.016227	0.055168	0.015230
HG02983	0.211626	0.005701	-0.001480	-0.006141	-0.057735	0.099191	-0.004696	0.009409	0.046375	-0.008115
HG03006	-0.086511	0.013431	0.095994	0.015024	0.001806	-0.002160	0.001425	-0.000140	-0.005996	0.003809
HG03007	-0.083737	-0.016950	0.106382	0.028300	-0.002087	-0.000770	-0.001611	0.000964	-0.000389	-0.001111
HG03009	-0.074179	-0.006256	0.088938	0.005502	-0.001387	-0.007241	-0.000809	0.005815	-0.001243	0.005795
HG03012	-0.080398	0.004350	0.096867	0.035404	-0.000411	0.004574	0.003620	-0.001526	0.004896	-0.000959
HG03015	-0.074333	-0.024212	0.076635	0.007585	-0.001949	-0.001870	0.000498	0.000770	0.005906	0.000234
HG03016	-0.068265	-0.049145	0.089274	0.023619	-0.004193	-0.001323	-0.000304	0.003309	0.003597	0.000983
HG03018	-0.074890	-0.032483	0.084249	0.018162	-0.000324	0.002938	-0.005889	-0.000537	-0.000433	-0.000176
HG03019	-0.083740	-0.040378	0.065420	0.017557	0.000446	-0.001715	-0.000556	-0.000191	-0.000673	-0.000654
HG03021	-0.078458	-0.037478	0.078044	0.020192	-0.002338	-0.004149	0.001587	0.000280	0.001837	0.004157
HG03022	-0.078577	-0.027916	0.085549	0.030034	-0.000935	-0.000816	0.002465	0.000771	-0.002378	0.003966
HG03024	0.219740	0.010407	0.000361	0.004001	-0.045023	0.041240	0.001927	-0.017063	-0.008235	-0.017206
HG03025	0.225523	0.015808	-0.000858	-0.003292	-0.045643	0.124189	0.030350	-0.015283	0.025646	0.033033
HG03027	0.227572	0.006979	-0.006947	0.008096	-0.064143	0.138182	0.007961	0.011881	0.028404	0.012356
HG03028	0.217060	0.010470	0.011521	-0.004691	-0.065021	0.105903	-0.006451	0.027618	0.050033	0.009429
HG03039	0.236780	0.008259	-0.001672	0.003825	-0.047808	0.048391	0.023779	0.007452	-0.003278	0.007166
HG03040	0.226359	0.003548	0.001786	0.005237	-0.038335	0.020716	-0.015475	0.003094	0.013347	0.003833
HG03045	0.240040	0.021670	-0.000266	0.012785	-0.059886	0.117547	-0.013330	0.021929	0.001526	-0.042415
HG03046	0.242692	0.013234	-0.002457	0.005069	-0.047011	0.077234	0.010176	0.013753	0.014972	0.023486
HG03048	0.247113	0.016734	0.005370	0.000175	-0.055766	0.135347	-0.014519	0.017914	0.038618	0.026664
HG03049	0.228940	0.015097	-0.004501	0.001609	-0.062203	0.122779	0.003482	0.002811	0.037249	0.041129
HG03052	0.259956	0.014731	0.005203	0.006928	-0.055357	0.044261	0.010107	-0.007040	-0.008050	0.026718
HG03054	0.230620	0.019520	0.002050	0.006840	-0.069576	0.037447	0.018916	0.026339	0.003214	0.020747
HG03055	0.237435	0.018412	0.014328	0.008174	-0.046590	0.042436	-0.005667	-0.001767	0.017990	0.008138
HG03057	0.257241	0.018184	0.006833	0.005960	-0.044700	0.055064	-0.001066	0.019918	0.012068	-0.001405
HG03058	0.233945	0.010680	0.003334	-0.003057	-0.044801	-0.025743	-0.012681	0.024522	-0.001616	-0.012325
HG03060	0.236522	0.016123	-0.008799	0.011111	-0.052684	0.055717	0.028668	-0.033515	-0.063958	-0.061518
HG03061	0.233804	0.011963	0.011511	0.012057	-0.059023	0.014881	-0.009990	-0.000046	-0.008154	0.006106
HG03063	0.244744	0.011503	0.000057	0.008445	-0.077952	0.056703	-0.022663	0.001247	0.001657	0.026579
HG03064	0.226507	0.006113	-0.011948	-0.007271	-0.073088	0.017849	0.004458	-0.010348	-0.034352	-0.000273
HG03066	0.233096	0.014347	0.015766	-0.000753	-0.034452	-0.040802	0.000779	0.001691	-0.025388	0.002966
HG03069	0.232928	0.013572	0.008994	-0.002496	-0.073678	0.054548	0.018084	0.013736	-0.017343	-0.005197
HG03072	0.234367	0.015056	-0.004258	0.014893	-0.052712	0.026863	-0.015040	0.006010	0.002115	-0.017530
HG03073	0.246409	0.014493	0.003324	-0.001943	-0.052088	0.027411	-0.000278	-0.025200	-0.011150	-0.015720
HG03074	0.233836	0.015813	-0.000469	-0.005909	-0.063542	0.005714	0.004639	0.004939	-0.001329	-0.061450
HG03077	0.237813	0.019599	0.002723	-0.003950	-0.064956	0.016438	-0.007294	-0.015583	-0.030382	-0.007382
HG03078	0.244442	0.008280	-0.011111	0.003044	-0.042128	0.086001	-0.031646	0.017754	-0.042885	0.005627
HG03079	0.235183	0.007836	0.005025	-0.008702	-0.058030	0.030551	-0.001485	0.019230	0.013990	-0.011495
HG03081	0.246909	0.014735	-0.003523	-0.002213	-0.031976	0.041796	-0.009531	0.007552	-0.009109	0.002884
HG03082	0.242141	0.013231	0.000779	0.009708	-0.056842	0.043234	0.030180	-0.029427	-0.007969	-0.074315
HG03084	0.239951	0.013002	0.006530	0.000272	-0.084886	0.054148	-0.008041	0.005255	-0.011360	0.009257
HG03085	0.245358	0.009432	-0.001670	-0.003691	-0.051665	0.003297	0.057930	-0.016291	-0.072856	-0.027430
HG03086	0.241194	0.022559	0.014101	0.007052	-0.058740	-0.001651	-0.003529	0.026692	0.000137	-0.017003
HG03088	0.219826	0.003872	0.004623	-0.006633	-0.028900	0.025973	0.005419	0.006660	0.009745	0.007056
HG03091	0.239534	0.012848	0.002937	-0.004386	-0.053114	0.039308	0.005074	0.004583	-0.002611	-0.030147
HG03095	0.260392	0.024087	0.002649	0.001965	-0.094581	0.090747	0.005425	0.015760	0.003114	-0.022104
HG03096	0.249536	0.009228	0.015464	0.016138	-0.072715	0.040174	-0.002031	-0.011749	0.008557	0.023505
HG03097	0.235437	0.021193	-0.003156	-0.009139	-0.070691	0.082927	0.037346	-0.038265	0.019740	-0.001496
HG03099	0.250322	0.014609	-0.001449	-0.002249	-0.030031	-0.086930	-0.016156	0.009210	-0.021285	0.003133
HG03100	0.223306	0.006733	-0.004471	0.004629	-0.004224	-0.057947	-0.012844	0.004965	-0.006893	0.013840
HG03103	0.228148	0.013325	-0.001373	0.002531	-0.006772	-0.084112	0.008352	0.009488	-0.037213	0.009423
HG03105	0.220134	0.020602	-0.006259	-0.002061	0.003962	-0.123789	-0.020774	0.016191	-0.002619	-0.028352
HG03108	0.236255	0.010303	-0.005850	0.000637	-0.025965	-0.058173	-0.021344	0.021051	-0.007259	-0.024395
HG03109	0.239549	0.017678	0.009499	-0.012016	-0.009529	-0.038131	0.016454	-0.043907	-0.057746	-0.010667
HG03111	0.232927	0.021648	0.007979	0.006049	-0.014524	-0.095807	0.007415	0.003367	-0.029216	0.007604
HG03112	0.257423	0.008561	0.012744	0.008557	-0.016720	-0.087338	-0.009825	-0.004824	-0.022896	0.042963
HG03114	0.244537	0.005474	-0.001382	0.006612	-0.007026	-0.039386	-0.005834	0.004238	-0.006282	0.029498
HG03115	0.239166	0.020508	0.018553	0.000434	-0.022533	-0.086458	-0.006250	-0.005341	-0.024849	-0.005943
HG03117	0.245462	0.018842	0.005308	0.004740	-0.007232	-0.072448	0.006164	-0.061114	-0.028200	-0.007448
HG03118	0.230572	0.009796	0.001161	-0.003510	-0.014414	-0.040188	-0.009853	-0.010848	-0.023750	-0.023575
HG03120	0.244621	0.025564	0.001149	0.000161	0.000583	-0.054953	0.005009	-0.048907	-0.052633	-0.024103
HG03121	0.231351	0.014084	0.016531	0.002557	-0.014895	-0.094208	-0.008137	0.001689	-0.008675	0.000701
HG03123	0.235906	0.017452	-0.002544	-0.000469	0.002854	-0.104153	-0.009830	0.004781	-0.019602	-0.001594
HG03124	0.228476	0.013166	0.004222	-0.003806	-0.006400	-0.091683	-0.016288	-0.003301	-0.015519	-0.008702
HG03126	0.233233	0.013197	0.001876	-0.002551	-0.020318	-0.064007	-0.003432	0.015181	0.009915	-0.027972
HG03127	0.245927	0.009450	-0.009346	-0.002282	-0.026507	-0.058142	0.016526	-0.004702	-0.021305	-0.019439
HG03129	0.223815	0.007478	0.003572	-0.002186	-0.022016	-0.103786	-0.022806	0.007644	-0.013553	-0.009766
HG03130	0.245317	0.017638	0.002489	-0.005272	-0.041306	-0.067709	0.004350	0.018898	0.005268	-0.015426
HG03132	0.250958	0.020214	0.003808	-0.006638	-0.006339	-0.086150	-0.009928	0.009281	-0.036795	0.004485
HG03133	0.231317	0.010567	0.000427	0.005043	-0.025865	-0.061372	0.008334	0.019639	-0.022244	-0.006284
HG03135	0.233424	0.021677	-0.008485	-0.000567	-0.003932	-0.075686	-0.012516	-0.002679	-0.028095	0.027125
HG03136	0.230832	0.017395	0.009040	-0.001411	-0.015983	-0.115113	0.004888	-0.011117	-0.024578	-0.023619
HG03139	0.227915	0.004053	0.001147	-0.011212	-0.001434	-0.069909	0.009749	-0.009644	-0.033083	0.003118
HG03157	0.240766	0.022477	0.006878	0.000164	0.020297	-0.084917	0.009546	-0.025663	0.000870	-0.034998
HG03159	0.237457	0.013454	0.002658	-0.004274	-0.008435	-0.052722	0.001216	-0.000507	-0.026093	0.018110
HG03160	0.239898	0.020041	0.004333	-0.001918	-0.003096	-0.050074	0.014104	-0.019726	-0.001218	-0.017112
HG03162	0.219683	0.008669	0.008083	-0.007758	-0.003747	-0.061516	0.000513	0.001688	-0.020805	-0.001579
HG03163	0.222678	-0.000680	-0.002792	-0.018126	-0.009815	-0.088713	-0.009502	0.011431	-0.024630	0.012572
HG03166	0.242384	0.016313	0.000874	-0.005657	-0.015840	-0.074540	-0.000074	0.004539	-0.021643	-0.009381
HG03168	0.229751	0.011146	-0.001170	-0.012349	-0.005087	-0.090958	-0.008735	0.019187	-0.019966	0.005820
HG03169	0.231233	0.009268	-0.000036	-0.015134	0.002139	-0.082233	-0.014545	0.020569	-0.017129	-0.004213
HG03172	0.236192	0.012998	-0.004154	-0.000861	-0.012357	-0.064843	-0.007958	-0.003317	-0.025469	-0.017963
HG03175	0.246854	0.015693	-0.002835	-0.001522	-0.034932	-0.109239	-0.002313	0.015509	-0.042084	-0.001647
HG03189	0.239799	0.013667	0.009249	0.006239	0.011535	-0.042105	-0.006013	0.003466	-0.017231	0.019014
HG03190	0.249595	0.021430	0.001768	-0.000441	-0.003308	-0.073811	-0.007346	0.020486	-0.002016	0.002514
HG03193	0.224461	0.015324	-0.002460	0.001879	0.000696	-0.062200	-0.017839	0.003423	-0.008310	0.002319
HG03195	0.230291	0.019780	-0.001928	-0.001515	0.008419	-0.084548	0.001150	0.019391	0.000341	0.013474
HG03196	0.252786	0.014943	-0.001587	0.004356	-0.010032	-0.062634	0.023007	-0.003705	-0.019696	0.024309
HG03198	0.230626	0.012765	-0.001990	-0.009853	-0.009292	-0.105743	0.001650	0.015486	-0.022962	0.009215
HG03199	0.249640	0.015833	0.000840	0.003782	-0.003958	-0.104692	-0.008848	-0.008351	0.000708	0.004088
HG03202	0.218661	0.017248	0.007112	-0.003939	0.016547	-0.098327	-0.019105	-0.011731	-0.029965	-0.023168
HG03209	0.241551	0.013416	-0.002965	0.015443	-0.069481	0.040560	0.037478	-0.057714	-0.051211	-0.031565
HG03212	0.262105	0.014090	0.001660	0.005416	-0.094058	0.048204	-0.008449	0.024309	0.030351	-0.046692
HG03224	0.235957	0.008737	0.005866	-0.002863	-0.051583	0.036942	0.001086	0.004300	0.003424	-0.014110
HG03225	0.223997	0.008543	0.005689	-0.003957	-0.059723	0.035031	0.011079	-0.005029	-0.010322	-0.003462
HG03228	-0.075407	-0.037946	0.098610	0.010138	0.004033	-0.003897	0.001891	-0.002092	-0.005731	-0.001553
HG03229	-0.082019	-0.009144	0.113356	0.012463	0.002717	-0.000915	0.004752	-0.001722	-0.004087	-0.000638
HG03234	-0.072143	-0.057426	0.047696	0.031937	-0.001250	0.001937	0.001980	-0.000844	0.003481	0.001447
HG03235	-0.069626	-0.025825	0.078916	-0.007056	0.001385	0.002495	-0.001250	-0.002464	0.000652	0.006411
HG03237	-0.074966	-0.040942	0.062686	-0.007608	-0.002464	0.005192	0.002681	0.000039	0.000371	0.005197
HG03238	-0.071005	-0.036892	0.066163	-0.007401	-0.000766	0.004677	-0.003752	-0.000430	-0.000710	0.000697
HG03240	0.243822	0.015051	-0.001575	-0.002186	-0.069479	0.060313	-0.003074	-0.011785	0.007270	0.021600
HG03241	0.223066	0.015022	0.011222	0.015454	-0.082571	0.110003	0.005795	0.005805	0.029234	-0.013978
HG03246	0.242698	0.011699	0.005467	0.004078	-0.052955	0.172219	-0.005184	0.014964	0.049653	-0.015972
HG03247	0.241819	0.016844	0.003679	0.010991	-0.066353	0.104920	0.011448	0.011777	0.043483	0.018617
HG03258	0.227323	0.012039	0.012621	-0.000198	-0.066355	0.117918	0.004458	-0.003094	0.041963	0.007804
HG03259	0.241000	0.014869	-0.001615	0.006275	-0.067913	0.109541	0.003502	0.011132	0.018329	0.009643
HG03265	0.240440	0.015309	-0.000134	-0.010739	-0.033076	-0.120917	-0.001941	0.020665	-0.011826	-0.013579
HG03267	0.235453	0.015538	-0.002416	-0.005306	-0.030768	-0.048015	-0.000541	-0.011754	-0.024679	0.002012
HG03268	0.239340	0.016942	0.007329	-0.001024	-0.009935	-0.059780	-0.006930	-0.029893	-0.037564	-0.009857
HG03270	0.247452	0.023356	-0.002855	-0.001348	0.001185	-0.092486	-0.008365	0.003265	-0.035951	-0.003858
HG03271	0.221698	0.007254	-0.007112	-0.009531	0.007249	-0.096656	-0.024342	0.003181	-0.020803	-0.012239
HG03279	0.226127	0.014697	-0.000578	-0.006815	-0.009513	-0.085089	-0.032622	0.007732	-0.010489	-0.026473
HG03280	0.232408	0.019053	0.000174	-0.004805	-0.017447	-0.075457	-0.010844	0.011425	-0.024940	0.015104
HG03291	0.237781	0.016720	-0.005123	-0.001682	-0.021088	-0.073290	-0.015800	0.022228	-0.013591	-0.009150
HG03294	0.243514	0.012832	0.000461	-0.003848	0.001332	-0.039713	0.006890	-0.002576	-0.000295	0.005659
HG03295	0.244426	0.008262	-0.005193	0.000549	-0.022665	-0.051139	-0.001560	-0.004163	-0.029137	-0.021980
HG03297	0.238066	0.020725	0.009567	-0.001069	-0.002068	-0.078251	-0.012662	-0.015699	-0.027538	-0.008626
HG03298	0.229512	0.011973	-0.008956	-0.007630	-0.011176	-0.051176	-0.009195	0.009248	-0.004068	-0.000037
HG03300	0.227135	0.019647	0.008097	-0.000369	-0.003980	-0.054316	-0.004765	0.013617	-0.015166	0.006613
HG03301	0.251437	0.008291	0.005533	-0.005957	0.004280	-0.064284	-0.000707	0.013234	-0.018819	0.014036
HG03303	0.252076	0.022132	0.008693	0.007347	-0.028843	-0.056508	0.009788	-0.014060	-0.018927	-0.002332
HG03304	0.257548	0.012902	0.006478	0.002732	-0.018945	-0.044566	-0.022689	0.013815	-0.015125	0.022999
HG03311	0.233609	0.011471	0.001819	0.007295	-0.007258	-0.019490	0.002630	-0.012340	-0.010561	0.005507
HG03313	0.239320	0.008591	0.001652	0.005117	-0.007090	-0.067407	0.005426	0.001217	-0.005364	0.023346
HG03342	0.233934	0.011006	0.007143	-0.007747	-0.018234	-0.039900	-0.007626	0.003364	-0.030382	-0.015399
HG03343	0.216454	0.013107	-0.003600	0.000290	-0.010850	-0.055626	-0.012786	-0.002985	-0.022404	0.001974
HG03351	0.249302	0.015523	0.005363	-0.004668	-0.003679	-0.081690	0.001100	0.000872	-0.012055	-0.007019
HG03352	0.223793	0.019031	-0.002228	0.002267	-0.002242	-0.082930	-0.010738	0.018326	-0.000864	-0.008092
HG03354	0.241544	0.016665	0.002334	0.009469	-0.019376	-0.035404	-0.024608	0.004467	0.009260	-0.026254
HG03363	0.234077	0.022570	-0.003190	0.000930	0.027270	-0.048386	-0.008059	-0.002699	-0.015648	0.021739
HG03366	0.236386	0.011253	-0.008702	0.002958	0.006509	-0.072611	-0.001449	0.008733	-0.020481	0.008068
HG03367	0.229295	0.010392	-0.000276	0.003630	-0.018875	-0.066937	-0.009655	-0.001083	-0.020182	-0.000030
HG03369	0.259781	0.016732	0.005704	0.007864	0.007916	-0.037698	0.002910	-0.010110	0.010248	0.023074
HG03370	0.231165	0.013719	0.004952	0.008805	-0.006893	-0.059503	-0.019566	-0.024614	-0.051363	-0.016975
HG03372	0.239368	0.013963	0.007687	0.011672	0.000198	-0.033226	-0.009867	-0.004756	-0.002448	-0.013313
HG03376	0.247883	0.013764	0.007982	0.006008	-0.053910	0.002258	-0.015489	-0.002392	-0.011801	-0.016115
HG03378	0.245650	0.009779	0.011132	0.001047	-0.066673	0.032342	-0.000835	0.000933	0.019968	-0.013892
HG03380	0.236558	0.010246	0.005034	0.008088	-0.040121	0.002164	-0.018372	0.014235	-0.017274	0.005879
HG03382	0.243237	0.012787	0.008186	0.005895	-0.075149	0.047041	0.007952	0.002531	-0.001373	-0.019791
HG03385	0.241707	0.020611	-0.006712	0.000106	-0.035000	0.059460	0.038710	-0.043549	-0.015412	0.002751
HG03388	0.227136	0.010610	-0.013413	-0.001903	-0.043708	0.039481	0.000087	0.014205	0.025534	0.002858
HG03391	0.250173	0.013435	0.002950	-0.001583	-0.075200	0.019848	-0.028878	0.014163	-0.014586	-0.033547
HG03394	0.231800	0.020759	-0.006908	0.012737	-0.048706	0.006975	-0.004728	0.023400	-0.035182	-0.005887
HG03397	0.227951	0.012244	0.007832	0.003612	-0.075090	0.042892	0.004677	0.003690	0.015380	0.002291
HG03401	0.232321	0.018693	-0.006840	0.006964	-0.049563	0.107015	-0.038739	0.010710	0.024301	-0.024240
HG03410	0.231160	0.015887	0.010072	0.004043	-0.055226	0.018144	-0.013113	0.009699	0.011842	0.014708
HG03419	0.210924	0.008996	-0.003329	0.004826	-0.052788	0.017046	0.003226	-0.014368	-0.018763	-0.002960
HG03428	0.248281	0.005273	-0.006204	0.003020	-0.060787	0.033122	0.015242	-0.015530	0.000170	-0.008320
HG03432	0.245862	0.028270	0.002075	0.025366	-0.072638	0.066360	0.033866	-0.022253	-0.006004	0.011728
HG03433	0.249184	0.024476	-0.000728	0.008943	-0.075906	0.056382	-0.004343	0.005494	-0.023923	-0.009954
HG03436	0.235763	0.011413	-0.002189	-0.005468	-0.041817	-0.020610	-0.015176	0.007191	-0.020134	0.007072
HG03437	0.237042	0.006884	-0.000142	0.002346	-0.051162	0.063183	-0.004555	-0.025645	0.003918	0.038415
HG03439	0.245759	0.024367	0.012397	0.002178	-0.078749	-0.000185	-0.012853	-0.003118	-0.034976	0.011570
HG03442	0.253417	0.022600	0.000704	-0.002547	-0.056793	0.022130	-0.012072	0.012584	-0.007989	0.018870
HG03445	0.240824	0.018010	0.007495	0.007414	-0.045321	0.013513	-0.010198	0.005846	-0.005187	-0.002424
HG03446	0.258260	0.017261	0.002202	-0.008308	-0.041920	0.092824	0.037307	-0.043739	0.041033	0.009704
HG03449	0.238793	0.027414	0.002232	0.005203	-0.066833	0.060938	-0.009297	0.018987	0.021318	0.003518
HG03451	0.241212	0.015659	0.002399	0.005022	-0.039196	-0.008266	0.012055	-0.013160	-0.004486	-0.016898
HG03452	0.243658	0.018668	-0.006018	0.007929	-0.054480	0.048713	0.021675	0.000492	-0.019474	0.018664
HG03455	0.249822	0.021618	0.008521	-0.002150	-0.056970	0.045514	0.021161	0.002947	0.012547	0.001579
HG03457	0.234227	0.017337	-0.000593	-0.005310	-0.041379	0.072691	0.026016	-0.053156	-0.027674	-0.016364
HG03458	0.255872	0.019958	0.008903	-0.003066	-0.042485	0.016240	0.016215	-0.003885	-0.019096	0.006087
HG03460	0.248606	0.009593	0.009992	-0.004691	-0.065035	0.060336	0.008228	0.008271	0.015831	0.001045
HG03461	0.245067	0.008354	0.002969	-0.007867	-0.058157	0.076241	-0.014252	0.017360	0.012286	0.014348
HG03464	0.238574	0.010722	0.005392	0.000058	-0.069589	0.061065	0.004390	0.017005	0.009498	-0.015808
HG03469	0.254102	0.012396	0.000906	-0.005304	-0.066455	0.072512	0.036141	0.006900	0.035325	0.002785
HG03470	0.254339	0.011258	0.006675	0.011205	-0.063185	0.036788	0.013657	0.000900	-0.042248	0.000089
HG03472	0.228381	0.012346	-0.001627	-0.007456	-0.050510	0.083213	0.003085	0.004426	0.007897	0.010084
HG03473	0.235221	0.014609	-0.007456	-0.008282	-0.048711	0.044660	-0.003576	0.017577	-0.019872	-0.013686
HG03476	0.247477	0.015079	0.007348	-0.001086	-0.074891	0.006527	0.003443	0.024029	-0.007988	0.001703
HG03478	0.251573	0.008549	0.006711	-0.010169	-0.056155	0.065132	0.007840	0.010494	0.010580	0.011134
HG03479	0.239319	0.015635	0.000663	0.004994	-0.053555	0.029772	0.000634	0.008443	-0.004186	-0.017126
HG03484	0.225230	0.012693	0.003504	0.005009	-0.054558	0.030426	-0.001907	0.017291	0.009259	-0.027367
HG03485	0.235289	0.018117	-0.005961	0.002723	-0.082549	0.031539	0.004936	0.006172	0.004758	0.019942
HG03488	-0.071304	-0.043706	0.075146	-0.000026	-0.001762	-0.001415	0.000173	-0.000133	-0.001560	-0.000037
HG03490	-0.077509	-0.050626	0.037600	0.035862	-0.001499	-0.006813	-0.003824	0.000790	0.000776	0.000992
HG03491	-0.076634	-0.030789	0.077537	0.042615	0.002649	-0.003174	0.004285	-0.000618	-0.000972	-0.000215
HG03499	0.233233	0.018157	-0.007147	0.005834	-0.017040	-0.071652	-0.014030	-0.013203	-0.028687	-0.026013
HG03511	0.239517	0.011756	0.005577	0.002239	-0.011966	-0.099051	-0.001166	0.007366	-0.030164	0.025769
HG03514	0.228578	0.006736	-0.000675	0.001351	-0.014700	-0.080808	0.004790	0.009896	-0.019188	-0.015420
HG03515	0.234043	0.015439	0.012930	0.010487	-0.001579	-0.064867	-0.005903	0.005347	-0.012913	-0.022806
HG03517	0.242234	0.012853	0.002843	0.002541	-0.029107	-0.088211	0.001547	0.002100	0.011842	-0.016715
HG03518	0.224012	0.015898	-0.000452	0.004594	0.011046	-0.073067	-0.011614	-0.006271	-0.015474	0.019891
HG03520	0.243270	0.012607	0.006796	0.000087	-0.007565	-0.100574	-0.015891	0.002273	-0.039351	0.022104
HG03521	0.247197	0.008744	-0.001551	0.010634	-0.019907	-0.023428	-0.002450	0.000112	-0.003387	0.008006
HG03538	0.225771	0.012515	0.001705	-0.003267	-0.050425	0.127584	0.016142	-0.025952	0.047432	0.034837
HG03539	0.224447	0.010593	0.002182	0.004998	-0.061942	0.122472	0.003168	0.013205	0.030631	0.005386
HG03547	0.221042	0.009519	0.003510	-0.013118	-0.058872	0.007961	-0.006389	0.026973	-0.005023	-0.005525
HG03548	0.265104	0.030079	-0.005137	0.000927	-0.081064	-0.002678	0.021484	0.014775	0.012897	-0.021819
HG03556	0.231686	0.011084	0.000481	-0.000622	-0.031802	0.037577	0.005212	-0.015072	0.019669	-0.021823
HG03557	0.240479	0.006649	0.007724	-0.004309	-0.050657	-0.000506	0.009917	0.010043	-0.002568	-0.003724
HG03558	0.229685	0.016321	-0.001648	0.006458	-0.061123	0.024292	0.008516	-0.013394	-0.018508	-0.017931
HG03559	0.262795	0.015228	0.001118	0.000581	-0.063026	0.010284	-0.002532	-0.000925	-0.025085	0.000711
HG03563	0.241787	0.018130	0.006451	0.003810	-0.040913	0.041252	0.002114	-0.007309	0.020365	-0.011607
HG03565	0.241235	0.011506	0.000159	0.005928	-0.065035	0.041909	-0.013097	-0.005685	0.030884	-0.033466
HG03567	0.231435	0.017762	0.004326	0.006815	-0.033187	-0.008167	-0.003395	-0.004248	-0.022579	-0.009051
HG03571	0.222885	0.017868	0.004419	0.009968	-0.037621	-0.008858	-0.010042	-0.003012	-0.004800	-0.022177
HG03572	0.234496	0.010797	-0.009002	-0.003700	-0.024187	0.024827	0.017282	0.016606	-0.035918	-0.001415
HG03575	0.240558	0.012186	0.001413	-0.000424	-0.068998	0.062707	-0.010223	-0.002708	-0.010125	-0.036186
HG03577	0.239651	0.009546	0.008765	-0.003690	-0.050385	0.045214	0.013557	-0.008373	-0.009846	-0.020759
HG03578	0.241479	0.008104	0.000106	-0.007343	-0.007111	-0.006679	-0.011458	0.000785	-0.020930	-0.012953
HG03583	0.239140	0.020867	-0.005227	-0.001220	-0.058391	0.000076	0.006257	0.006095	0.007584	-0.012660
HG03585	-0.079945	-0.038823	0.066387	0.029745	0.000219	-0.006581	-0.001058	0.002846	-0.003244	0.002943
HG03589	-0.081826	-0.011706	0.094957	0.024907	-0.000343	0.002787	0.000448	-0.002714	0.005484	-0.001742
HG03593	-0.087510	-0.012764	0.088308	0.020034	-0.000113	0.003464	0.000726	0.000320	0.001449	0.000066
HG03594	-0.078260	-0.036052	0.097849	0.010850	-0.002991	-0.004876	-0.004621	0.001709	0.001882	-0.000336
HG03595	-0.071074	-0.000616	0.095629	0.011900	-0.003566	-0.003760	-0.007275	0.006443	-0.000430	-0.002503
HG03598	-0.082229	-0.022318	0.082327	0.021264	0.004633	0.003567	0.001467	0.000577	-0.003229	-0.005439
HG03600	-0.075572	-0.030782	0.142807	0.031325	-0.001627	0.004610	-0.005442	-0.001777	-0.001121	0.000752
HG03603	-0.080367	-0.010220	0.117231	0.022089	-0.001281	-0.004378	-0.003146	0.001332	-0.003363	-0.002577
HG03604	-0.080391	0.000414	0.069499	0.004485	-0.005130	0.001774	-0.000739	-0.000540	-0.001323	-0.001330
HG03607	-0.075181	-0.001482	0.087009	0.017018	-0.000852	0.003414	0.001000	0.000152	-0.004028	0.001655
HG03611	-0.077903	-0.021839	0.110449	0.049096	-0.000672	-0.000373	-0.001575	0.002513	0.001118	0.002742
HG03615	-0.074395	-0.019089	0.086757	0.026746	-0.001476	0.002741	0.002227	-0.001795	0.003600	0.002005
HG03616	-0.087349	0.005461	0.076797	0.005498	0.001866	0.002242	-0.000875	0.003025	-0.003434	-0.000737
HG03619	-0.065279	-0.073924	0.066556	-0.015938	-0.002329	-0.002949	-0.001902	-0.001856	0.002949	-0.003283
HG03624	-0.075730	-0.048787	0.073760	0.013289	0.001358	-0.001618	-0.000424	-0.003356	0.005338	0.001115
HG03625	-0.070323	-0.050730	0.056166	0.022599	-0.000105	0.001339	0.002130	-0.003159	-0.001196	0.001664
HG03629	-0.078615	-0.025767	0.082336	0.024160	-0.002468	-0.000644	0.001945	0.003185	-0.001725	0.002327
HG03631	-0.073453	-0.044485	0.034111	0.030889	-0.002147	-0.005483	0.002856	0.000008	0.006307	0.001359
HG03634	-0.078867	-0.026107	0.074885	0.017541	0.000417	-0.002890	-0.000315	0.000882	-0.002908	-0.000688
HG03636	-0.080062	-0.045176	0.048813	0.027846	0.000479	-0.004392	0.002402	-0.002137	-0.000329	0.007091
HG03640	-0.079358	-0.005030	0.109952	0.004298	-0.002905	0.004766	-0.003387	0.003520	-0.001706	-0.001269
HG03642	-0.075703	-0.001560	0.118747	0.024699	-0.000893	0.000050	-0.001746	0.000749	-0.002762	-0.000877
HG03643	-0.082208	-0.024858	0.117540	0.060779	-0.001513	0.000228	0.000450	0.000962	-0.001945	0.000436
HG03644	-0.075769	-0.017742	0.134285	0.043371	0.000295	-0.005426	-0.003288	0.002297	-0.005565	-0.002228
HG03645	-0.070718	-0.032293	0.093837	0.023160	0.003616	-0.003595	-0.000455	0.000005	-0.002807	-0.002764
HG03646	-0.076823	-0.005105	0.113917	0.015957	0.002200	0.000143	0.001421	0.000050	0.000475	-0.001585
HG03649	-0.075645	-0.038168	0.064237	0.021462	-0.001306	0.000433	-0.001015	0.000678	0.001427	0.000626
HG03652	-0.071540	-0.025924	0.088978	0.025137	0.004060	-0.000036	0.005019	0.000518	-0.004629	0.001178
HG03653	-0.070377	-0.028912	0.079805	0.029771	-0.001694	0.000775	0.000828	-0.001741	0.005169	0.002416
HG03660	-0.069596	-0.026537	0.082720	0.011679	-0.001336	0.002968	-0.000530	-0.002897	-0.000356	0.000710
HG03663	-0.080785	-0.017587	0.116737	0.015383	-0.003403	-0.000479	-0.003443	-0.003144	0.000655	-0.002241
HG03667	-0.077046	-0.013219	0.093929	0.010619	-0.003922	0.000395	0.002014	-0.001587	0.003760	0.000277
HG03668	-0.072099	-0.034349	0.068040	0.031877	0.002123	-0.004444	0.003092	-0.002510	0.000870	-0.003492
HG03672	-0.073338	-0.013475	0.095591	0.035561	0.000723	-0.002517	-0.002091	-0.001039	0.005970	0.004071
HG03673	-0.072203	-0.033316	0.115521	0.058908	-0.001779	-0.004197	0.003442	-0.000578	-0.008864	0.005360
HG03679	-0.069474	-0.028109	0.103829	-0.000484	-0.000657	0.007800	-0.002282	0.001589	0.001176	0.000539
HG03680	-0.080775	-0.017847	0.101197	0.033996	-0.001390	-0.000133	-0.006531	0.002689	-0.000965	-0.006283
HG03681	-0.076603	-0.032214	0.130706	0.047958	-0.003167	-0.005940	-0.000730	0.005422	-0.002177	-0.000269
HG03684	-0.074431	-0.016845	0.144848	0.018940	-0.000161	-0.005299	-0.003249	0.001283	0.004520	-0.000709
HG03685	-0.075655	-0.046276	0.087214	0.040219	-0.001333	0.004810	0.000124	0.000996	-0.000435	0.002596
HG03686	-0.070307	-0.012903	0.079697	0.021826	-0.000242	-0.001129	0.000747	0.000030	-0.003789	0.004285
HG03687	-0.082574	-0.014818	0.106864	0.035506	-0.001537	-0.001884	-0.001678	0.001233	-0.003648	0.000009
HG03689	-0.075571	-0.023013	0.093757	0.023188	-0.000762	-0.000743	0.002143	-0.000849	0.002136	0.004299
HG03690	-0.077147	-0.040714	0.075362	0.025478	0.002067	0.000554	-0.001085	-0.002128	0.002756	-0.003273
HG03691	-0.079153	-0.025792	0.091068	0.021853	0.000271	-0.003465	-0.002045	-0.000192	-0.002041	-0.002060
HG03692	-0.080302	0.008590	0.115847	0.009556	-0.002420	0.000826	0.000834	0.001852	0.003583	0.001991
HG03693	-0.078916	-0.015999	0.127566	0.038278	-0.005320	0.003385	0.004838	-0.000960	0.000372	-0.001472
HG03694	-0.077868	-0.036791	0.058827	-0.004082	-0.001264	0.009055	-0.004311	0.001836	-0.001778	-0.001774
HG03695	-0.078018	-0.040699	0.087189	0.030782	0.005574	0.001312	-0.000592	-0.000121	0.001292	0.001990
HG03696	-0.087837	-0.009422	0.087099	0.045840	-0.000508	-0.004666	0.000823	0.000393	0.003173	0.003285
HG03697	-0.084097	-0.020546	0.081139	0.047093	-0.000148	0.000656	0.001616	-0.002446	-0.001379	0.002051
HG03698	-0.071483	-0.012351	0.120949	0.025075	-0.000044	0.006380	-0.002172	0.000012	-0.000446	-0.001548
HG03702	-0.074724	-0.029092	0.112880	0.014760	0.000601	0.004935	-0.002116	0.003674	-0.006376	-0.005370
HG03703	-0.079019	-0.018931	0.096487	0.025612	-0.001092	-0.004926	-0.001201	-0.003465	-0.003113	0.004649
HG03705	-0.077942	-0.029804	0.092025	0.006541	-0.003036	-0.001213	-0.004525	-0.000055	-0.000606	0.002132
HG03706	-0.070457	-0.012694	0.079523	0.005845	-0.003725	-0.000261	-0.000897	0.001638	-0.000530	0.002641
HG03708	-0.074376	-0.028848	0.089881	0.053445	0.002040	-0.001678	0.000918	-0.001140	-0.000357	0.002510
HG03709	-0.084643	0.000038	0.095421	0.028501	0.001054	0.007608	0.002014	-0.006062	-0.005059	-0.002420
HG03711	-0.074124	-0.034235	0.125021	0.044145	-0.001415	-0.004534	0.004130	-0.001906	-0.000505	0.006166
HG03713	-0.075871	-0.038463	0.093114	0.040322	0.002278	0.000152	0.002888	-0.006225	-0.001815	0.000371
HG03714	-0.080049	-0.039762	0.054630	0.043688	0.001785	-0.002660	0.003682	-0.000261	0.001898	0.004787
HG03716	-0.080488	-0.032616	0.077874	0.028722	0.002738	-0.003224	0.000870	-0.000833	-0.003318	0.005369
HG03717	-0.080903	-0.030396	0.094820	0.031186	0.000125	0.001470	0.002728	-0.001358	0.007435	-0.000981
HG03718	-0.083168	-0.030531	0.109760	0.015425	0.000077	0.004032	-0.001439	-0.003581	-0.002898	-0.001402
HG03720	-0.078187	-0.025415	0.113545	0.032467	-0.002656	0.000723	0.006885	0.000916	0.004374	0.001537
HG03722	-0.078046	-0.009867	0.102386	0.046064	-0.004966	-0.005562	-0.000114	-0.002924	-0.002391	0.001095
HG03727	-0.078530	-0.045360	0.089009	0.037751	0.002377	0.002931	-0.003322	0.003027	-0.004361	0.002241
HG03729	-0.072827	-0.018015	0.087727	0.020526	0.000467	-0.000080	0.000566	-0.002563	0.003394	-0.001332
HG03730	-0.076723	-0.007491	0.095279	0.016375	0.000763	0.003255	-0.000454	-0.002812	-0.000203	0.001213
HG03731	-0.081835	-0.026142	0.121523	0.024525	-0.004744	-0.003920	-0.001336	0.001566	-0.001384	0.000025
HG03733	-0.075589	-0.033050	0.098930	0.015825	-0.002972	-0.002933	-0.002413	0.000022	0.001737	0.000511
HG03736	-0.073935	-0.042045	0.074548	0.004553	-0.004704	0.003034	-0.001174	-0.000219	0.000304	-0.002446
HG03738	-0.067413	-0.045232	0.106230	0.036382	-0.001652	-0.005367	0.000050	-0.000464	0.000681	0.005244
HG03740	-0.078194	-0.006985	0.108085	0.001153	0.002103	0.002231	-0.002304	0.003690	-0.000618	0.001370
HG03741	-0.079928	-0.019646	0.112438	-0.005348	-0.000321	-0.007864	-0.011416	0.001707	-0.004120	0.002152
HG03742	-0.069953	-0.016691	0.108854	0.029033	0.000872	-0.003272	-0.005359	-0.000279	-0.000116	-0.002326
HG03743	-0.078506	-0.012895	0.093257	0.036579	0.003205	-0.003171	-0.005809	0.000948	-0.005505	0.001107
HG03744	-0.080491	-0.020360	0.108944	0.018101	0.000087	0.002417	0.000689	-0.000683	-0.002712	0.005034
HG03745	-0.077571	-0.013858	0.078981	0.029130	0.003274	-0.001112	-0.003128	-0.000998	0.000409	-0.002946
HG03746	-0.079520	-0.033039	0.068162	0.029186	0.002153	-0.001330	-0.000015	-0.002384	0.001052	-0.000357
HG03750	-0.071996	-0.041413	0.091231	0.037334	0.002436	-0.005139	0.004823	-0.002414	-0.002741	0.003280
HG03752	-0.081131	-0.017623	0.101904	0.018828	-0.001947	-0.007069	-0.002118	0.003745	-0.003135	-0.000418
HG03753	-0.081110	-0.029984	0.105770	0.016402	-0.003424	0.000645	-0.001123	-0.002621	-0.002501	-0.001915
HG03754	-0.076489	-0.036660	0.097112	0.027279	-0.001299	-0.004779	0.002165	0.002046	-0.005168	0.007706
HG03755	-0.070767	-0.025741	0.096122	0.029426	0.001721	-0.004136	0.001009	0.000637	0.002622	-0.000185
HG03756	-0.072283	-0.024186	0.112314	0.030691	-0.002613	0.005195	-0.003358	0.002026	-0.002162	0.001494
HG03757	-0.077767	-0.010609	0.114096	0.025081	-0.005784	-0.001776	-0.002541	0.003478	-0.003998	-0.006526
HG03760	-0.074486	-0.042080	0.110980	0.030393	-0.002553	-0.003400	0.000609	0.001762	-0.001839	0.000583
HG03762	-0.079398	0.010193	0.066861	0.000927	-0.002979	0.001618	0.002490	-0.000906	-0.002205	-0.002302
HG03765	-0.080600	-0.017213	0.022598	0.015804	-0.003114	-0.003035	-0.000650	-0.000392	-0.000437	0.005250
HG03767	-0.074881	-0.039974	0.055869	0.011119	-0.001871	0.000886	-0.003955	0.003945	0.001604	-0.003394
HG03770	-0.069341	-0.014165	0.118000	0.022139	-0.003232	-0.004259	-0.005789	0.002777	0.001325	0.000239
HG03771	-0.083276	-0.014838	0.097285	0.013187	0.000785	0.006855	-0.005869	0.001937	0.001786	-0.003214
HG03772	-0.078335	-0.023331	0.122701	0.034302	-0.002599	-0.000162	0.000394	0.001022	0.002524	0.000240
HG03773	-0.076750	-0.024704	0.097160	0.017448	-0.000584	0.004656	-0.000533	-0.000301	0.002409	-0.004238
HG03774	-0.068513	-0.033989	0.095422	0.011645	0.000259	0.002347	-0.001924	0.003819	-0.001637	-0.003006
HG03775	-0.071493	-0.029273	0.108237	0.036026	-0.000929	-0.001368	0.001346	-0.005176	-0.001159	-0.002319
HG03777	-0.075575	-0.025450	0.104861	0.039014	0.000538	0.001327	-0.000887	0.000604	0.001601	0.001282
HG03778	-0.072909	-0.023716	0.096469	0.046652	-0.003548	0.001979	-0.002510	-0.004602	-0.002072	-0.000585
HG03779	-0.075335	-0.024203	0.103391	0.021070	-0.001405	0.009302	-0.005215	-0.001719	-0.000273	-0.001104
HG03780	-0.082966	-0.038584	0.088564	0.030562	-0.000576	-0.005320	0.002099	-0.003892	-0.000600	0.000136
HG03781	-0.065634	-0.032058	0.093347	0.030888	0.001264	-0.002251	-0.000953	0.003987	-0.001717	-0.000318
HG03782	-0.065684	-0.032764	0.088489	0.010835	-0.000236	0.002092	-0.002755	-0.001588	-0.003596	-0.001572
HG03784	-0.077870	-0.024994	0.113979	0.048379	-0.001386	-0.002375	0.000307	-0.002212	-0.000376	0.002519
HG03785	-0.073384	-0.009054	0.133157	0.030698	-0.002278	0.001026	-0.001633	-0.002472	0.005036	-0.003691
HG03786	-0.083563	-0.009094	0.117410	0.020697	0.001082	0.002585	0.002255	-0.000175	-0.001485	0.003025
HG03787	-0.072043	-0.019834	0.119757	0.013405	-0.000171	0.001695	-0.002509	-0.000477	-0.003231	-0.003368
HG03788	-0.077315	-0.031331	0.113785	0.027319	-0.000787	-0.004694	-0.005453	0.004019	-0.001333	-0.000430
HG03789	-0.077658	-0.016638	0.095982	0.004561	0.003719	0.003124	0.000257	0.001480	0.000085	-0.005654
HG03790	-0.077672	-0.037445	0.087417	0.014491	0.001692	0.001666	0.000589	0.001005	0.001320	-0.001107
HG03792	-0.069424	-0.034772	0.093920	0.016806	0.000026	0.001390	-0.004189	0.000105	-0.001722	-0.000706
HG03793	-0.075988	0.021797	0.097927	0.039789	0.007664	0.007474	-0.009750	0.002819	-0.002049	-0.007755
HG03796	-0.075453	0.003930	0.090202	0.006930	-0.006730	-0.001096	0.003301	-0.001825	0.003197	0.000427
HG03800	-0.080545	-0.004119	0.112482	0.033643	-0.002510	-0.001537	0.004381	0.002001	0.002661	-0.000526
HG03802	-0.086570	0.006406	0.080954	0.020164	0.002170	-0.001100	-0.007573	0.000573	0.001955	-0.002445
HG03803	-0.077761	-0.007067	0.098420	0.001640	-0.000716	0.000438	-0.000661	0.000311	0.003966	-0.001880
HG03805	-0.073694	0.015119	0.079502	0.003427	-0.001752	-0.004529	0.001592	0.000865	0.000406	0.000702
HG03808	-0.071342	0.003626	0.061032	-0.012555	0.004213	-0.000251	-0.002034	-0.001284	-0.007998	-0.004507
HG03809	-0.077948	0.004307	0.097687	0.016221	0.001069	0.001641	-0.000258	-0.000196	-0.000149	0.000224
HG03812	-0.071069	-0.004116	0.083024	-0.000523	-0.002201	-0.001634	0.001101	-0.002376	-0.001238	0.001404
HG03814	-0.083182	0.017267	0.076864	0.021430	-0.001873	0.002832	0.000541	0.002676	0.002489	0.000632
HG03815	-0.081153	0.012470	0.059841	0.013162	0.002522	0.003636	-0.005234	0.004975	-0.002447	-0.000806
HG03817	-0.072163	-0.036947	0.082870	0.024626	0.002456	-0.001156	-0.000270	0.002490	0.000649	-0.005786
HG03821	-0.074982	0.000835	0.100397	0.029714	0.002480	0.001097	0.004273	0.004870	0.003158	0.002726
HG03823	-0.080120	-0.005673	0.088510	0.006005	-0.001996	0.000907	-0.003839	0.002949	-0.003048	0.000309
HG03824	-0.076813	0.015898	0.071481	0.006969	0.003989	-0.000890	-0.004247	0.000202	-0.002159	-0.001740
HG03826	-0.075718	-0.005567	0.084920	0.020662	0.001459	-0.004677	-0.004964	0.002775	-0.001327	0.001802
HG03829	-0.082150	-0.022493	0.073659	0.024724	0.002069	0.000369	-0.002887	-0.002256	0.005327	-0.003226
HG03830	-0.078373	0.011708	0.050546	-0.001080	-0.003558	-0.006000	0.001720	0.001429	0.000551	-0.003653
HG03832	-0.083626	0.012189	0.094477	0.013064	-0.004807	-0.004065	-0.001488	0.004820	0.001159	-0.001562
HG03833	-0.083490	-0.009452	0.075946	0.022710	-0.002684	-0.003007	-0.004320	0.000967	-0.000236	0.000014
HG03836	-0.080621	-0.027796	0.124949	0.007829	-0.001731	0.002252	-0.004720	-0.001356	0.000858	-0.000804
HG03837	-0.076349	0.007016	0.080873	0.036449	-0.003167	-0.002823	-0.003876	-0.004661	0.000443	-0.002205
HG03838	-0.076613	-0.027206	0.147815	0.035798	0.000332	-0.000878	-0.001856	0.001447	0.001369	0.001307
HG03844	-0.078745	-0.030012	0.090586	0.027291	-0.002866	-0.001436	-0.002226	-0.000471	0.006300	-0.002942
HG03846	-0.076373	-0.020769	0.095698	0.012265	-0.001772	-0.002977	-0.001118	0.002728	-0.005891	0.000033
HG03848	-0.069312	-0.019519	0.088427	0.033149	0.000019	-0.002198	0.004130	0.001132	0.001356	0.003753
HG03849	-0.058972	-0.028282	0.113905	0.059351	0.003622	-0.006927	0.003816	-0.000654	-0.003243	0.003395
HG03850	-0.080066	-0.036890	0.099242	0.049091	-0.001093	0.000923	-0.000884	-0.000985	-0.000261	0.001939
HG03851	-0.081160	-0.023337	0.074029	0.010792	-0.005436	0.000761	0.000496	-0.003161	-0.002450	0.000304
HG03854	-0.080296	-0.017897	0.116292	0.052327	-0.002830	-0.004459	0.003407	0.001524	0.001763	0.000445
HG03856	-0.071465	-0.010178	0.102112	0.052067	0.003479	-0.000101	-0.002252	-0.002683	-0.003396	-0.003436
HG03857	-0.086402	-0.001712	0.086680	0.038225	-0.000034	-0.005267	-0.001589	-0.000873	0.000851	-0.001840
HG03858	-0.078163	0.002056	0.090389	0.033713	0.001239	-0.000020	-0.000520	-0.002571	0.005017	-0.000723
HG03861	-0.075178	-0.023595	0.108920	0.051790	-0.000415	-0.001292	0.001825	-0.000245	-0.001398	0.000327
HG03862	-0.075463	-0.029667	0.090864	0.016730	0.005226	0.000933	0.001016	-0.006056	0.000276	-0.000079
HG03863	-0.075618	-0.014095	0.105984	0.020987	-0.004282	-0.000247	-0.005268	0.004157	-0.003264	-0.000149
HG03864	-0.077658	-0.031954	0.110003	0.019761	-0.004972	-0.000209	-0.004170	0.000459	0.001261	-0.001329
HG03866	-0.078377	-0.026582	0.100628	0.017331	-0.001633	-0.001119	0.000325	0.001273	-0.003443	0.000414
HG03867	-0.066558	0.001299	0.127107	0.042749	-0.002621	-0.004237	0.003996	0.004900	-0.001937	0.000427
HG03868	-0.064568	-0.044731	0.091782	0.031962	0.003011	0.002404	0.000551	-0.004520	-0.001772	0.000643
HG03869	-0.081849	-0.012869	0.113839	0.044582	-0.001566	0.001535	-0.001274	0.002691	-0.000842	-0.001179
HG03870	-0.074698	-0.035114	0.092287	0.014159	-0.000374	-0.000520	-0.002251	0.000245	0.001048	-0.003076
HG03871	-0.074278	-0.030195	0.095445	0.017545	-0.002035	-0.001697	-0.002662	0.000420	0.003623	-0.001188
HG03872	-0.075797	-0.022469	0.117327	0.020845	0.002715	0.005635	0.004454	-0.002133	0.002123	0.000074
HG03873	-0.081181	-0.008287	0.096106	0.021467	-0.003843	-0.003077	-0.002951	-0.003121	-0.004607	-0.001903
HG03874	-0.082972	-0.003263	0.076409	0.018123	-0.002987	-0.005784	0.000138	0.000743	0.005417	0.000210
HG03875	-0.070848	-0.049759	0.073939	0.008171	0.002060	0.001704	-0.002917	-0.001770	0.001337	0.002457
HG03882	-0.077820	-0.046568	0.092863	0.050163	0.005644	-0.005496	-0.002225	0.002316	-0.002828	0.002171
HG03884	-0.071949	-0.025436	0.094100	0.017179	-0.004460	-0.003188	-0.006983	0.001641	-0.001101	0.000295
HG03885	-0.066768	-0.025547	0.092912	0.030754	0.003436	0.005947	0.002896	-0.003105	0.002266	-0.004023
HG03886	-0.080032	-0.016444	0.102996	0.031598	0.000679	0.004819	-0.004677	-0.003292	-0.008399	-0.005282
HG03887	-0.081459	-0.026796	0.108454	0.036658	-0.003744	0.002540	-0.003857	0.002430	-0.003136	0.006076
HG03888	-0.079850	-0.036235	0.062653	0.022354	0.003572	-0.004276	0.001371	0.001642	-0.001706	0.002524
HG03890	-0.075591	-0.029701	0.101754	0.027910	0.002200	-0.001094	-0.002599	0.000968	-0.000366	0.003910
HG03894	-0.073055	-0.033011	0.095939	0.017084	0.001720	-0.001251	0.001627	-0.001746	-0.002293	0.001741
HG03895	-0.080126	-0.019169	0.096772	0.024150	-0.001734	0.000325	0.005723	-0.007368	-0.002891	0.001535
HG03896	-0.076310	-0.037248	0.114923	0.017034	-0.002680	0.001789	-0.000538	0.002029	-0.005578	0.001302
HG03897	-0.078972	-0.031401	0.084834	0.024107	0.000730	-0.002390	-0.003527	-0.004015	-0.001293	-0.002727
HG03898	-0.080352	-0.031225	0.101922	0.034498	-0.000704	0.003898	0.001122	-0.002272	-0.000999	0.001336
HG03899	-0.075644	-0.031834	0.092866	0.027824	-0.000664	0.001611	-0.001295	-0.001206	0.003791	0.000851
HG03900	-0.078987	-0.024819	0.087286	0.026928	0.001701	0.000658	-0.001571	0.005235	-0.002926	0.003856
HG03902	-0.079250	-0.022456	0.099527	0.016117	-0.002974	-0.002913	-0.000733	-0.000979	0.000050	-0.003079
HG03905	-0.088704	-0.006867	0.059089	0.028268	-0.002598	-0.001620	-0.002338	0.000589	-0.004079	-0.001997
HG03907	-0.077341	0.024519	0.082444	0.008741	0.003240	0.007479	-0.009495	-0.002568	-0.006725	-0.004072
HG03908	-0.087737	0.004108	0.102591	0.027265	-0.001871	0.005366	0.001477	-0.000730	-0.004723	-0.002611
HG03910	-0.081760	-0.010077	0.065586	0.016739	-0.002296	0.002021	-0.001144	0.002114	-0.002200	-0.001548
HG03911	-0.080430	-0.019146	0.070573	0.024370	-0.004162	-0.006276	0.000124	0.004416	-0.001278	-0.004134
HG03913	-0.071501	-0.008088	0.058635	0.001711	0.000462	0.002900	-0.000477	-0.001982	0.001716	-0.002802
HG03914	-0.077720	0.010279	0.071634	-0.002607	0.000583	-0.001864	-0.005997	0.003463	-0.000111	0.000575
HG03916	-0.075155	-0.014956	0.086856	0.029738	-0.001872	-0.003645	-0.004032	0.001176	-0.000905	-0.002501
HG03917	-0.081545	-0.023433	0.079366	0.034194	-0.000649	-0.000018	0.000149	-0.000042	0.000084	-0.002945
HG03919	-0.083182	-0.013541	0.069205	0.023592	-0.004247	0.003764	-0.000200	-0.000158	-0.000156	-0.003167
HG03920	-0.084999	0.005132	0.082288	0.022127	-0.004218	-0.007412	-0.002204	-0.000550	-0.002630	-0.004047
HG03922	-0.086396	0.000898	0.092516	0.023891	-0.001220	-0.001849	0.004113	0.005032	0.001748	0.002492
HG03925	-0.079855	-0.029348	0.069806	0.022734	0.000464	-0.003329	0.003246	0.000510	0.003021	0.000430
HG03926	-0.074508	-0.000394	0.110477	0.037600	0.002615	-0.001090	0.002071	0.001905	0.002260	0.004386
HG03928	-0.078944	-0.024458	0.066452	0.016471	0.001247	0.001060	0.000753	-0.002981	0.002537	0.000708
HG03931	-0.084429	-0.003522	0.065639	0.002533	-0.003838	0.002263	-0.002402	0.000106	-0.003855	0.000630
HG03934	-0.080639	-0.006472	0.091345	0.012844	0.001097	-0.001535	0.003492	0.000252	0.000050	0.002287
HG03937	-0.082171	-0.007498	0.106707	0.019247	-0.006343	0.001153	-0.001726	-0.000622	0.001414	0.000425
HG03940	-0.074188	-0.005979	0.109462	0.022090	0.002516	0.002584	0.001080	-0.007956	0.002989	0.002258
HG03941	-0.076528	-0.019856	0.097158	0.033075	-0.000773	0.001097	-0.002434	-0.000304	-0.002404	0.000513
HG03943	-0.074410	-0.021837	0.086367	0.032093	-0.002012	0.000178	-0.001752	-0.002133	0.003747	-0.001026
HG03944	-0.074302	-0.037813	0.083935	0.024850	-0.002649	-0.001426	0.001736	-0.000195	-0.002708	0.000174
HG03945	-0.073146	-0.014188	0.106122	0.026752	0.002923	-0.001576	0.004227	-0.004220	-0.002054	-0.003665
HG03947	-0.074598	-0.013127	0.094731	0.008881	-0.001861	0.003408	-0.000629	-0.000490	0.002309	-0.000546
HG03949	-0.076267	-0.021361	0.102936	0.009932	-0.002814	-0.003970	0.000150	-0.001458	0.003610	-0.003561
HG03950	-0.077596	-0.013180	0.119117	0.037211	-0.003578	-0.001871	0.000140	-0.004802	-0.007800	0.005591
HG03951	-0.072111	-0.026654	0.093542	0.016897	0.000124	0.000006	0.000545	0.001678	0.003344	-0.003289
HG03953	-0.075829	-0.014640	0.090969	0.012778	-0.001871	0.000578	-0.005933	0.002359	-0.003290	-0.002315
HG03955	-0.078726	-0.019939	0.097971	0.024608	-0.005306	-0.002731	0.002825	0.001870	0.001830	0.004576
HG03960	-0.072950	-0.029087	0.081574	0.043166	0.000207	-0.001996	0.000720	-0.005954	-0.001155	-0.001317
HG03963	-0.077286	-0.020606	0.103798	0.048991	0.001387	-0.001836	0.001938	0.000189	0.001782	0.002057
HG03965	-0.071589	-0.015018	0.108120	0.045716	-0.004125	-0.002366	0.001065	-0.002561	0.002506	0.005559
HG03967	-0.075569	-0.026823	0.092410	0.020817	-0.000947	-0.003424	-0.000630	0.002205	-0.006987	0.006040
HG03968	-0.062837	-0.039567	0.081547	0.036242	0.004320	-0.001134	-0.000299	0.000940	0.000928	0.005474
HG03969	-0.082269	-0.013672	0.099932	0.051857	0.001782	-0.002109	0.003459	-0.000140	-0.000844	0.002443
HG03971	-0.074482	-0.015599	0.093892	0.023417	-0.001770	-0.000638	0.000285	-0.001131	-0.003558	0.000286
HG03973	-0.079650	-0.039488	0.105715	0.047215	-0.001096	-0.001160	0.002935	0.004065	0.002622	0.003110
HG03974	-0.083709	-0.034542	0.088239	0.031416	-0.002430	0.000136	0.000903	-0.000409	-0.001659	0.004533
HG03976	-0.079150	-0.036180	0.100350	0.033916	-0.002723	-0.002724	0.001635	-0.003241	0.007418	0.000044
HG03977	-0.065640	-0.013316	0.106279	0.036435	0.004533	-0.000584	0.005266	-0.003416	0.003405	-0.003234
HG03978	-0.071534	-0.013397	0.107592	0.010285	-0.002516	-0.000283	-0.002486	-0.001045	0.006048	-0.000006
HG03985	-0.078747	-0.025328	0.094883	0.063386	-0.000816	-0.001986	0.004472	-0.001368	0.004344	0.001899
HG03986	-0.074696	-0.035622	0.088620	0.009578	-0.001508	-0.001692	0.000909	-0.000894	0.003117	-0.000973
HG03989	-0.075656	-0.022437	0.077229	0.032375	-0.001785	0.004188	0.001585	-0.003694	-0.001015	0.002742
HG03990	-0.073181	-0.035743	0.083973	0.020966	-0.002057	-0.000448	0.002438	0.000812	0.000599	-0.000458
HG03991	-0.081084	-0.011514	0.102612	0.025092	-0.004981	0.005350	-0.000919	-0.002465	-0.002001	0.000925
HG03995	-0.067793	-0.010789	0.101983	0.033417	0.003049	0.003887	0.005821	-0.008828	0.000526	0.001147
HG03998	-0.069570	-0.029496	0.097435	0.018737	-0.000860	-0.000401	-0.000530	-0.004433	-0.004185	-0.001986
HG03999	-0.082339	-0.041776	0.104830	0.033198	-0.002908	0.000239	0.002683	-0.003222	0.001331	0.001374
HG04001	-0.078355	-0.001739	0.097930	0.021110	-0.002018	-0.002083	-0.007118	0.002917	0.004602	-0.000946
HG04002	-0.073542	-0.040421	0.096646	0.041714	-0.003603	0.001998	0.003602	0.003231	0.002723	-0.005219
HG04003	-0.077899	-0.038841	0.081985	0.030607	-0.002102	-0.000124	0.002095	0.001913	-0.001046	-0.002449
HG04006	-0.080396	-0.028496	0.087456	0.022171	-0.003655	0.004986	-0.000419	-0.003529	0.001168	0.002955
HG04014	-0.073087	-0.015996	0.076460	0.015051	0.003044	0.001183	0.000256	0.001407	-0.003349	0.001728
HG04015	-0.084917	0.000513	0.095556	0.008350	-0.001315	0.000682	-0.000363	-0.001122	0.001529	-0.002676
HG04017	-0.079452	-0.014567	0.111860	0.038410	-0.002430	0.000350	0.004354	-0.003873	-0.000303	0.001555
HG04018	-0.079678	-0.036960	0.084898	0.020849	-0.004719	-0.001088	0.001067	-0.002613	-0.001467	-0.002003
HG04019	-0.069668	-0.029727	0.114291	0.019364	-0.003978	0.000006	0.001130	-0.005160	0.001274	-0.003405
HG04020	-0.073793	-0.044616	0.059866	0.001789	-0.005003	0.001304	-0.001102	-0.002128	-0.002701	0.000024
HG04022	-0.079562	-0.016180	0.096663	0.028927	-0.003823	0.005202	-0.003433	0.001541	-0.000004	0.002434
HG04023	-0.080674	-0.028524	0.104056	0.043713	0.002845	-0.000429	0.004271	0.000809	0.000120	-0.001996
HG04025	-0.084072	0.001086	0.093289	0.019588	0.000913	0.001874	-0.000534	-0.001612	-0.002862	-0.001538
HG04026	-0.077787	-0.002951	0.121621	0.043426	-0.000844	0.002096	0.001895	0.000629	0.006930	-0.004074
HG04029	-0.070959	-0.016752	0.106558	0.019260	0.001178	0.003346	-0.000419	-0.001571	0.001207	0.002611
HG04033	-0.076001	-0.018900	0.076938	0.051302	0.001100	0.002091	-0.001578	0.000507	0.003539	0.001080
HG04035	-0.080789	-0.000547	0.092978	0.014978	0.000080	-0.003234	-0.002489	0.000185	-0.003344	-0.002004
HG04038	-0.080492	-0.015383	0.101083	0.033230	0.001204	0.003915	-0.001020	0.005726	-0.002334	0.003682
HG04039	-0.078275	-0.024491	0.091412	0.004434	-0.005530	-0.001620	-0.004879	0.006175	-0.004005	-0.004524
HG04042	-0.073949	-0.040591	0.072447	0.024456	-0.002029	0.002422	0.000976	0.001697	0.003041	0.000014
HG04047	-0.075845	-0.011843	0.129764	0.016244	-0.002759	-0.002312	-0.004562	-0.000937	0.002636	0.000616
HG04054	-0.070016	-0.027053	0.104425	0.027165	0.000420	0.001944	-0.002188	0.000705	0.002273	-0.004605
HG04056	-0.077641	-0.026654	0.110381	0.037318	-0.004418	0.006293	0.000060	-0.004168	-0.000640	-0.001623
HG04059	-0.065972	-0.037378	0.100821	0.026030	-0.002837	0.001164	0.000170	0.000416	0.004456	0.002542
HG04060	-0.076341	-0.024984	0.079833	0.012297	0.001949	-0.001061	-0.000623	-0.002023	-0.002781	0.000475
HG04061	-0.070131	-0.016521	0.083618	0.021428	-0.002079	-0.001895	-0.000199	-0.001107	0.001411	-0.000135
HG04062	-0.079841	-0.015312	0.071254	-0.005750	0.000281	-0.003670	-0.003465	0.003912	-0.004653	-0.001173
HG04063	-0.074216	-0.029963	0.110862	0.042970	0.001083	0.001054	0.004492	-0.000479	0.003829	-0.000583
HG04070	-0.068644	-0.027572	0.111727	0.012792	-0.001508	-0.001270	-0.001086	-0.000083	-0.005293	-0.001234
HG04075	-0.077332	-0.017609	0.088201	0.009971	-0.000270	-0.003376	0.000436	-0.002650	0.000151	0.004123
HG04076	-0.072445	-0.012841	0.115524	0.036593	0.002405	0.000454	0.001345	-0.001899	0.001936	0.002156
HG04080	-0.075546	-0.047491	0.095507	0.029955	-0.001221	-0.001338	0.000656	-0.000958	0.002649	-0.000800
HG04090	-0.071180	-0.035030	0.085815	0.003160	0.002255	0.000932	-0.001793	-0.001388	-0.001373	0.001374
HG04093	-0.080051	-0.022787	0.093048	0.019132	0.000840	0.004838	0.000471	-0.000396	-0.000220	0.001803
HG04094	-0.080678	-0.010618	0.108066	0.023171	0.002356	0.002457	0.000223	0.000714	0.001351	0.004203
HG04096	-0.073950	-0.022767	0.119574	0.055173	0.002616	-0.001423	0.007151	-0.002924	0.003152	0.003871
HG04098	-0.080680	-0.028454	0.092994	0.015685	-0.001908	0.003870	0.003160	-0.003021	-0.002999	0.003479
HG04099	-0.076303	-0.032450	0.079135	0.028507	-0.002508	-0.010397	-0.003391	-0.001579	-0.000497	-0.002025
HG04100	-0.070935	-0.023829	0.099295	0.030461	0.001150	-0.005065	-0.001784	0.000986	-0.003674	-0.000915
HG04106	-0.075372	-0.041033	0.095156	0.017334	0.002102	-0.001676	-0.000948	0.000467	0.000579	0.001469
HG04107	-0.077967	-0.042012	0.080726	0.008439	-0.003321	0.000255	-0.001684	-0.000772	-0.002261	-0.000307
HG04118	-0.077284	-0.011881	0.086057	0.004863	-0.002053	-0.000567	-0.001164	-0.001432	-0.000049	-0.001849
HG04131	-0.069389	-0.011367	0.077858	0.024465	0.002705	-0.000888	0.003121	-0.000004	-0.001381	0.002282
HG04134	-0.074656	-0.020500	0.059174	0.008515	-0.001417	0.001221	0.001172	0.000586	0.002679	-0.002202
HG04140	-0.077298	-0.009573	0.087092	0.013660	-0.005846	0.001334	0.001100	-0.000096	0.002301	-0.000068
HG04141	-0.077849	-0.025933	0.069332	0.038043	0.005406	-0.000756	-0.005111	-0.002335	-0.001711	-0.008428
HG04144	-0.077794	-0.006229	0.081209	0.001209	0.000188	-0.005379	-0.001904	0.003407	0.000136	-0.002366
HG04146	-0.077014	-0.011582	0.084402	0.028587	0.002526	0.000580	-0.000850	-0.004297	-0.000649	-0.001225
HG04152	-0.078569	-0.000797	0.122657	0.022432	-0.002059	-0.000716	-0.005683	0.000543	-0.001334	-0.005858
HG04153	-0.084139	-0.001146	0.093528	0.007436	-0.006905	-0.001920	0.000866	-0.001940	0.000916	0.002641
HG04155	-0.080674	-0.001961	0.069289	0.004332	-0.004189	-0.005493	-0.004377	0.000763	-0.000076	0.001461
HG04156	-0.068920	-0.040407	0.053538	0.029699	-0.000255	-0.004821	0.001045	-0.000889	-0.000444	-0.003974
HG04158	-0.071450	-0.008652	0.089681	0.014210	0.000038	0.000044	0.003731	-0.002774	-0.002021	0.001081
HG04159	-0.075363	-0.016537	0.093104	0.007830	-0.000667	-0.000718	0.002845	0.001800	0.004877	-0.000851
HG04161	-0.088920	0.032348	0.083845	-0.007483	-0.000740	0.003422	0.000873	0.002258	0.004926	-0.001129
HG04162	-0.079393	0.001795	0.061986	0.004747	-0.001541	-0.000284	0.001058	-0.002971	-0.001986	-0.000757
HG04164	-0.076122	-0.039113	0.088430	0.034049	-0.000249	0.001836	-0.003112	0.002019	-0.002487	-0.005857
HG04171	-0.080074	0.013882	0.076374	0.041387	-0.001248	-0.006056	0.000460	0.003404	0.000539	0.002223
HG04173	-0.076051	-0.022890	0.102067	0.029981	-0.002499	-0.000096	-0.000397	0.002106	0.000064	0.000626
HG04176	-0.083947	0.004052	0.077255	0.020734	-0.001307	-0.000605	0.003171	-0.002197	-0.003268	-0.002523
HG04177	-0.086950	-0.012938	0.086872	0.038949	-0.004752	0.003515	0.002967	-0.003454	0.003844	-0.004509
HG04180	-0.085247	-0.013855	0.092040	0.039852	0.000704	-0.000777	0.002017	-0.002499	0.000559	-0.001515
HG04182	-0.065739	-0.004619	0.075679	0.021256	-0.003076	0.003625	0.003957	-0.001645	-0.002535	0.004366
HG04183	-0.076057	0.018172	0.069686	-0.000048	0.002953	-0.002761	0.001040	0.001989	0.004559	-0.003983
HG04185	-0.078093	-0.032090	0.094167	0.027888	0.002043	0.003333	-0.002457	0.001491	-0.001014	-0.001720
HG04186	-0.079238	-0.030625	0.095841	0.030196	-0.001306	-0.000687	0.000168	0.001044	-0.000639	-0.001978
HG04188	-0.074164	-0.017351	0.068433	0.003639	0.000999	-0.004926	-0.002627	0.000883	0.001999	0.000071
HG04189	-0.078634	-0.017789	0.071046	0.012233	0.002261	0.000284	0.002964	0.002045	0.001044	-0.000778
HG04194	-0.080184	-0.011208	0.080927	0.003662	-0.001281	-0.001095	-0.000019	-0.000535	0.001125	0.000222
HG04195	-0.085562	0.007164	0.091494	0.013973	-0.003020	-0.000435	-0.000296	0.001033	-0.000368	0.005332
HG04198	-0.088475	-0.034679	0.104171	0.028279	-0.004579	0.002933	-0.002691	0.000339	0.006265	-0.002760
HG04200	-0.063936	-0.033368	0.094558	0.012683	-0.001535	-0.002394	-0.002036	-0.002571	-0.002646	-0.001204
HG04202	-0.075923	-0.018431	0.107387	0.039431	-0.001972	-0.002060	-0.003725	-0.000781	0.000346	-0.004099
HG04206	-0.070452	-0.022130	0.104090	0.026771	-0.004412	-0.000818	-0.001913	0.000071	-0.002422	-0.001170
HG04209	-0.080350	-0.009985	0.121823	0.030234	0.001301	0.001633	-0.002755	0.004875	-0.004166	-0.004761
HG04210	-0.075638	-0.012913	0.095217	0.025723	-0.000611	0.003697	-0.000562	0.003112	-0.003643	-0.000282
HG04211	-0.075731	-0.019451	0.075292	0.029694	-0.004608	-0.005582	-0.007212	-0.000284	-0.001335	0.000508
HG04212	-0.076946	-0.026997	0.100769	0.031477	-0.000375	-0.004296	-0.001262	0.001357	0.000046	-0.001028
HG04214	-0.084578	-0.015959	0.106278	0.028523	0.001046	0.006867	-0.003490	0.002145	0.000371	-0.002384
HG04216	-0.074987	-0.014841	0.089936	0.026086	-0.003248	-0.001638	0.002743	-0.003304	-0.000362	-0.000629
HG04219	-0.077750	-0.041847	0.099178	0.042308	0.000236	-0.001655	0.002943	0.001482	0.003607	0.001634
HG04222	-0.071294	-0.032774	0.105793	0.041447	0.003377	-0.001083	0.003535	-0.001311	0.000587	0.000661
HG04225	-0.081259	-0.016421	0.080405	0.021788	-0.002048	-0.000222	-0.002099	-0.002207	-0.008643	-0.001465
HG04227	-0.075537	-0.007319	0.091282	0.010051	0.000412	-0.001023	-0.003825	0.001583	-0.001515	-0.002428
HG04229	-0.084705	-0.022171	0.097372	0.011162	-0.002766	0.004403	-0.000486	0.001527	-0.002721	-0.001013
HG04235	-0.069770	-0.025247	0.086161	0.026858	-0.000020	0.004478	-0.002982	-0.002838	-0.001757	-0.002659
HG04238	-0.077580	-0.031696	0.088424	0.018590	0.000273	-0.003442	-0.002914	0.000901	-0.003112	-0.000330
HG04239	-0.084592	-0.006758	0.097265	0.028776	0.001468	0.001953	-0.003665	0.002062	-0.003825	0.001581
NA06984	-0.072409	-0.090571	-0.028663	-0.059293	-0.001313	0.000282	-0.002295	0.002942	-0.000894	0.000072
NA06985	-0.074716	-0.096968	-0.026700	-0.038325	0.003030	0.006949	0.004356	-0.000070	0.001939	-0.006401
NA06986	-0.085981	-0.082859	-0.032000	-0.034858	-0.002421	0.000018	0.001062	0.001326	0.001521	0.000646
NA06989	-0.072637	-0.097762	-0.037966	-0.050529	0.000144	0.003211	-0.003578	-0.003693	-0.004091	0.001688
NA06994	-0.080236	-0.095777	-0.045274	-0.019151	-0.000414	-0.000422	0.002362	0.000608	0.002519	0.000717
NA07000	-0.073514	-0.087968	-0.021298	-0.031081	-0.003544	-0.006348	0.004014	-0.002109	0.003067	-0.001302
NA07037	-0.069490	-0.106482	-0.047074	-0.029255	0.003074	-0.009366	0.000290	-0.000711	0.001148	0.004953
NA07048	-0.079217	-0.086473	-0.038043	-0.071428	-0.001580	-0.000967	-0.001575	0.002632	0.000590	0.000242
NA07051	-0.075498	-0.104500	-0.034386	-0.030211	0.003401	-0.006448	-0.000163	0.000497	0.003970	-0.001293
NA07056	-0.065106	-0.107958	-0.020824	-0.046444	-0.001478	-0.000305	0.006490	-0.001276	0.000163	0.000105
NA07347	-0.070879	-0.097764	-0.038634	-0.053534	0.001125	-0.000632	0.004327	-0.000163	0.003384	0.003263
NA07357	-0.069745	-0.094285	-0.041513	-0.043599	-0.002079	-0.000449	-0.002645	0.000466	0.000824	-0.000212
NA10847	-0.070993	-0.098291	-0.023853	-0.018857	-0.000443	-0.006987	-0.000333	0.001690	-0.000167	0.003843
NA10851	-0.073985	-0.088930	-0.038638	-0.052384	-0.001316	0.000871	0.000948	0.000185	-0.000387	-0.000819
NA11829	-0.067251	-0.100881	-0.036592	-0.048683	-0.000024	0.000928	0.001918	0.001696	0.002516	0.000868
NA11830	-0.057601	-0.088844	-0.033843	-0.052527	-0.000275	-0.002244	0.002358	0.003056	-0.003051	-0.000753
NA11831	-0.080274	-0.088467	-0.022539	-0.024795	0.001485	-0.001015	0.000109	0.000408	-0.000520	0.002374
NA11832	-0.074970	-0.090439	-0.024098	-0.047030	-0.002130	-0.000150	0.000552	0.002139	0.006373	-0.002450
NA11840	-0.079582	-0.092544	-0.025296	-0.043994	-0.004573	0.002136	0.000048	-0.001018	0.004317	-0.002927
NA11843	-0.066075	-0.108267	-0.025975	-0.043945	0.004983	-0.003502	0.006969	-0.006727	-0.000009	-0.002191
NA11881	-0.073357	-0.102656	-0.041331	-0.024420	0.000717	-0.000541	0.001634	0.001092	-0.000938	-0.004853
NA11892	-0.064904	-0.096127	-0.041085	-0.032085	0.001089	-0.004872	0.003621	0.002609	0.005401	0.000219
NA11893	-0.074116	-0.098541	-0.037034	-0.051856	-0.002204	-0.003450	0.000925	-0.002285	0.002129	-0.000197
NA11894	-0.073221	-0.096005	-0.020419	-0.039666	0.002028	0.003094	-0.002903	-0.000364	0.000262	0.003899
NA11918	-0.068322	-0.097484	-0.020321	-0.049711	-0.002846	-0.000193	-0.001534	-0.001228	-0.000206	-0.004261
NA11919	-0.074008	-0.087866	-0.029207	-0.047776	-0.001408	0.002977	0.000712	-0.002488	0.000963	0.001943
NA11920	-0.074374	-0.102056	-0.025156	-0.026819	-0.000469	-0.004611	-0.000910	0.001345	-0.001439	0.001186
NA11930	-0.069357	-0.092483	-0.027411	-0.055411	0.001312	-0.004771	0.003110	-0.001346	-0.002690	0.002895
NA11931	-0.073531	-0.103584	-0.028647	-0.027122	0.000361	-0.004779	-0.001467	0.000527	0.001568	-0.000751
NA11932	-0.075427	-0.093357	-0.027896	-0.055508	-0.002488	0.006321	0.001105	0.001035	0.000596	0.001619
NA11933	-0.067777	-0.102144	-0.027494	-0.029530	0.001520	-0.003532	-0.001145	0.000060	-0.002930	-0.002701
NA11992	-0.073094	-0.073772	-0.026169	-0.034198	-0.001479	0.002231	-0.001139	0.003109	-0.003199	-0.000094
NA11994	-0.064428	-0.086058	-0.035524	-0.061717	0.004234	-0.002007	-0.001324	0.004587	-0.004334	0.001001
NA11995	-0.068758	-0.099777	-0.037119	-0.046701	0.001037	-0.004648	0.003260	-0.001846	-0.000849	0.004622
NA12003	-0.064409	-0.103203	-0.021573	-0.044909	-0.003879	0.002012	0.001992	-0.001818	-0.001095	-0.002268
NA12004	-0.065310	-0.103840	-0.033847	-0.045153	0.001043	-0.001272	0.002946	-0.002293	-0.001652	-0.001490
NA12005	-0.077975	-0.100253	-0.033883	-0.027190	0.003031	0.002974	0.001411	-0.001474	0.002364	-0.000081
NA12006	-0.077271	-0.086822	-0.033264	-0.031125	-0.003102	-0.007149	-0.001111	0.001132	0.000762	-0.000855
NA12043	-0.074143	-0.090850	-0.025308	-0.045025	-0.000124	0.001098	0.000450	0.001218	0.000424	0.000192
NA12044	-0.074424	-0.091889	-0.049730	-0.051479	-0.001663	-0.001621	0.000589	-0.000832	-0.001251	0.000274
NA12045	-0.068281	-0.102261	-0.038068	-0.040788	0.002420	-0.004056	0.000483	-0.000581	0.001093	0.002311
NA12046	-0.081592	-0.096668	-0.031459	-0.029424	-0.000492	0.004024	-0.001168	-0.000498	0.000920	-0.000176
NA12058	-0.071107	-0.086884	-0.027772	-0.041598	0.002127	-0.002496	0.002804	0.000311	0.000916	0.000871
NA12144	-0.070879	-0.106604	-0.033968	-0.023190	0.003480	-0.003841	0.001776	-0.002311	-0.000838	0.001916
NA12154	-0.067112	-0.097732	-0.036848	-0.065603	0.001731	-0.003373	-0.001295	0.002064	-0.002073	0.001355
NA12155	-0.079585	-0.094983	-0.022136	-0.042123	0.000132	0.002175	0.003975	-0.000407	-0.002139	0.001928
NA12156	-0.078984	-0.086975	-0.035821	-0.040722	-0.006251	-0.003740	-0.002281	-0.000849	0.001270	-0.000297
NA12234	-0.070524	-0.087035	-0.043272	-0.047533	0.002901	0.001959	0.001664	-0.001933	0.000492	-0.002523
NA12249	-0.076085	-0.103218	-0.033520	-0.021663	-0.001600	0.001656	0.000324	-0.000248	0.001788	-0.001355
NA12272	-0.067866	-0.091547	-0.027325	-0.046745	-0.001181	0.002639	-0.000883	0.001030	0.001221	0.000629
NA12273	-0.072250	-0.092449	-0.043690	-0.049102	-0.000233	0.000914	0.002621	-0.000944	-0.000009	-0.000196
NA12275	-0.074311	-0.086004	-0.020290	-0.055936	0.000162	0.006508	0.002226	0.001875	0.001136	0.003309
NA12282	-0.063438	-0.104701	-0.056580	-0.064297	-0.000259	-0.003667	-0.001495	-0.001726	0.002906	0.001255
NA12283	-0.078059	-0.084276	-0.029654	-0.020833	0.001884	-0.001140	0.005418	-0.001319	0.004206	0.000261
NA12286	-0.076355	-0.075234	-0.036430	-0.050694	-0.002158	0.002278	-0.001501	-0.000714	0.002956	-0.002876
NA12287	-0.066291	-0.087981	-0.017791	-0.022834	0.003036	-0.004682	0.004375	-0.000176	0.003566	0.004268
NA12340	-0.074155	-0.094310	-0.025254	-0.028477	-0.000154	-0.000235	-0.002748	0.002987	-0.001115	0.002751
NA12341	-0.078405	-0.098970	-0.046967	-0.046069	0.000295	-0.001365	0.000168	-0.000066	0.000521	0.002715
NA12342	-0.077144	-0.089839	-0.020959	-0.030351	-0.002853	-0.004546	-0.000510	0.001407	-0.003481	0.001385
NA12347	-0.072021	-0.100014	-0.045193	-0.044496	-0.003146	0.000041	0.000341	0.001652	0.000520	-0.002263
NA12348	-0.075663	-0.102551	-0.030637	-0.035815	-0.000765	-0.001546	0.000772	0.002841	0.001761	0.001708
NA12383	-0.072471	-0.096967	-0.028680	-0.048558	-0.000833	-0.003692	0.004735	-0.002742	-0.001594	0.000141
NA12399	-0.081199	-0.091116	-0.034346	-0.029063	-0.004049	0.002701	0.000699	0.001381	0.000321	-0.001787
NA12400	-0.066998	-0.086154	-0.038676	-0.062337	-0.003076	-0.002715	-0.002683	0.002945	-0.002887	0.000224
NA12413	-0.081917	-0.080990	-0.028777	-0.025671	-0.003003	0.004278	-0.002339	0.003596	-0.003618	-0.003759
NA12414	-0.070284	-0.100793	-0.024090	-0.053919	0.003380	-0.000431	-0.001533	-0.000527	-0.002922	-0.003419
NA12489	-0.075339	-0.096038	-0.021169	-0.035500	0.001039	0.001791	-0.000528	-0.000445	-0.004776	-0.001328
NA12546	-0.067251	-0.097121	-0.023076	-0.040181	0.000817	-0.000294	0.001743	0.004441	-0.000844	0.001272
NA12716	-0.079107	-0.093729	-0.029053	-0.044948	-0.001620	0.000500	0.001433	-0.000232	0.001183	0.001403
NA12717	-0.073561	-0.097229	-0.025725	-0.027343	-0.000664	-0.002290	0.001438	0.001082	0.002370	0.000548
NA12718	-0.077013	-0.096387	-0.019545	-0.023217	-0.003388	0.001534	0.001647	-0.001193	0.002648	0.000842
NA12748	-0.079560	-0.100380	-0.052435	-0.046150	0.000230	-0.002992	-0.000647	-0.002333	0.000115	0.001815
NA12749	-0.072627	-0.107482	-0.032077	-0.049590	-0.002587	-0.001513	0.002080	-0.000867	0.000140	-0.001258
NA12750	-0.073341	-0.089788	-0.052643	-0.052549	0.001321	0.005636	0.004383	0.000464	-0.001629	0.000387
NA12751	-0.077320	-0.103508	-0.027412	-0.025336	0.001876	-0.002388	0.002570	-0.003282	0.001599	0.006383
NA12760	-0.069765	-0.099104	-0.039941	-0.056621	-0.004143	-0.003939	-0.002815	0.001356	0.004356	-0.002777
NA12761	-0.073386	-0.099309	-0.035119	-0.045442	0.001027	-0.002591	-0.003142	0.001982	0.001524	-0.000623
NA12762	-0.079498	-0.101819	-0.035385	-0.040650	0.001743	-0.000405	0.001987	0.001138	-0.001284	0.000735
NA12763	-0.077309	-0.092344	-0.025868	-0.053270	0.003987	0.003249	0.002466	0.001032	0.001069	0.005120
NA12775	-0.074159	-0.090091	-0.027108	-0.053129	-0.003197	0.003859	-0.000039	-0.005256	-0.007111	-0.000738
NA12776	-0.075843	-0.095629	-0.044846	-0.047863	0.000164	-0.000310	0.003365	-0.000696	-0.002084	-0.000533
NA12777	-0.070343	-0.096742	-0.027546	-0.058314	-0.004487	0.002208	-0.000964	-0.004628	-0.000824	0.000198
NA12778	-0.076980	-0.103318	-0.029873	-0.026081	-0.000468	-0.001200	0.003430	0.000168	-0.001303	0.004121
NA12812	-0.080152	-0.092137	-0.011772	-0.040717	-0.001123	-0.005233	-0.002815	0.001030	0.003326	-0.004318
NA12813	-0.071042	-0.103129	-0.027160	-0.006217	-0.000374	-0.006174	0.007312	-0.005066	0.001722	0.000005
NA12814	-0.068112	-0.097552	-0.033506	-0.031088	-0.000898	0.001978	-0.000388	0.000445	-0.002843	0.002137
NA12815	-0.073049	-0.090674	-0.024184	-0.037387	-0.001045	0.002083	-0.002486	-0.001198	-0.000427	0.002610
NA12827	-0.075707	-0.103189	-0.028409	-0.042651	0.000220	0.004627	0.001310	-0.000349	-0.000511	-0.000587
NA12828	-0.063215	-0.095157	-0.034903	-0.046498	-0.004038	-0.003560	0.000190	-0.002205	0.002938	0.002999
NA12829	-0.065335	-0.093283	-0.047491	-0.033874	-0.003549	0.001111	0.000638	-0.002782	0.000188	-0.005210
NA12830	-0.074346	-0.104756	-0.033976	-0.054059	-0.003999	-0.001760	-0.002376	-0.000601	0.005244	-0.004452
NA12842	-0.077651	-0.080874	-0.037385	-0.037578	-0.000106	-0.001253	0.001085	0.000012	-0.000628	0.000064
NA12843	-0.069612	-0.102232	-0.023474	-0.040536	-0.002115	-0.006301	0.002050	-0.001014	0.001389	-0.002591
NA12872	-0.075508	-0.092964	-0.035287	-0.050613	-0.003170	-0.002888	0.001345	-0.002295	-0.000706	-0.004199
NA12873	-0.073586	-0.085819	-0.036726	-0.027512	0.002775	0.002977	0.004137	0.004474	0.002242	0.000608
NA12874	-0.049782	-0.087534	-0.039266	-0.049480	-0.005780	-0.011419	0.004350	-0.002848	0.011699	-0.006179
NA12878	-0.072330	-0.096653	-0.041777	-0.029343	0.000126	0.002011	-0.000394	-0.003795	-0.003303	-0.003920
NA12889	-0.061622	-0.103225	-0.037408	-0.030768	0.002892	-0.005355	0.003905	0.005444	0.002588	0.002754
NA12890	-0.065810	-0.082435	-0.026360	-0.059434	-0.004192	0.001915	-0.003267	0.000393	-0.000738	0.001180
NA18486	0.231880	0.015408	-0.002426	-0.000017	-0.023393	-0.055994	0.005346	0.006555	-0.004276	-0.009784
NA18488	0.231038	0.018034	-0.006157	-0.006029	-0.011945	-0.089377	0.008969	0.001722	-0.014506	0.008835
NA18489	0.222302	0.010605	0.002966	0.002343	0.016842	-0.045155	-0.016395	0.023602	-0.010676	0.033315
NA18498	0.225187	0.012433	0.003027	0.000495	-0.021088	-0.062962	-0.006083	-0.008320	-0.031080	-0.001518
NA18499	0.243066	0.018278	0.004952	-0.000460	-0.045475	-0.054174	-0.018194	0.010121	-0.016814	0.032039
NA18501	0.235120	0.019929	0.009635	-0.001658	0.000770	-0.057275	-0.000516	0.023042	-0.011897	-0.008707
NA18502	0.230337	0.015332	0.004002	0.003707	0.007991	-0.049763	-0.002455	-0.023902	-0.015882	0.002236
NA18504	0.244994	0.015948	-0.001095	-0.004253	-0.024479	-0.058748	-0.000315	0.002811	-0.025041	-0.007975
NA18505	0.236210	0.014376	-0.009948	0.001160	-0.004888	-0.112900	-0.013141	-0.007380	-0.041272	0.001195
NA18507	0.248360	0.008964	0.000245	0.005912	-0.025765	-0.050281	0.002947	-0.001956	-0.004014	-0.007398
NA18508	0.240242	0.006351	-0.001048	-0.004041	0.003613	-0.039776	0.002329	-0.009940	0.028254	-0.017411
NA18510	0.234948	0.012936	-0.006539	-0.000879	-0.027572	-0.034454	-0.033697	0.014501	-0.001917	0.026640
NA18511	0.228145	0.016677	-0.000610	0.010905	-0.023050	-0.054889	0.009185	-0.005782	-0.034901	-0.008181
NA18516	0.239059	0.012842	-0.003132	0.007544	0.010574	-0.051682	-0.011672	0.007209	-0.010841	0.003072
NA18517	0.224313	0.013351	-0.008897	0.005450	-0.014921	-0.012531	-0.011834	0.009814	0.003443	0.009662
NA18519	0.232741	0.007617	-0.001150	0.004496	0.000830	-0.037144	0.001724	0.036973	-0.018653	0.010115
NA18520	0.242272	0.013251	0.001786	-0.002383	-0.013535	-0.067148	-0.006032	-0.003041	-0.014532	0.016127
NA18522	0.227154	0.019390	0.006138	0.006035	-0.010265	-0.037003	0.004739	-0.001243	-0.008489	0.009244
NA18523	0.236511	0.018596	-0.000923	0.001601	-0.024703	-0.007419	-0.009757	0.003299	-0.003508	-0.007245
NA18525	-0.102261	0.121312	-0.036528	-0.030169	-0.002838	-0.000137	-0.000137	0.000581	0.002821	0.002512
NA18526	-0.096507	0.131070	-0.018426	-0.041320	-0.003849	-0.004558	0.000453	0.000555	0.001283	-0.000514
NA18528	-0.099086	0.112486	-0.003258	-0.005262	-0.002932	-0.001284	0.000334	0.002909	-0.001088	-0.001042
NA18530	-0.102164	0.128527	-0.013275	-0.017594	-0.001571	0.000222	0.001922	0.000868	-0.000640	0.000870
NA18531	-0.098856	0.126886	-0.007821	-0.003508	-0.002426	-0.000179	-0.001481	0.002247	0.001758	-0.002588
NA18532	-0.094044	0.128211	-0.012726	-0.035469	-0.000348	-0.001770	0.001889	-0.006279	0.003021	0.001170
NA18533	-0.107948	0.128556	-0.008045	-0.014468	-0.001853	-0.003170	0.000510	-0.000287	-0.003576	0.003974
NA18534	-0.094358	0.115155	-0.010153	-0.030097	-0.004020	0.002093	-0.000935	0.000337	-0.001233	0.001134
NA18535	-0.102403	0.136282	-0.029219	-0.027561	-0.000106	-0.000209	0.001463	-0.001888	-0.001652	-0.000194
NA18536	-0.094332	0.149903	-0.030185	-0.045207	0.000543	-0.000776	0.000662	-0.001144	0.002957	0.002492
NA18537	-0.090902	0.117442	-0.013194	-0.015262	-0.002007	-0.003633	-0.000637	0.001026	0.003284	-0.003606
NA18538	-0.095489	0.120869	-0.017261	-0.017313	0.002302	-0.003835	0.000057	0.003838	-0.000184	0.000609
NA18539	-0.096912	0.113474	-0.019182	-0.011200	0.000298	-0.000398	-0.000182	-0.002413	-0.000111	0.000516
NA18541	-0.098871	0.117036	-0.009805	-0.017151	0.000189	-0.001625	-0.002803	0.000231	0.000493	0.002110
NA18542	-0.103344	0.123299	-0.031888	-0.012710	0.000339	0.002818	-0.000844	0.000658	-0.004123	0.002522
NA18543	-0.102614	0.135919	-0.014166	-0.042992	-0.002186	0.000746	-0.000228	-0.003362	0.003897	0.000991
NA18544	-0.100555	0.119841	-0.013612	-0.003089	-0.002027	0.003027	0.002605	0.000102	0.000051	0.001755
NA18545	-0.101763	0.147628	-0.016924	-0.024176	-0.002946	0.004201	-0.000165	-0.002241	0.006674	0.001748
NA18546	-0.098111	0.128165	-0.015204	-0.012495	-0.001142	-0.003977	0.001958	0.000247	-0.001538	-0.001336
NA18547	-0.101085	0.144557	-0.023266	-0.026742	-0.000233	0.001968	0.000220	0.001762	-0.002511	0.001770
NA18548	-0.109486	0.131834	-0.027122	-0.019025	-0.001831	0.001413	-0.001344	0.003009	0.000494	-0.000992
NA18549	-0.104016	0.150518	-0.021365	-0.035635	-0.002472	0.001854	-0.000752	-0.000856	0.004146	0.001900
NA18550	-0.098473	0.136633	-0.015824	-0.036975	-0.001364	0.003699	0.000362	-0.000913	0.003265	-0.002383
NA18552	-0.099593	0.122264	-0.005216	-0.017181	0.004291	-0.002539	-0.001251	-0.000146	-0.002862	0.001410
NA18553	-0.101752	0.117377	-0.020388	-0.039010	-0.004701	-0.002293	0.002957	0.000007	-0.006269	-0.000520
NA18555	-0.096444	0.127984	-0.008648	-0.019887	0.002350	-0.001061	-0.001980	0.001810	-0.003363	-0.003504
NA18557	-0.091959	0.132056	-0.007616	-0.017729	0.002029	-0.007288	-0.000340	0.003259	0.002238	-0.000638
NA18558	-0.099390	0.124165	-0.007533	-0.023054	0.002289	0.002662	-0.004316	0.000813	0.000084	-0.000927
NA18559	-0.092612	0.143182	-0.016318	-0.042181	-0.000855	-0.002841	0.000984	-0.006881	0.003128	0.000278
NA18560	-0.097518	0.118693	-0.014792	-0.006055	-0.001058	-0.000998	0.000440	0.003629	-0.001663	0.001526
NA18561	-0.106720	0.127187	-0.021284	-0.038981	-0.003711	0.004525	-0.002496	-0.000857	0.003287	-0.001517
NA18562	-0.093796	0.112654	-0.008386	-0.013911	0.003524	-0.002979	0.003647	0.002515	0.001012	-0.005195
NA18563	-0.106882	0.124811	-0.015037	-0.002862	-0.001546	-0.002197	0.000468	0.005879	0.001585	0.000648
NA18564	-0.093665	0.103972	-0.017990	-0.017723	-0.002010	-0.002815	0.000133	0.001169	0.002404	-0.000307
NA18565	-0.095905	0.138689	-0.018629	-0.033061	0.000169	0.001354	-0.002506	-0.002313	-0.001335	0.006465
NA18566	-0.105882	0.125830	-0.000056	-0.014438	0.000724	0.002256	-0.003696	0.001101	-0.002365	0.001491
NA18567	-0.100312	0.140879	-0.023051	-0.041000	0.001723	-0.000022	0.000504	-0.000722	-0.004336	-0.004196
NA18570	-0.101534	0.130609	-0.013641	-0.048932	-0.000215	-0.006401	0.001703	0.002045	-0.000044	-0.002367
NA18571	-0.102162	0.136435	-0.023690	-0.022865	-0.002299	-0.002282	-0.000367	0.001679	-0.001076	0.001583
NA18572	-0.101060	0.131225	-0.020592	-0.029750	-0.000243	0.002534	0.001723	-0.000522	0.001676	0.001097
NA18573	-0.103371	0.139481	-0.002153	-0.033267	-0.000274	0.000194	0.001035	-0.002549	0.000612	0.002331
NA18574	-0.098203	0.122638	-0.016033	-0.018702	-0.001430	-0.004460	0.001225	0.000967	0.004743	-0.000654
NA18577	-0.095222	0.118883	-0.023584	-0.025164	-0.001167	-0.000942	0.001497	0.000692	0.002580	-0.001168
NA18579	-0.098100	0.135199	-0.011227	-0.021279	-0.002387	0.002515	-0.001191	-0.000773	0.001466	0.004295
NA18582	-0.101059	0.127112	-0.025189	-0.035553	0.004268	0.000126	0.003731	0.000654	0.000983	-0.000227
NA18591	-0.099969	0.125316	-0.019685	-0.017679	0.002151	-0.002061	0.003932	-0.001106	0.000689	0.000306
NA18592	-0.099820	0.118978	-0.010101	-0.040852	-0.004128	-0.004673	0.002099	0.000241	0.001785	0.001056
NA18593	-0.100925	0.132625	-0.016094	-0.039734	-0.000239	0.002111	0.001679	0.002051	0.000774	0.000028
NA18595	-0.098201	0.138139	-0.011974	-0.012116	-0.000934	0.001162	-0.000367	0.002225	-0.001240	-0.001483
NA18596	-0.102026	0.145292	-0.014924	-0.027606	-0.001466	-0.002498	-0.000570	0.000863	-0.001375	0.000071
NA18597	-0.091837	0.104769	-0.007479	-0.013988	-0.001079	-0.003021	0.003365	0.001633	0.001129	-0.001717
NA18599	-0.096755	0.127437	-0.019982	-0.033001	-0.000171	0.004227	0.000285	-0.000729	0.000495	-0.002907
NA18602	-0.100615	0.132604	-0.008753	-0.022139	-0.000598	0.001156	0.000679	0.002513	0.001362	-0.001838
NA18603	-0.096337	0.141823	-0.013636	-0.028440	-0.000762	0.006102	0.001198	-0.000140	0.000556	0.001361
NA18605	-0.107694	0.142082	-0.035224	-0.036882	0.001457	0.001189	-0.004040	0.003092	-0.003510	0.002862
NA18606	-0.098752	0.127894	-0.018933	-0.040302	0.004013	-0.002710	0.001064	-0.000943	-0.002832	-0.001243
NA18608	-0.101043	0.100259	-0.007957	-0.014012	0.000132	0.000213	0.001613	-0.000580	0.000546	-0.000413
NA18609	-0.096816	0.123793	-0.008685	-0.016227	0.002386	-0.003370	0.003262	-0.000916	0.004512	-0.000400
NA18610	-0.098522	0.130862	-0.018002	-0.018861	-0.002293	0.000382	-0.000427	0.000202	-0.002844	0.001034
NA18611	-0.094339	0.118858	-0.016971	-0.010178	-0.002693	0.000612	0.006408	-0.002530	0.003584	-0.000289
NA18612	-0.099396	0.132531	-0.005453	-0.032240	-0.002251	-0.000594	-0.000352	0.002436	-0.006593	0.000079
NA18613	-0.103874	0.124645	-0.018094	-0.013747	0.002488	0.002767	0.000858	0.001946	0.001334	-0.000576
NA18614	-0.096015	0.117757	-0.011284	-0.020155	0.000934	-0.000361	0.000546	0.000609	0.002297	0.000760
NA18615	-0.095134	0.128689	-0.021640	-0.028893	0.000799	0.001083	0.000952	-0.001663	-0.000197	0.001054
NA18616	-0.098125	0.131544	-0.008544	-0.010645	-0.000619	0.001297	0.007031	-0.003950	0.006007	-0.000062
NA18617	-0.105211	0.140429	-0.010127	-0.031736	-0.002299	0.002856	-0.004060	0.001712	0.000304	-0.001484
NA18618	-0.091769	0.112208	-0.018835	0.004729	0.000904	0.000090	-0.000996	-0.000602	0.002681	-0.001098
NA18619	-0.094057	0.096694	-0.018916	-0.014574	-0.002389	-0.000955	0.002570	-0.001995	-0.001435	-0.000056
NA18620	-0.101947	0.128945	-0.006072	-0.017319	-0.000085	-0.003282	-0.000286	0.000518	-0.002072	0.000269
NA18621	-0.103235	0.108589	-0.033397	-0.007867	0.003008	0.003473	0.001474	-0.002033	0.004538	-0.003259
NA18622	-0.100500	0.113917	-0.016686	0.001426	-0.002872	-0.003690	0.001706	-0.000117	0.009814	0.000384
NA18623	-0.101836	0.132576	-0.019661	-0.012828	-0.003628	0.003527	-0.000202	-0.000179	-0.003902	0.002158
NA18624	-0.105346	0.137482	-0.023840	-0.046890	-0.000574	-0.000391	0.002555	-0.000448	-0.003463	0.000627
NA18625	-0.094141	0.128630	-0.022074	-0.023747	-0.000016	-0.001531	0.000194	-0.000903	0.000854	0.001631
NA18626	-0.098978	0.106683	-0.017060	-0.000886	-0.000555	0.000479	0.000795	0.000341	-0.000264	0.005822
NA18627	-0.099752	0.136858	-0.021327	-0.009768	0.002476	-0.000013	0.002544	0.002991	0.000610	0.002625
NA18628	-0.094551	0.135659	0.007115	-0.025300	-0.001246	-0.000374	0.002160	-0.001159	0.001980	-0.001041
NA18629	-0.094390	0.121825	-0.026283	-0.011598	0.004281	-0.002637	-0.002034	0.000604	0.000356	-0.000664
NA18630	-0.090133	0.112506	-0.016309	-0.030814	-0.000628	0.001763	-0.000152	-0.002515	-0.003014	0.001614
NA18631	-0.094841	0.141141	-0.018451	-0.028590	-0.000379	-0.000986	-0.001346	0.003261	0.001008	0.001950
NA18632	-0.100591	0.138179	-0.012076	-0.027427	-0.004309	-0.003640	0.001014	-0.000239	-0.000862	-0.000583
NA18633	-0.089872	0.138329	-0.022161	-0.024648	-0.003301	-0.001960	0.003190	0.000686	0.002642	-0.001165
NA18634	-0.095239	0.122455	-0.016094	-0.041189	-0.000676	-0.002059	-0.000807	-0.000047	0.002926	0.000015
NA18635	-0.103875	0.123646	-0.028551	-0.025208	-0.002167	-0.004639	0.001422	0.002191	0.000014	0.002656
NA18636	-0.104367	0.129147	-0.002225	-0.030758	-0.003333	-0.004769	0.002910	-0.001963	0.000120	-0.000233
NA18637	-0.098722	0.125503	-0.010824	-0.029154	-0.000173	-0.000013	0.001913	0.000441	-0.001820	0.000727
NA18638	-0.101235	0.142692	-0.015461	-0.036291	-0.003352	0.000769	0.000143	0.000308	0.002815	0.003458
NA18639	-0.099724	0.147784	-0.013368	-0.038990	-0.002769	-0.001323	0.000676	-0.001901	-0.004712	0.002076
NA18640	-0.098214	0.126953	-0.011052	-0.022178	-0.000043	-0.001169	-0.005895	-0.003276	-0.006736	-0.006046
NA18641	-0.098860	0.137699	-0.005894	-0.024920	0.001035	-0.001853	0.001862	0.002154	-0.002615	0.000937
NA18642	-0.095543	0.123808	-0.027787	-0.027209	-0.003422	0.000224	0.000804	0.003297	0.000706	-0.000404
NA18643	-0.090541	0.126172	-0.025917	-0.028229	-0.000932	0.000840	0.002049	-0.003361	0.004586	0.000500
NA18644	-0.094097	0.130886	-0.026785	-0.020110	0.000992	0.002220	-0.000142	0.000917	-0.000175	-0.001352
NA18645	-0.103461	0.123990	-0.009147	-0.015499	0.000786	-0.001808	0.002714	0.000512	-0.002189	-0.003599
NA18646	-0.103733	0.124440	-0.017753	-0.020878	-0.000372	-0.003218	0.002067	-0.000463	-0.001428	0.001152
NA18647	-0.101184	0.130156	-0.021826	-0.026270	-0.001266	-0.002187	-0.000594	0.001190	-0.001910	0.000760
NA18648	-0.093199	0.129875	-0.017242	-0.007433	0.002372	0.003818	-0.003096	0.002039	-0.002857	-0.003809
NA18740	-0.093614	0.143409	-0.016802	-0.038886	-0.003983	0.003324	0.001786	-0.001246	0.005413	-0.000888
NA18745	-0.100319	0.127920	-0.025964	-0.020058	0.003409	0.002536	-0.001174	-0.000279	-0.005542	0.000158
NA18747	-0.103658	0.128438	-0.025491	-0.019720	0.002705	-0.005662	0.002924	0.001929	0.002085	0.002516
NA18748	-0.103330	0.133030	-0.031614	-0.018016	0.000010	-0.000140	-0.001496	0.002263	-0.000039	-0.000589
NA18749	-0.104981	0.122139	-0.029547	-0.028385	-0.001452	-0.001469	-0.001047	0.000736	-0.003024	0.001835
NA18757	-0.098789	0.136556	-0.030833	-0.028292	-0.001825	-0.000944	-0.001062	0.001326	-0.000884	-0.001455
NA18853	0.224092	0.021753	-0.001554	0.003110	-0.020486	-0.028939	-0.006128	0.004933	-0.000727	0.002745
NA18856	0.227585	0.006750	0.003935	-0.006556	-0.005692	-0.018044	-0.000814	0.009414	0.039045	-0.009776
NA18858	0.230726	0.012450	0.004083	-0.002835	-0.001604	-0.095957	0.004031	-0.010766	-0.021215	-0.017727
NA18861	0.227074	0.024788	0.000379	0.013108	-0.011951	-0.014512	0.012008	-0.039581	0.006503	0.007629
NA18864	0.243746	0.010579	-0.000330	0.009065	-0.014147	-0.039336	0.007355	0.003285	-0.016657	-0.012951
NA18865	0.233286	0.009609	-0.000332	0.008696	-0.054460	-0.048262	0.008887	0.000258	-0.024685	-0.014807
NA18867	0.222306	0.011887	-0.000107	-0.009222	-0.010140	-0.033438	-0.022458	0.008320	-0.023540	-0.014389
NA18868	0.244520	0.012183	-0.001974	0.002024	-0.043326	-0.045472	0.015141	-0.012450	-0.028598	-0.021472
NA18870	0.232040	0.023790	0.003645	-0.002791	-0.033869	-0.067775	-0.011085	0.003413	-0.002693	-0.017214
NA18871	0.240091	0.019242	-0.005661	-0.000663	-0.032879	-0.067196	-0.003741	0.014729	0.009424	-0.014079
NA18873	0.239169	0.016376	-0.000983	-0.004291	-0.018770	-0.049977	-0.015443	0.000506	-0.009319	-0.024887
NA18874	0.226093	0.019033	0.004407	-0.000299	-0.013283	-0.073973	-0.017072	-0.011182	-0.017330	0.016483
NA18876	0.257107	0.013396	-0.010007	0.012779	-0.013243	-0.087558	-0.008897	-0.009765	-0.003781	-0.031178
NA18877	0.222759	0.014616	0.000109	0.007479	0.000771	-0.043923	0.014100	0.005089	-0.017710	0.001925
NA18878	0.243147	0.024605	0.000298	-0.001600	-0.025835	-0.057819	0.003077	0.000569	-0.010622	-0.004704
NA18879	0.230263	0.012970	0.006826	-0.001006	0.000457	-0.053879	0.029133	-0.030270	-0.020474	0.004244
NA18881	0.225076	0.008823	0.001032	-0.003441	-0.001325	-0.014242	-0.024951	0.018452	-0.005085	0.007251
NA18907	0.235289	0.008582	0.004583	0.005513	-0.018220	-0.082888	-0.016184	0.022502	-0.002643	-0.021807
NA18908	0.254164	0.014538	-0.009808	0.000236	-0.034349	-0.085971	0.012096	0.004061	-0.011197	-0.020236
NA18909	0.237761	0.014542	-0.000109	0.003606	-0.037693	-0.068563	-0.001444	0.010730	-0.018820	-0.002477
NA18910	0.228644	0.016064	0.008516	0.003316	-0.029359	-0.070868	-0.005095	0.002733	-0.004049	-0.017107
NA18912	0.250883	0.018962	-0.009444	0.011897	-0.027925	-0.065240	0.013246	-0.009840	-0.043939	-0.020390
NA18915	0.232739	0.004995	-0.007143	-0.002452	-0.009179	-0.064708	-0.005831	-0.014842	-0.023721	-0.007389
NA18916	0.239383	0.009345	0.007108	0.002090	-0.002676	-0.053123	-0.018914	0.001835	0.009016	0.014513
NA18917	0.230252	0.013432	-0.003121	0.004094	-0.021665	-0.001001	-0.005834	0.013111	-0.005969	-0.002199
NA18923	0.235831	0.001834	0.004295	-0.003362	-0.006980	-0.097583	-0.006175	0.008126	-0.023521	-0.008394
NA18924	0.238112	0.007571	0.003023	0.002207	-0.027918	-0.074187	-0.016818	-0.002790	-0.015933	-0.004475
NA18933	0.241015	0.020772	-0.002931	0.003886	0.007810	-0.068531	-0.000441	0.006859	-0.016796	0.022544
NA18934	0.238158	0.014562	-0.001561	-0.006821	-0.005800	-0.072819	-0.010154	-0.005324	-0.015760	-0.006213
NA18939	-0.101074	0.117070	-0.019991	-0.018456	-0.001883	0.002417	-0.008223	0.003861	-0.007551	0.000438
NA18940	-0.095631	0.118694	-0.008745	-0.040381	-0.000224	0.003807	0.002096	-0.000197	0.003387	0.004194
NA18941	-0.099893	0.115558	-0.027288	-0.025265	-0.001846	-0.002099	0.000382	0.002749	-0.000739	-0.000163
NA18942	-0.098355	0.121343	-0.012426	-0.025179	0.001713	0.001016	0.001220	-0.001319	-0.002585	0.000690
NA18943	-0.098962	0.105115	-0.010005	0.000273	0.000577	-0.003352	-0.003312	0.001397	-0.004083	-0.001258
NA18944	-0.100127	0.115422	-0.025993	-0.035727	-0.002955	-0.001849	0.004158	0.002615	0.002420	-0.001757
NA18945	-0.097049	0.128796	-0.013971	-0.022051	-0.000125	0.000742	0.000096	0.000619	-0.003158	0.000923
NA18946	-0.099666	0.124573	-0.015961	-0.024200	-0.001422	0.002155	0.000873	-0.000168	0.003369	-0.004562
NA18947	-0.099031	0.118175	-0.013751	-0.014434	-0.002310	-0.001171	-0.001013	0.001575	-0.002942	0.000638
NA18948	-0.098125	0.118604	-0.023531	-0.025300	0.000878	0.004571	-0.001226	-0.001007	-0.004463	0.001448
NA18949	-0.097549	0.132794	-0.010462	-0.026809	-0.000776	-0.000477	0.000374	0.004278	-0.000882	0.001524
NA18950	-0.101515	0.109477	-0.011577	-0.028393	-0.000190	-0.001470	0.000670	0.002278	-0.002033	0.002183
NA18951	-0.098729	0.131314	-0.023043	-0.016272	-0.000777	-0.000203	-0.002587	0.001638	-0.003359	0.001046
NA18952	-0.101887	0.117930	-0.017780	-0.020295	0.000166	0.003111	-0.001088	0.000054	-0.004328	0.001165
NA18953	-0.101912	0.125143	-0.011916	-0.013770	0.001548	0.001760	-0.000006	0.003481	0.003692	-0.002936
NA18954	-0.093172	0.147507	-0.021330	-0.033102	-0.000685	-0.001085	0.001820	0.001141	0.000472	-0.000479
NA18956	-0.102856	0.119775	-0.018320	0.001490	0.001161	-0.001318	-0.002576	-0.001858	-0.002010	0.000479
NA18957	-0.100038	0.113899	-0.007607	-0.016021	-0.002817	-0.003303	-0.001124	-0.003329	-0.004388	0.003953
NA18959	-0.101411	0.130011	-0.018458	-0.023113	-0.000612	-0.003946	-0.001932	0.001144	0.000381	0.003354
NA18960	-0.101562	0.140762	-0.016211	-0.033401	-0.001132	0.002266	0.001829	0.001226	-0.006920	0.000962
NA18961	-0.096743	0.108556	-0.020987	-0.019764	0.000289	-0.001680	0.001242	0.002320	0.000550	-0.001913
NA18962	-0.094374	0.117804	-0.014798	-0.003291	-0.003189	-0.003702	0.001036	0.001396	-0.001391	-0.001485
NA18963	-0.094110	0.127892	-0.008432	-0.032279	0.000263	-0.002020	0.002160	0.000801	-0.003572	0.003565
NA18964	-0.102225	0.137027	-0.010902	-0.045635	-0.002459	0.003617	0.004907	0.000845	0.000596	0.000188
NA18965	-0.089494	0.116604	-0.028222	-0.026903	0.002110	-0.002276	0.000930	0.000446	-0.000271	-0.000387
NA18966	-0.099977	0.129719	-0.009784	-0.039982	-0.002185	-0.003502	0.000486	0.002619	-0.004555	0.002251
NA18967	-0.095992	0.119107	-0.008601	-0.017761	-0.000502	0.001888	-0.001970	0.001737	0.000900	0.001786
NA18968	-0.100422	0.133561	-0.018155	-0.023713	-0.002249	-0.003187	-0.002819	0.003669	0.004634	-0.004340
NA18969	-0.103738	0.116933	-0.021006	-0.003548	0.000863	-0.003479	0.002344	0.004208	-0.001027	0.000075
NA18970	-0.099431	0.134456	-0.022675	-0.029502	-0.000037	-0.002487	-0.000373	0.001209	-0.001548	-0.000999
NA18971	-0.100832	0.132349	-0.022617	-0.017505	0.000240	0.004563	0.002912	0.007261	0.001263	-0.002708
NA18972	-0.096874	0.114692	-0.031956	-0.036468	-0.005078	-0.000244	0.001643	0.001065	-0.000986	0.001837
NA18973	-0.103305	0.117050	-0.033369	-0.009480	-0.000308	0.001718	0.000671	0.002431	0.000774	0.000959
NA18974	-0.097371	0.124737	-0.025307	-0.033066	0.005720	-0.002537	0.005329	0.001570	0.002385	-0.003257
NA18975	-0.097649	0.122763	-0.019012	0.005397	0.003618	-0.002570	0.002418	0.005374	-0.002293	-0.002397
NA18976	-0.106934	0.131295	-0.021785	-0.015260	-0.001224	0.001496	-0.001863	0.002031	-0.007087	-0.000543
NA18977	-0.098281	0.129361	-0.018579	-0.018923	-0.001054	0.001986	-0.002607	0.003186	-0.003079	0.000888
NA18978	-0.095236	0.118738	-0.023176	-0.018399	-0.000084	0.001275	-0.003137	0.000367	-0.001051	-0.000284
NA18979	-0.103189	0.117867	-0.032500	-0.029651	-0.000465	0.002815	-0.001225	0.003798	0.002584	-0.001545
NA18980	-0.102882	0.116701	-0.026625	-0.024636	0.001934	-0.000378	0.000042	0.003664	-0.000554	-0.002142
NA18981	-0.100107	0.114714	-0.017845	-0.008389	-0.003117	-0.000841	-0.000843	0.000478	-0.001923	0.004075
NA18982	-0.099400	0.103716	-0.003450	0.015749	-0.001692	-0.000238	0.004946	0.004135	-0.004123	0.000591
NA18983	-0.102085	0.113720	-0.025305	-0.014895	0.002150	0.000211	-0.000238	-0.001975	-0.005733	0.001077
NA18984	-0.107507	0.134162	-0.010644	-0.001151	0.000748	-0.002922	0.001204	0.002588	-0.000729	0.004066
NA18985	-0.098013	0.121397	-0.021950	-0.021872	-0.002866	0.001363	-0.000967	0.001058	-0.000581	0.003205
NA18986	-0.094459	0.125525	-0.026905	-0.036101	0.001114	0.000116	0.001792	0.001517	0.002023	-0.000808
NA18987	-0.099873	0.129637	-0.029756	-0.020718	0.002105	-0.001956	-0.001145	0.001501	-0.001045	-0.002808
NA18988	-0.100253	0.130160	-0.023579	-0.012108	0.002180	0.001178	0.001036	0.004880	0.002038	-0.000797
NA18989	-0.103334	0.104047	-0.002864	-0.013059	0.000386	-0.001646	0.001505	-0.001977	0.000899	0.002716
NA18990	-0.098671	0.135076	-0.015212	-0.014249	0.000867	0.001691	0.002744	0.001618	0.002305	0.000265
NA18991	-0.103392	0.135401	-0.026971	-0.011356	-0.002331	-0.002778	-0.000574	0.005215	-0.003192	0.000310
NA18992	-0.097746	0.117775	-0.014362	0.000422	0.004414	0.005427	-0.001322	0.005617	-0.001330	-0.001511
NA18993	-0.095270	0.116640	-0.008654	-0.027115	0.000469	0.002126	-0.002725	0.002794	0.000405	-0.002553
NA18994	-0.095621	0.118364	-0.018467	-0.016325	-0.000180	-0.002673	0.000326	0.001046	-0.000528	0.000458
NA18995	-0.101209	0.122414	-0.031114	-0.031866	-0.000139	-0.000663	-0.001238	0.002053	-0.000180	-0.000642
NA18997	-0.104992	0.120955	-0.017053	-0.023000	-0.001454	0.001838	-0.001115	-0.000088	0.001384	0.002061
NA18998	-0.101098	0.106041	-0.019694	-0.013165	0.000418	0.000491	-0.003345	0.002949	0.001446	-0.001583
NA18999	-0.107103	0.109256	-0.013452	-0.015418	0.001677	-0.003793	-0.000483	-0.000887	0.001575	-0.000352
NA19000	-0.101783	0.116977	-0.022186	0.009294	-0.000421	-0.003063	0.003304	0.002555	-0.001617	0.001687
NA19001	-0.103471	0.135754	-0.026927	-0.028098	0.002271	-0.000644	0.000870	0.001649	-0.003350	0.003363
NA19002	-0.099683	0.122435	-0.022484	-0.021134	0.002199	0.004404	0.001167	-0.001734	0.000628	-0.000950
NA19003	-0.099777	0.097054	-0.004552	-0.017690	0.000831	0.001838	-0.002032	0.004380	0.000553	-0.002879
NA19004	-0.097930	0.124407	-0.033354	-0.019639	0.002064	0.001699	0.001902	0.000630	0.000880	0.000771
NA19005	-0.102708	0.129711	-0.017610	-0.011097	-0.001742	0.005089	-0.001274	0.000021	0.003776	0.000708
NA19006	-0.103965	0.116562	-0.016390	-0.029481	0.000171	0.001052	-0.002291	0.003416	-0.000785	0.000213
NA19007	-0.103777	0.126165	-0.015680	-0.024656	0.000544	0.002191	0.001394	0.002110	0.001944	-0.000687
NA19009	-0.099900	0.127230	-0.008618	-0.014499	0.002169	-0.000764	0.001396	0.004499	-0.002010	0.000401
NA19010	-0.108028	0.136406	-0.021411	-0.030085	0.001458	-0.002999	0.000196	0.001223	0.000213	-0.000620
NA19011	-0.097558	0.125482	-0.011939	-0.024924	-0.001513	-0.008029	-0.002453	0.002640	-0.000774	0.001262
NA19012	-0.101959	0.112133	-0.012580	-0.004618	-0.000739	-0.001589	0.000643	0.003114	-0.004351	0.000622
NA19017	0.212228	0.009079	-0.000182	0.001502	0.230401	0.133663	-0.047172	-0.060443	0.092276	0.112331
NA19019	0.213836	-0.000537	0.021731	-0.021137	0.213609	-0.017039	0.013274	0.010024	-0.064651	0.172922
NA19020	0.219450	0.009251	0.006819	-0.010024	0.107901	-0.039057	0.017317	-0.029644	0.045188	0.005584
NA19023	0.234611	0.015419	0.003467	-0.018917	0.266299	0.054636	0.112894	-0.082618	-0.265459	-0.001456
NA19024	0.233889	0.014749	-0.004792	0.011099	0.142868	-0.076390	0.043795	0.001325	0.152345	-0.092689
NA19025	0.251929	0.012405	-0.011485	0.011636	0.153377	-0.045573	-0.048126	-0.070342	0.053763	0.070900
NA19026	0.203232	0.014846	-0.000658	0.002650	0.173405	0.008407	-0.004210	-0.014711	0.160073	-0.044766
NA19027	0.199846	-0.004582	0.010380	0.012474	0.174049	0.056479	0.102434	0.079350	0.038737	0.143540
NA19028	0.197369	0.005972	-0.002896	-0.008276	0.261506	0.168868	0.190432	-0.311746	-0.042231	-0.416095
NA19030	0.228539	0.015619	0.011024	-0.006263	0.138257	0.014202	0.012062	-0.036355	-0.023609	-0.041950
NA19031	0.191888	0.003539	0.008522	-0.026113	0.198357	0.130619	0.150476	-0.189832	0.085587	0.124320
NA19035	0.234378	0.018995	0.002680	0.001093	0.137027	-0.021832	-0.009618	0.005631	0.029315	0.025753
NA19036	0.210267	0.005797	-0.012435	0.000743	0.120855	0.010493	-0.026355	0.029937	0.027145	-0.003038
NA19037	0.221486	0.001357	0.000564	-0.003348	0.197271	0.024593	-0.007307	0.003240	0.016248	0.025300
NA19038	0.222234	0.015355	-0.007649	0.005219	0.146875	0.041200	0.056570	-0.066556	0.068326	0.043340
NA19041	0.216318	0.007654	-0.006163	-0.009088	0.294284	0.039266	-0.087960	-0.152096	0.601443	-0.106051
NA19042	0.176688	-0.008130	-0.000365	0.005057	0.199817	0.130973	0.183433	0.122090	0.030955	0.167009
NA19043	0.228083	0.005172	0.006626	-0.011781	0.176651	0.105639	-0.242516	0.183421	-0.007954	0.172584
NA19054	-0.104391	0.129793	-0.022127	-0.027095	0.000856	0.002941	-0.000725	0.000878	0.000689	0.001574
NA19055	-0.097268	0.115171	-0.002923	-0.024885	-0.001704	-0.003851	-0.000032	-0.001795	0.001063	0.002532
NA19056	-0.100518	0.118999	-0.030616	-0.013136	0.000638	0.002140	-0.001218	0.001500	0.000223	-0.000144
NA19057	-0.097573	0.119203	-0.028553	-0.003285	0.001909	-0.000421	0.001886	-0.000486	0.002788	0.003609
NA19058	-0.098932	0.119363	-0.018284	-0.023944	0.001940	-0.000426	0.003657	-0.001664	-0.001312	0.000076
NA19059	-0.100754	0.115834	-0.022952	-0.022868	0.001515	0.000027	0.000851	0.001253	0.001426	-0.003123
NA19060	-0.096190	0.121306	-0.012344	-0.033483	-0.000438	-0.001027	0.002765	-0.000584	0.002554	0.001667
NA19062	-0.098554	0.127028	-0.026662	-0.014956	0.000572	-0.000772	0.002946	-0.000954	-0.001130	0.002386
NA19063	-0.095702	0.147808	-0.031708	-0.032082	-0.000178	0.002613	-0.003059	-0.000820	0.003320	-0.001206
NA19064	-0.105756	0.114222	-0.004881	-0.017451	0.000613	-0.002103	0.004235	0.000862	-0.001122	-0.001295
NA19065	-0.092354	0.123463	-0.021945	-0.027810	0.000440	0.000219	0.001144	-0.003151	0.000860	0.001756
NA19066	-0.097510	0.133421	-0.027292	-0.042060	0.004720	-0.003258	-0.001545	0.000498	-0.003104	-0.000817
NA19067	-0.102260	0.144922	-0.028759	-0.017361	0.002654	0.002444	-0.000060	0.000803	-0.000067	0.001368
NA19068	-0.101109	0.132205	-0.021999	-0.031280	-0.003259	0.002853	-0.001993	0.001826	-0.002832	0.001675
NA19070	-0.096226	0.126777	-0.010169	-0.027573	0.000194	0.003243	-0.002334	0.003343	0.000076	-0.001450
NA19072	-0.101407	0.116916	-0.008803	-0.029349	-0.006611	0.004376	0.000212	0.002871	0.005199	0.001245
NA19074	-0.103333	0.110352	-0.028217	-0.007368	0.000817	-0.002401	0.001479	0.000901	0.002901	0.000233
NA19075	-0.103781	0.121014	-0.017182	-0.025214	0.003833	-0.002057	-0.004765	-0.000169	-0.001609	0.001204
NA19076	-0.101665	0.131219	-0.028593	-0.016687	-0.002559	0.000515	-0.001791	0.000998	-0.003554	-0.001069
NA19077	-0.097830	0.124579	-0.021956	0.003419	-0.000891	-0.003683	0.001570	0.001445	0.002854	-0.000047
NA19078	-0.093399	0.152005	-0.026174	-0.009160	0.001224	0.009050	-0.003480	0.002976	-0.000998	-0.000861
NA19079	-0.092301	0.133599	-0.012082	-0.018216	-0.000061	-0.001092	0.000914	0.000149	0.000290	-0.002817
NA19080	-0.098298	0.105433	-0.015773	-0.019890	-0.003557	0.004070	0.003335	0.000008	0.003835	-0.001127
NA19081	-0.101065	0.127865	-0.003767	-0.003102	-0.000132	-0.001769	0.000814	-0.002553	0.000025	-0.001754
NA19082	-0.104622	0.131426	-0.019851	-0.028835	-0.000372	-0.002427	0.000223	0.004113	-0.002012	0.001709
NA19083	-0.099934	0.122200	-0.018908	-0.003752	-0.000354	0.001094	-0.003598	0.004941	-0.002572	-0.001845
NA19084	-0.092244	0.115180	-0.020503	-0.029428	0.001338	0.000821	0.004754	0.002659	0.003753	-0.003582
NA19085	-0.103315	0.115962	0.000298	-0.026833	0.000375	-0.001285	-0.000274	0.004825	-0.004068	-0.003433
NA19086	-0.098387	0.117088	-0.012575	-0.022461	-0.001436	-0.003095	0.004248	-0.000765	-0.001341	0.002099
NA19087	-0.098189	0.118475	-0.028648	-0.003940	0.001531	0.001935	0.005338	0.003519	-0.004269	0.005780
NA19088	-0.097455	0.126389	-0.028508	-0.020534	0.002548	-0.001063	0.003621	-0.000715	0.002877	0.000280
NA19089	-0.097792	0.122066	-0.016616	-0.018428	-0.001692	0.005107	0.001111	-0.000461	-0.002908	0.000882
NA19090	-0.105225	0.137481	-0.018976	-0.024261	0.000861	-0.000452	0.003599	0.002581	-0.003475	0.000426
NA19091	-0.099860	0.122090	-0.010878	-0.039670	-0.000155	0.001429	0.001102	0.003597	-0.001969	0.000241
NA19092	0.240382	0.013175	0.005440	0.000516	-0.018754	-0.054524	0.003981	0.029927	-0.013200	-0.008849
NA19093	0.241630	0.012426	-0.003290	-0.011702	-0.001000	-0.021782	0.001007	-0.008996	0.000699	0.026936
NA19095	0.239431	0.012662	-0.005880	-0.001259	0.002352	-0.037735	-0.006298	0.011320	-0.015772	-0.001123
NA19096	0.245728	0.018338	0.004970	0.010985	0.006847	-0.111779	-0.006250	0.001528	0.006192	-0.025047
NA19098	0.219887	0.015208	-0.002909	-0.007556	-0.021525	-0.041315	0.005792	0.028233	-0.032722	0.006217
NA19099	0.245333	0.013223	0.004839	0.003446	-0.019582	-0.049777	-0.011415	-0.003885	-0.028360	0.009380
NA19102	0.235083	0.009212	0.000610	0.000951	-0.030550	-0.063879	-0.005012	-0.000689	0.013543	-0.004851
NA19107	0.246987	0.026726	-0.004315	0.006910	-0.006197	-0.074081	-0.023858	-0.016422	-0.025274	0.012796
NA19108	0.231175	0.020649	-0.002940	-0.003145	-0.022710	-0.086427	0.002417	-0.007801	-0.005667	-0.008539
NA19113	0.239500	0.009755	0.001269	-0.001224	-0.030389	-0.057701	-0.016702	-0.001936	-0.019212	-0.001129
NA19114	0.222207	0.018104	0.003719	-0.000084	-0.020924	-0.061370	-0.008409	0.011365	-0.004247	-0.020998
NA19116	0.243369	0.010365	0.004197	-0.000690	-0.005839	-0.086417	0.012673	-0.020223	-0.024708	-0.007799
NA19117	0.232794	0.011248	0.000691	-0.005087	-0.018097	-0.105631	-0.003177	0.004757	-0.031072	-0.012665
NA19118	0.202463	0.011937	0.003100	-0.006539	-0.007081	-0.013891	-0.000795	0.011218	-0.010111	0.004315
NA19119	0.241325	0.013802	0.000423	0.003972	-0.027859	-0.094549	-0.006198	0.001496	-0.024813	-0.006738
NA19121	0.240001	0.015799	-0.003853	0.002289	-0.013735	-0.049359	0.000124	-0.000910	-0.011689	-0.002025
NA19129	0.230011	0.007411	0.002844	-0.007130	-0.025262	-0.036702	-0.000954	0.001926	-0.004400	0.006121
NA19130	0.234460	0.010623	-0.007451	0.001169	-0.000576	-0.051570	-0.010223	0.012705	-0.017255	0.014330
NA19131	0.248366	0.018364	-0.005517	0.009603	-0.041645	-0.067703	0.004457	-0.031570	-0.048876	0.002790
NA19137	0.236141	0.013049	0.001449	0.009346	-0.008960	-0.053917	0.003376	-0.000636	-0.009379	0.017058
NA19138	0.226601	0.014529	-0.000773	0.001889	-0.017240	-0.044064	-0.003641	-0.003879	-0.007996	0.004294
NA19141	0.234101	0.018473	-0.000350	-0.000676	0.003088	-0.070042	-0.012511	0.000300	-0.013184	-0.012068
NA19143	0.234481	0.011438	0.006809	-0.009366	-0.012381	-0.068741	-0.013006	-0.006408	-0.016454	0.014031
NA19144	0.250004	0.010679	-0.000269	0.015460	-0.004692	-0.062342	0.035429	-0.047036	-0.039796	-0.015048
NA19146	0.235359	0.006770	0.000580	-0.003443	-0.013177	-0.073034	-0.012416	0.015232	-0.026795	0.028477
NA19147	0.245881	0.008397	0.008927	0.006156	0.015643	-0.039669	-0.001142	-0.006699	0.033730	-0.015591
NA19149	0.233186	0.012441	-0.000886	0.004115	-0.025128	-0.003827	-0.013898	-0.001535	-0.011734	-0.016398
NA19152	0.243883	0.010719	-0.003635	0.013183	-0.033832	-0.034612	0.002881	-0.021403	-0.011297	0.032300
NA19153	0.224608	0.013924	0.005638	-0.002556	-0.018622	-0.055985	-0.016906	0.010711	0.005966	-0.028694
NA19159	0.239251	0.014457	0.002304	-0.001179	-0.035439	-0.074403	-0.012321	0.010597	-0.036497	-0.016155
NA19160	0.242850	0.014799	0.003700	-0.005268	-0.011588	-0.080831	-0.000536	0.006405	-0.028349	0.009724
NA19171	0.234023	0.014314	-0.003182	-0.004926	-0.014299	-0.036521	0.004160	0.019652	-0.007949	-0.027085
NA19172	0.231515	0.003386	0.006255	-0.011027	-0.005647	-0.065594	-0.004162	0.008933	-0.019073	0.004489
NA19175	0.231902	0.020541	-0.000523	-0.000275	-0.020796	-0.052442	-0.010710	0.004971	-0.012831	-0.012454
NA19184	0.257520	0.012670	-0.002069	-0.005733	-0.001977	-0.082692	-0.021904	-0.015807	-0.012662	0.006197
NA19185	0.234328	0.015291	-0.013024	0.000079	-0.007094	-0.080304	0.015136	0.002302	-0.013116	0.025907
NA19189	0.227090	0.017204	-0.001547	0.009778	-0.014264	-0.051633	-0.009013	0.001347	-0.014665	0.003738
NA19190	0.240740	0.019480	0.005375	0.003838	-0.025872	-0.050783	-0.004736	0.025637	0.003464	-0.006826
NA19197	0.239142	0.008913	-0.003817	-0.000199	-0.004625	-0.065234	-0.037110	0.003258	-0.022720	-0.006415
NA19198	0.230740	0.006986	0.003166	-0.011347	-0.031989	-0.063962	-0.013390	0.015278	-0.016712	0.011223
NA19200	0.221348	0.013736	0.000163	-0.006355	-0.014216	-0.050082	-0.005004	-0.000768	0.001725	-0.004424
NA19201	0.232434	0.019036	-0.005894	0.017033	-0.009725	-0.032241	-0.004409	0.006577	-0.004650	0.005917
NA19204	0.229566	0.005435	0.003173	-0.004152	-0.024255	-0.114041	-0.007495	0.000167	-0.038802	-0.003747
NA19206	0.226175	0.010091	0.004537	-0.003230	-0.007818	-0.055934	-0.013153	0.008333	-0.013479	-0.007026
NA19207	0.233179	0.008225	0.005247	0.006020	-0.042153	-0.062597	-0.012270	0.016850	-0.039304	-0.007917
NA19209	0.222884	0.006279	0.001276	-0.008999	-0.007651	-0.040541	-0.008065	0.001668	0.006099	0.016021
NA19210	0.250401	0.018846	0.004061	0.008717	-0.016619	-0.053843	-0.005611	0.002619	-0.006107	-0.014277
NA19213	0.231973	0.016257	-0.007604	0.006532	-0.025856	-0.070789	0.002376	0.003660	-0.008192	-0.019028
NA19214	0.253417	0.007730	0.001846	0.013444	-0.044248	-0.055861	0.026115	-0.010414	-0.044499	0.016750
NA19222	0.256979	0.017447	0.009089	-0.002480	-0.004470	-0.023814	0.010554	0.004388	-0.030115	-0.024362
NA19223	0.246968	0.016407	0.016562	0.003709	-0.020763	-0.025654	-0.004637	-0.003522	-0.011209	-0.013865
NA19225	0.258667	0.019482	0.005108	0.005741	-0.061594	-0.075711	-0.005275	0.014418	-0.038884	-0.014853
NA19235	0.241137	0.004245	0.004775	0.008662	-0.044434	-0.025910	0.021275	0.004232	0.007550	-0.007860
NA19236	0.217763	0.011023	0.000346	-0.010322	-0.014544	-0.023927	-0.006709	0.013340	-0.003165	0.018773
NA19238	0.238363	0.015695	0.002636	0.008247	-0.006215	-0.085937	-0.001572	0.018840	-0.005491	-0.010053
NA19239	0.251509	0.019525	-0.004310	0.005063	-0.033189	-0.061744	-0.003527	0.007967	-0.014013	-0.009396
NA19247	0.228229	0.021684	0.005350	0.012311	-0.009269	-0.048407	0.014142	-0.011256	-0.025827	-0.018982
NA19248	0.243123	0.020375	0.006243	0.016340	-0.008597	0.016059	0.008891	-0.028309	-0.025443	0.035304
NA19256	0.224559	0.006611	0.000001	-0.003881	-0.033147	-0.028613	0.007584	0.010845	-0.014481	-0.020341
NA19257	0.242997	0.014273	0.002027	0.005103	-0.028295	-0.067496	-0.014965	0.004977	-0.024590	0.009790
NA19307	0.177672	0.007407	0.006621	-0.030501	0.335075	0.271929	-0.668968	0.290813	-0.310337	-0.432210
NA19308	0.223085	0.015830	-0.003855	0.006635	0.123524	-0.015415	0.027067	-0.020252	-0.000156	0.064041
NA19309	0.215815	0.014845	-0.002665	-0.002594	0.142994	0.031721	-0.009292	-0.024417	0.054038	0.051815
NA19310	0.213001	0.010597	0.001746	0.011365	0.194880	-0.050509	0.116677	0.145541	0.248870	-0.176426
NA19312	0.199905	0.015265	0.005221	-0.033657	0.282981	0.220643	-0.575398	0.257587	-0.280142	-0.320246
NA19314	0.225020	0.010850	-0.001069	-0.010965	0.160196	0.018526	0.025566	0.039932	0.114599	0.114552
NA19315	0.205466	0.000798	0.007669	-0.010265	0.126024	0.009795	0.021744	0.018160	0.017656	0.065096
NA19316	0.223248	0.011252	-0.005195	0.005502	0.178597	-0.001936	-0.051091	0.024493	0.036087	-0.006399
NA19317	0.246208	0.025416	0.009231	0.001437	0.125878	-0.032113	-0.031144	-0.007512	-0.021519	0.048500
NA19318	0.228900	0.025080	0.010303	-0.002872	0.162064	-0.001662	0.027706	-0.050815	-0.040536	0.002559
NA19319	0.208340	0.006313	0.006941	-0.007232	0.113595	0.006218	0.020811	-0.027483	-0.009226	-0.003540
NA19320	0.237680	0.022960	0.006359	0.002612	0.239217	0.044638	-0.052789	0.022869	-0.037801	0.093451
NA19321	0.217098	0.015973	0.002930	0.003865	0.117753	-0.001277	0.043496	-0.027448	-0.000364	0.023156
NA19323	0.231570	0.013676	0.005185	0.004364	0.187387	0.025279	-0.125145	0.025425	0.053564	0.046847
NA19324	0.218716	0.001226	0.002134	-0.003309	0.121104	-0.010125	0.005391	-0.004474	0.030826	0.065878
NA19327	0.204878	0.016639	-0.001361	-0.003218	0.143937	0.004403	-0.015277	-0.056079	0.017160	0.004450
NA19328	0.239542	0.013975	0.005838	0.009366	0.106394	0.030687	0.003186	-0.029512	0.044203	0.003745
NA19331	0.237393	0.017073	0.004962	0.005131	0.201653	-0.182925	0.106795	0.061924	0.761200	-0.562611
NA19332	0.233680	0.005953	-0.003805	0.008614	0.181961	-0.019082	-0.046857	0.007817	0.103699	0.154173
NA19334	0.234380	0.017372	0.007054	0.003688	0.183561	-0.171688	0.105378	0.062512	0.709142	-0.515023
NA19338	0.233728	0.009796	0.010339	-0.003973	0.155796	0.037605	-0.076768	0.030034	-0.050999	-0.014842
NA19346	0.223676	0.012998	0.000175	-0.006975	0.316614	0.139386	0.011290	-0.047413	-0.025280	0.637987
NA19347	0.237599	0.013195	0.009570	-0.001624	0.224177	0.039296	-0.076815	0.033957	-0.027080	0.049939
NA19350	0.223425	0.015925	-0.003073	0.009011	0.243518	0.097232	0.266044	-0.243562	-0.226923	-0.210183
NA19351	0.236404	0.019089	-0.003942	0.014365	0.141432	0.006755	-0.017945	-0.005929	0.033388	0.071127
NA19355	0.188531	-0.007161	0.002999	-0.015033	0.251222	0.061314	-0.271389	0.158142	-0.109742	-0.205195
NA19360	0.195044	0.009144	0.000896	-0.025201	0.303836	0.206171	-0.551823	0.216333	-0.196025	-0.295313
NA19372	0.244837	0.019176	-0.002580	0.002789	0.158924	0.041134	-0.019091	-0.065264	-0.008731	0.111341
NA19374	0.198194	0.008378	0.005035	0.004642	0.303908	0.132379	0.946252	1.212581	-0.234868	-0.129419
NA19375	0.204871	0.004744	0.008031	0.002582	0.178638	0.002333	0.028589	0.035388	-0.028658	0.058088
NA19376	0.211363	0.009097	0.005489	0.005341	0.236958	0.144914	0.411289	-0.486362	-0.430057	-0.379131
NA19377	0.224360	-0.004387	0.006497	-0.003984	0.147267	-0.009806	-0.037118	0.002527	0.025193	0.105711
NA19378	0.248192	0.013496	0.005199	0.011458	0.255298	0.066178	0.108506	-0.046238	0.182810	0.368783
NA19379	0.234002	0.016061	0.013040	-0.005129	0.095943	-0.006888	-0.003564	0.028668	-0.001084	0.043023
NA19380	0.233397	0.012535	0.015814	-0.006597	0.237793	0.041032	0.059582	0.032176	0.010186	0.114861
NA19383	0.234478	0.019546	-0.001787	0.003002	0.221946	0.127272	0.130136	-0.403712	-0.055597	-0.158063
NA19384	0.228561	0.006100	-0.009010	0.010716	0.085887	-0.048532	-0.017681	-0.026164	0.042564	0.026771
NA19385	0.210997	0.000531	0.009212	-0.018258	0.204857	0.015959	-0.047759	-0.076937	0.111648	0.145038
NA19390	0.228024	0.008701	0.008305	0.017651	0.120802	-0.012710	-0.001507	-0.029560	-0.004153	-0.009993
NA19391	0.230383	0.017825	-0.002204	0.000581	0.113227	-0.027507	0.034441	-0.008398	0.002485	0.032624
NA19393	0.235746	0.022670	0.002761	-0.002084	0.157591	0.034580	-0.034412	-0.003084	0.015746	0.078702
NA19394	0.222999	0.016641	0.004156	0.002819	0.147154	0.024617	-0.025313	-0.035467	0.063937	0.135694
NA19395	0.225951	0.008870	0.007326	-0.008958	0.167409	0.008891	-0.003972	0.016973	0.045774	0.154100
NA19397	0.192508	0.004600	0.003909	0.002108	0.228526	0.119941	0.402771	-0.410939	-0.415591	-0.374346
NA19399	0.226208	0.010059	0.003525	0.014998	0.135881	-0.008926	0.105313	-0.045483	-0.087711	0.009044
NA19401	0.229381	0.011319	0.000575	0.008136	0.105525	0.001369	-0.006567	-0.024651	-0.035632	0.034466
NA19403	0.224596	0.007156	0.012762	0.013855	0.114381	0.016454	-0.018677	-0.033283	0.037435	0.038368
NA19404	0.205546	0.005896	-0.002726	-0.003247	0.174162	0.033405	-0.090943	0.005233	-0.008577	-0.006250
NA19428	0.197950	0.005341	0.005757	0.009208	0.270484	0.110837	-0.079493	-0.033728	0.003293	0.112994
NA19429	0.232865	0.017701	-0.002983	0.005860	0.102472	-0.018134	0.000034	0.010720	-0.019309	0.076382
NA19430	0.226809	0.007967	0.009358	-0.003537	0.194957	0.030667	0.012636	-0.168687	0.031111	-0.048618
NA19431	0.228847	0.024299	0.006403	-0.000205	0.115409	-0.021555	-0.005654	-0.002423	-0.029288	0.055416
NA19434	0.215260	0.012736	0.004453	-0.018384	0.119276	0.000859	-0.039249	-0.003568	0.012898	0.044201
NA19435	0.205674	0.007576	0.005454	0.008030	0.176141	0.038715	0.045016	0.041189	-0.007367	0.002265
NA19436	0.185861	0.015701	0.005623	-0.003925	0.106361	0.015079	-0.027318	-0.004911	-0.009913	-0.018553
NA19437	0.210139	-0.001426	0.001824	0.005092	0.137958	0.007872	-0.009062	-0.017477	0.071183	0.121430
NA19438	0.209395	0.004158	0.004613	-0.012929	0.117297	-0.003731	-0.012043	0.022358	-0.021205	0.065187
NA19439	0.227983	0.001822	0.011228	-0.012634	0.145161	0.023623	-0.046155	0.009809	0.086574	0.060602
NA19440	0.202738	0.011992	0.006253	-0.010349	0.109757	0.035647	-0.018808	0.013498	0.000660	0.027203
NA19443	0.235716	0.018765	0.004332	0.003731	0.144576	0.008111	0.022683	0.034963	-0.016424	0.024969
NA19445	0.222829	0.011992	0.002854	0.000420	0.142778	0.006072	0.004417	-0.070832	-0.007831	-0.007856
NA19446	0.245143	0.009600	0.003118	-0.010587	0.115764	-0.007359	0.003888	0.017584	0.002410	0.059005
NA19448	0.208832	0.009069	0.002587	0.001295	0.108407	0.065113	0.009176	-0.003127	0.010947	0.041143
NA19449	0.245430	0.010470	0.013974	0.001400	0.144362	-0.032299	0.015655	0.028169	0.053372	0.075527
NA19451	0.220559	0.011329	-0.006166	-0.004163	0.134683	-0.006654	0.002460	0.003882	0.012800	0.053589
NA19452	0.206046	0.012027	-0.004798	-0.001033	0.129911	-0.028245	-0.005942	0.010205	-0.008393	0.050149
NA19454	0.215680	0.009043	-0.001026	-0.003801	0.224343	0.076376	0.108438	-0.111710	0.066358	0.117895
NA19455	0.211894	0.000602	0.006122	-0.002792	0.159973	0.015575	-0.002877	-0.033751	0.026570	0.075708
NA19456	0.206775	0.017310	0.001229	0.001845	0.151099	0.013203	0.045590	-0.056977	0.000268	0.054427
NA19457	0.215002	0.010291	-0.004306	0.002429	0.116746	-0.032436	0.022868	-0.058566	0.021794	0.105947
NA19461	0.197231	0.005319	-0.002324	-0.002455	0.092821	0.010809	0.003304	0.010319	-0.008833	0.005930
NA19462	0.224771	0.018670	0.009183	0.000696	0.145285	0.019764	-0.004466	-0.064515	0.018297	0.091735
NA19463	0.228005	0.010297	-0.012030	0.006114	0.138145	-0.004495	-0.013217	-0.024297	0.018319	0.066740
NA19466	0.203574	0.011120	0.003112	-0.015861	0.117129	-0.000719	0.005472	0.002858	0.036927	0.017009
NA19467	0.223760	0.013003	0.003934	0.000167	0.138349	0.041557	-0.070408	-0.030252	0.008699	0.025906
NA19468	0.217129	0.008553	0.009739	-0.005783	0.189697	0.070040	-0.044309	0.006312	-0.022062	0.026577
NA19471	0.202887	0.004943	0.009162	0.006356	0.159730	0.053769	-0.041089	0.052893	0.001921	-0.064998
NA19472	0.229613	0.007083	-0.005857	-0.000464	0.141972	-0.006372	-0.056260	-0.023107	0.105818	0.052018
NA19473	0.224077	0.008836	-0.002680	-0.005569	0.107442	-0.011190	0.040823	-0.024950	0.003211	0.010475
NA19474	0.147313	0.001716	-0.001355	-0.013019	0.088259	-0.008147	-0.004701	-0.023026	0.006255	0.036505
NA19475	0.214390	0.017724	0.000888	-0.003577	0.133686	-0.000954	-0.026038	-0.010097	-0.047472	0.036656
NA19625	0.063874	-0.040719	-0.033806	-0.006807	-0.002722	0.008102	0.001906	-0.017353	-0.011144	-0.005729
NA19648	-0.076085	-0.086722	-0.026750	-0.034879	-0.004158	0.001264	0.001754	0.001883	-0.000484	-0.001691
NA19649	-0.074168	-0.093148	-0.045779	-0.020309	0.002729	0.005052	-0.002930	0.000444	-0.003290	-0.006284
NA19651	-0.087621	-0.057736	-0.064997	0.096818	-0.002824	-0.004111	0.000079	0.000179	0.000178	0.005577
NA19652	-0.070322	-0.059674	-0.053737	0.029025	0.000762	-0.001005	-0.002260	-0.000641	-0.001292	0.000460
NA19654	-0.079291	-0.031183	-0.056123	0.079587	0.001102	-0.004842	-0.004144	0.003375	-0.003888	0.002489
NA19655	-0.072909	-0.035559	-0.063325	0.104424	0.002202	-0.008014	0.002579	0.003557	0.004117	-0.001524
NA19657	-0.081045	-0.013661	-0.075292	0.102547	0.001382	-0.000787	-0.000942	-0.000782	0.003128	0.001079
NA19658	-0.044667	-0.010895	-0.070412	0.109604	-0.003713	0.004128	0.000734	0.000172	-0.002569	-0.002949
NA19661	-0.083920	-0.020877	-0.079848	0.103225	0.000015	-0.000351	-0.001035	-0.001097	0.000189	0.000281
NA19663	-0.081381	-0.012082	-0.078322	0.113578	0.001674	0.001454	0.000927	0.000847	0.000060	-0.000735
NA19664	-0.080214	-0.029517	-0.058603	0.021920	0.001083	-0.001797	-0.001728	-0.000886	-0.000697	0.002297
NA19669	-0.080753	-0.015948	-0.057283	0.042239	0.002159	0.002526	-0.004329	-0.000198	-0.001559	-0.000026
NA19670	-0.031165	-0.015914	-0.062225	0.096656	0.001663	0.004491	-0.010035	0.009837	-0.002330	-0.003780
NA19676	-0.085847	-0.050707	-0.055363	0.008519	0.000584	0.000838	-0.000504	-0.001545	-0.003360	0.001303
NA19678	-0.061359	-0.049515	-0.057823	0.002260	0.000698	0.006025	-0.002156	-0.000221	-0.005535	0.001583
NA19679	-0.067869	-0.064606	-0.025029	-0.002012	0.001526	-0.002201	0.002321	0.000684	-0.001019	-0.000314
NA19681	-0.086202	0.009734	-0.069635	0.111810	0.002691	-0.002006	-0.005438	0.001786	0.000611	-0.003049
NA19682	-0.067063	-0.020106	-0.058505	0.090563	0.002891	-0.004610	-0.003602	0.000947	-0.003442	-0.000126
NA19684	-0.071259	-0.060760	-0.061074	0.075921	-0.001258	-0.000472	-0.001370	0.001958	-0.000499	0.002024
NA19700	0.130619	-0.022481	-0.013229	-0.010402	-0.021894	0.000778	-0.015726	-0.002967	-0.004083	-0.007137
NA19701	0.202783	0.019333	-0.006667	0.009765	-0.041634	-0.056338	-0.008830	0.015860	-0.018429	-0.006448
NA19703	0.219777	0.011635	0.008956	-0.005042	0.055939	-0.115210	-0.034756	-0.026421	-0.006429	0.042657
NA19704	0.234989	0.012027	-0.008780	-0.002426	-0.021995	0.017291	-0.008441	-0.001151	-0.003968	0.002380
NA19707	0.064868	-0.039045	-0.024798	-0.025564	-0.006284	-0.023471	-0.006467	0.004596	-0.009005	-0.013768
NA19711	0.198831	-0.004978	-0.005568	-0.004299	-0.025946	-0.024584	-0.003045	0.006082	-0.029991	-0.006691
NA19712	0.146867	-0.015414	-0.009920	-0.003160	-0.008198	-0.032262	-0.007328	0.000368	0.011008	-0.017018
NA19713	0.168337	-0.006673	-0.018239	-0.023704	0.026678	-0.060112	0.013149	0.005227	-0.001614	-0.018443
NA19716	-0.081538	-0.046235	-0.061020	0.065140	0.000673	0.001160	0.000279	-0.001442	-0.001634	0.001490
NA19717	-0.100112	0.009855	-0.091933	0.187948	-0.000594	-0.001206	-0.003132	0.001008	-0.001141	-0.002245
NA19719	-0.059653	-0.055293	-0.060031	0.042796	0.004403	-0.001791	0.000664	-0.000039	0.000149	-0.004907
NA19720	-0.066411	-0.019973	-0.069629	0.082856	-0.001797	0.003572	-0.005490	0.002722	-0.004912	-0.000758
NA19722	-0.008056	-0.039291	-0.040186	0.015802	-0.014731	0.018095	0.008220	-0.002827	0.011708	-0.006300
NA19723	-0.080244	-0.009679	-0.063962	0.123245	0.000405	0.005740	-0.001261	0.001989	-0.001848	0.003914
NA19725	-0.032684	-0.044519	-0.043396	0.001635	0.002625	0.001581	-0.004691	0.009275	-0.006215	-0.003118
NA19726	-0.096799	0.024947	-0.102362	0.179370	0.002436	-0.005539	-0.002638	0.002589	0.002584	-0.003031
NA19728	-0.065740	-0.001050	-0.064736	0.114914	0.006816	-0.001002	-0.001578	-0.001657	0.000990	0.005075
NA19729	-0.091223	-0.060799	-0.048116	0.078966	-0.006358	-0.004458	-0.002961	0.001534	0.003450	-0.000753
NA19731	-0.090274	0.008201	-0.074869	0.148414	-0.001567	0.001320	-0.005209	0.005090	0.000098	0.002221
NA19732	-0.102848	0.017332	-0.099971	0.191661	0.002353	0.001967	-0.002618	0.002310	-0.000105	0.000157
NA19734	-0.084844	-0.033523	-0.049087	0.070533	-0.004632	-0.006248	0.002299	0.000362	0.001740	0.000294
NA19735	-0.092977	-0.029002	-0.062971	0.098081	0.005519	0.000620	-0.007360	0.003361	-0.001338	0.004118
NA19740	-0.077153	-0.032211	-0.060195	0.061803	0.006130	0.001422	-0.004106	0.000927	-0.005705	-0.001773
NA19741	-0.098405	0.051151	-0.076960	0.155085	0.003266	-0.001268	-0.002463	0.004702	0.001609	0.006846
NA19746	-0.065269	-0.029267	-0.069012	0.049802	0.004497	-0.008268	-0.001978	0.001368	0.001969	-0.006769
NA19747	-0.085142	-0.005859	-0.060490	0.111679	-0.000295	-0.002324	-0.001497	0.002593	-0.000509	0.000719
NA19749	-0.095642	0.061764	-0.024230	0.027986	0.002580	0.000874	0.003990	0.000524	0.000048	0.003105
NA19750	-0.064819	-0.071865	-0.051383	0.009094	-0.002499	-0.006497	0.000907	0.006302	0.000372	0.004411
NA19752	-0.081020	-0.021354	-0.074798	0.095100	0.003288	-0.003944	-0.000807	0.002380	-0.002875	0.000037
NA19755	-0.083325	-0.024877	-0.054929	0.061141	0.002576	-0.002361	-0.001766	0.001572	-0.000451	-0.004557
NA19756	-0.051881	-0.017348	-0.069973	0.084712	0.001614	0.004785	0.000409	-0.003714	-0.002389	-0.001964
NA19758	-0.092035	0.012116	-0.073181	0.102151	0.001281	0.001433	-0.003510	-0.002731	0.003794	-0.002015
NA19759	-0.099910	0.000965	-0.088819	0.141687	-0.000327	-0.006471	-0.001901	0.002790	0.002153	0.001540
NA19761	-0.090750	0.002537	-0.078769	0.131525	0.001798	0.001381	-0.002155	-0.000765	-0.002005	0.002485
NA19762	-0.077429	-0.036912	-0.057181	0.082957	0.004150	-0.003957	0.002999	-0.002977	0.001850	-0.001216
NA19764	-0.080901	0.019454	-0.066337	0.158167	-0.002947	-0.002953	-0.003156	0.005894	0.000975	0.000608
NA19770	-0.084682	-0.040453	-0.074057	0.136437	0.001528	0.004582	0.001826	0.000040	0.002555	-0.000411
NA19771	-0.069715	-0.053615	-0.043346	0.008820	0.002508	-0.000408	0.002831	0.002300	-0.005415	0.000663
NA19773	-0.074264	-0.048079	-0.047622	0.002616	-0.000669	0.001723	-0.002860	0.000879	0.004078	-0.005211
NA19774	-0.047899	-0.022475	-0.065944	0.120574	-0.002005	-0.012116	-0.005203	0.002913	-0.002531	-0.002159
NA19776	-0.054455	-0.016551	-0.064198	0.069123	0.005458	0.015282	-0.004690	-0.000594	0.015424	-0.004128
NA19777	-0.063536	-0.043417	-0.066473	0.115818	-0.004781	0.001579	-0.001660	0.000032	-0.000046	0.001225
NA19779	-0.079551	-0.050178	-0.071739	0.070621	0.001398	0.001726	-0.002731	0.001942	0.000224	-0.000768
NA19780	-0.057249	-0.071095	-0.040874	-0.003611	-0.002804	0.003189	-0.002910	-0.003438	0.000038	-0.000462
NA19782	-0.090296	-0.006134	-0.076370	0.139389	-0.001597	-0.002475	-0.001285	0.001896	0.000763	0.001371
NA19783	-0.100085	0.035861	-0.106275	0.198371	0.001704	0.000280	-0.005260	0.004936	-0.004070	0.000410
NA19785	-0.070865	-0.041361	-0.064604	0.050444	0.002994	0.002853	-0.001137	-0.002041	-0.005042	-0.002245
NA19786	-0.079351	-0.022905	-0.082792	0.139117	-0.002732	-0.003307	-0.003955	0.004685	-0.002391	-0.000202
NA19788	-0.092687	0.012732	-0.090625	0.189901	0.004839	0.002123	0.000279	0.002937	0.004400	0.000282
NA19789	-0.068087	-0.019024	-0.060666	0.066440	0.004060	0.005813	0.001598	-0.000058	-0.008148	-0.001021
NA19792	-0.030091	-0.051825	-0.015529	-0.011433	-0.002208	0.013841	0.002157	-0.006860	0.002827	0.003753
NA19794	-0.072828	-0.029272	-0.066812	0.097106	-0.001798	-0.002322	-0.001493	0.000764	-0.000252	-0.000408
NA19795	-0.097492	-0.013751	-0.094883	0.134142	0.003917	-0.001574	-0.000101	0.001010	-0.003033	0.002798
NA19818	0.210371	0.016383	-0.004549	0.004414	-0.029220	-0.012910	-0.021222	0.014681	-0.007612	-0.021227
NA19819	0.172716	0.003134	-0.002665	-0.013563	-0.017282	0.013848	-0.020651	0.001723	0.023547	-0.019082
NA19834	0.149670	-0.016055	-0.010977	-0.023122	-0.022009	-0.008119	-0.002180	-0.015403	-0.028009	0.016840
NA19835	0.153742	-0.003162	-0.007776	0.018523	0.030747	-0.054383	0.007407	-0.006594	-0.029674	0.020956
NA19900	0.194203	-0.003675	-0.013627	0.022760	-0.008122	0.032862	-0.017639	-0.012383	-0.020960	0.014519
NA19901	0.125658	0.010715	-0.034231	0.087534	0.042922	-0.018111	0.030498	-0.014281	-0.035125	-0.004230
NA19904	0.240421	0.015708	0.000123	0.005846	-0.023474	-0.033404	0.013169	0.004078	-0.012435	0.008839
NA19908	0.200353	-0.008321	0.010987	-0.004899	-0.013277	0.004807	0.014708	-0.039485	-0.015966	0.004332
NA19909	0.224989	0.016214	-0.012448	0.001449	-0.013568	-0.048165	-0.006016	0.005981	-0.001734	-0.006612
NA19913	0.227330	0.010342	0.002250	-0.010849	-0.009561	-0.002849	0.019677	0.007434	-0.004463	0.011132
NA19914	0.187455	0.014078	-0.008060	-0.004549	0.009934	0.001003	0.014349	0.045094	-0.002403	0.003448
NA19916	0.238389	0.009356	0.001056	0.010203	0.082465	0.045755	0.034661	-0.001200	-0.066593	0.070308
NA19917	0.220015	0.015965	0.002985	-0.003569	-0.034753	0.006251	-0.002244	-0.004500	-0.022105	-0.005073
NA19920	0.232009	0.025262	-0.007504	-0.005944	-0.019433	-0.056558	0.021152	0.008550	-0.040553	-0.031115
NA19921	0.074882	-0.030452	-0.017845	-0.033214	-0.023463	-0.013641	0.001444	-0.005914	-0.005506	-0.009300
NA19922	0.208299	-0.015085	-0.010196	-0.012369	-0.007976	-0.033545	0.004578	0.004614	0.019935	-0.021855
NA19923	0.099107	-0.043319	-0.007548	-0.011858	-0.007743	0.032398	-0.010570	-0.001111	-0.008246	0.001936
NA19982	0.067044	-0.040256	-0.022327	-0.024928	-0.008905	0.013540	0.001125	-0.005156	0.007983	0.005000
NA19984	0.207582	-0.000799	0.001891	-0.013313	-0.020096	0.001294	-0.003542	0.012498	0.020883	-0.012867
NA20126	0.087940	-0.030400	-0.013282	0.006185	-0.020001	-0.008848	-0.016086	0.004393	-0.010880	-0.003391
NA20127	0.036075	-0.059936	-0.021212	-0.035377	0.000649	-0.012930	0.004888	-0.004373	0.008137	0.001441
NA20274	-0.072602	-0.027344	-0.042855	0.066307	-0.002444	-0.001160	-0.004945	0.001219	-0.001690	-0.000057
NA20276	0.125381	-0.037006	-0.004691	-0.021574	-0.005221	0.009139	0.001028	0.011144	0.007270	-0.001841
NA20278	0.085398	-0.041837	-0.015781	-0.014979	-0.031808	0.004851	-0.006040	0.004142	-0.001060	-0.011487
NA20281	0.226842	0.004669	-0.006825	-0.003079	0.010915	-0.001559	-0.024449	-0.002845	-0.033012	0.011442
NA20282	0.054650	-0.054160	-0.029964	-0.028035	-0.024039	0.018945	-0.006048	0.002412	-0.010069	-0.005250
NA20287	0.201957	0.004561	-0.005634	0.008107	-0.000737	-0.016410	-0.009925	0.011940	-0.013812	-0.018505
NA20289	0.027668	-0.062240	-0.007266	0.004778	-0.003572	-0.020732	-0.001831	0.001412	-0.004417	0.000756
NA20291	0.247959	0.017809	-0.003956	0.002785	-0.036042	0.058709	0.036952	-0.065094	-0.046746	-0.041853
NA20294	0.126123	-0.028053	-0.014748	-0.005652	-0.008615	-0.027307	-0.008048	0.013858	-0.004220	-0.003945
NA20296	0.116723	0.009162	0.009325	-0.011533	0.008054	-0.032316	0.003350	-0.010880	-0.001317	0.001468
NA20298	0.191500	0.000967	-0.001930	-0.013192	-0.014275	-0.008498	-0.028732	0.010021	0.003160	-0.019474
NA20299	0.007455	-0.018898	-0.042468	0.047440	-0.006517	-0.000715	-0.004664	0.002248	0.009136	0.022599
NA20314	-0.089359	-0.035929	-0.072451	0.103128	-0.002510	-0.001463	-0.002251	0.004290	-0.004597	0.004806
NA20317	0.130200	-0.022037	-0.013700	-0.019685	0.044459	-0.016393	0.003172	-0.018264	0.001752	0.001239
NA20318	0.118783	-0.021176	-0.004609	-0.019107	0.008740	-0.015519	0.005133	-0.007037	0.004511	-0.010230
NA20320	0.125920	-0.017649	-0.006387	-0.014052	-0.025736	-0.040745	-0.003937	0.022101	0.008063	-0.005609
NA20321	0.217004	0.015086	-0.000078	-0.006948	-0.040385	-0.047501	-0.012980	0.032183	0.017205	-0.015323
NA20332	0.137746	-0.012278	-0.007761	-0.011542	0.001877	-0.022920	-0.009125	0.000385	-0.029230	-0.023826
NA20334	0.045292	-0.044495	-0.011549	-0.007227	-0.006386	-0.024599	-0.006499	-0.005493	0.013635	-0.010860
NA20339	0.248602	0.027542	0.002023	0.008517	0.032647	-0.050252	0.000610	0.002652	0.029327	-0.019183
NA20340	0.247080	0.010545	0.006889	0.006815	0.013934	-0.002006	-0.036985	0.007370	-0.019306	0.037124
NA20342	0.108491	-0.027729	-0.009937	-0.015385	0.016769	-0.044637	-0.005290	0.001809	0.020379	-0.013505
NA20346	0.154065	-0.013866	-0.011296	0.009311	-0.008148	-0.009066	-0.009729	0.009345	0.007017	0.027319
NA20348	0.219454	0.014949	-0.010926	0.002580	-0.033745	0.037966	0.001908	0.016323	-0.001472	0.017802
NA20351	0.146768	-0.019540	-0.010360	-0.010853	-0.001012	-0.057459	-0.005054	0.000550	-0.001823	-0.020871
NA20355	0.168808	-0.017267	-0.005219	-0.004949	-0.020439	0.006937	0.008266	-0.021901	0.035506	0.014345
NA20356	0.191692	-0.001103	0.004446	-0.000934	0.016028	-0.056853	-0.018179	0.007517	0.003037	0.023676
NA20357	0.148687	-0.023873	-0.011307	-0.011754	-0.016236	0.003928	-0.007232	0.015255	0.001167	0.001411
NA20359	0.223687	0.004620	-0.007886	0.001406	0.002402	-0.046831	0.011948	0.002944	-0.035856	0.006391
NA20362	0.191767	-0.017965	-0.007123	-0.006718	0.008605	-0.037214	0.019896	-0.005997	-0.026207	0.000813
NA20412	0.152353	-0.024852	-0.004591	-0.018857	-0.015393	0.006390	-0.002795	0.014768	-0.000881	0.011267
NA20502	-0.072031	-0.101089	-0.016995	-0.021631	0.000332	0.003223	0.000218	-0.004179	-0.002171	0.002856
NA20503	-0.061389	-0.087888	-0.009605	-0.025961	0.003332	-0.001720	0.008738	-0.005158	0.008483	-0.001637
NA20504	-0.073569	-0.091825	-0.035941	-0.061362	-0.000102	0.002054	0.000849	0.001317	-0.002102	0.001129
NA20505	-0.067483	-0.105646	-0.022985	-0.031064	0.002510	0.001032	0.000950	0.000441	0.001120	-0.001249
NA20506	-0.073040	-0.094459	-0.034406	-0.058029	0.000169	-0.003807	-0.001138	-0.000835	-0.002878	0.000185
NA20507	-0.071979	-0.082391	-0.036335	-0.017038	0.002869	0.001504	0.001550	-0.002246	0.000062	0.000426
NA20508	-0.074079	-0.095909	-0.030883	-0.027821	0.000257	0.007509	0.001597	-0.005816	-0.007257	0.001607
NA20509	-0.072931	-0.088166	-0.023122	-0.043772	0.002271	-0.001393	-0.002073	0.001063	0.000259	0.002639
NA20510	-0.070505	-0.099310	-0.042096	-0.043802	0.000606	0.002642	-0.003168	0.001903	-0.003909	0.003700
NA20511	-0.071343	-0.087676	-0.036218	-0.014601	0.001109	0.003518	0.004559	-0.002628	0.008549	0.001255
NA20512	-0.068798	-0.086107	-0.026590	-0.031145	0.000009	0.004972	0.000940	-0.001193	-0.001026	0.000337
NA20513	-0.064194	-0.094598	-0.030994	-0.044394	0.003159	0.001244	0.004103	-0.000746	-0.000247	-0.001701
NA20514	-0.074760	-0.093937	-0.022808	-0.045228	0.003290	0.003289	0.000128	-0.001866	0.004886	0.000321
NA20515	-0.072032	-0.103221	-0.045277	-0.057585	0.001773	0.000168	0.003104	-0.002101	0.002117	-0.000953
NA20516	-0.079002	-0.073449	-0.035890	-0.057284	0.000516	0.003493	-0.001601	-0.002007	0.000447	-0.007213
NA20517	-0.071560	-0.102378	-0.030729	-0.045335	-0.002820	-0.002272	-0.000656	0.000504	0.004068	0.001332
NA20518	-0.063227	-0.092722	-0.027223	-0.042423	0.001723	-0.000796	0.002107	0.005747	0.003606	0.003008
NA20519	-0.070206	-0.080462	-0.023310	-0.028015	0.002450	0.004867	0.001251	-0.000761	0.003952	-0.001904
NA20520	-0.068626	-0.099156	-0.021961	-0.037846	0.002751	0.004211	0.004652	-0.001488	0.001916	0.003916
NA20521	-0.058885	-0.092062	-0.037539	-0.039245	-0.002160	0.002990	0.005546	-0.002799	-0.001113	0.004501
NA20522	-0.068117	-0.079978	-0.027700	-0.036407	-0.001011	0.006844	0.003322	0.002988	-0.003340	0.004816
NA20524	-0.075477	-0.097972	-0.030237	-0.056472	-0.001722	-0.005045	-0.003470	-0.000596	0.001258	0.000117
NA20525	-0.069954	-0.087727	-0.031384	-0.023428	0.002642	0.002941	0.004932	0.001534	0.003464	0.001778
NA20527	-0.075376	-0.094205	-0.008222	-0.008307	-0.001754	0.001995	0.003589	0.002001	-0.001579	0.004565
NA20528	-0.072970	-0.098375	-0.028114	-0.032347	-0.004255	-0.001254	0.001429	0.002282	-0.000499	0.002134
NA20529	-0.069245	-0.103157	-0.030840	-0.064465	-0.004630	-0.000127	0.001675	-0.001998	0.005330	0.000291
NA20530	-0.064908	-0.099812	-0.033049	-0.067115	0.002957	-0.005246	-0.000168	-0.000899	0.004719	-0.002067
NA20531	-0.074414	-0.097161	-0.033942	-0.031125	-0.000546	-0.001688	0.008534	-0.003507	0.006000	-0.001695
NA20532	-0.066893	-0.100816	-0.045200	-0.031925	-0.000942	-0.006037	0.001513	-0.001053	0.002102	0.002739
NA20533	-0.072874	-0.091169	-0.025227	-0.017965	-0.000353	-0.004884	-0.001146	-0.002339	-0.000690	-0.000767
NA20534	-0.076426	-0.085015	-0.007797	-0.033215	-0.000696	0.002965	-0.002697	-0.003124	0.003557	0.000175
NA20535	-0.067460	-0.084065	-0.031949	-0.067513	0.001221	0.002433	-0.001616	0.002257	-0.002070	-0.000409
NA20536	-0.070987	-0.091849	-0.028082	-0.028132	-0.002752	-0.001058	0.002743	0.003147	-0.003221	0.003673
NA20538	-0.068803	-0.095552	-0.023485	-0.029443	-0.001872	-0.009337	0.000858	-0.001190	0.000415	0.002215
NA20539	-0.066799	-0.102347	-0.033638	-0.030858	-0.002698	0.006596	0.001094	0.001642	-0.003256	-0.001229
NA20540	-0.072380	-0.087123	-0.023116	-0.011975	0.003245	-0.001526	0.002539	-0.002535	0.000551	0.002099
NA20541	-0.066418	-0.087033	-0.036668	-0.070228	0.001389	-0.000313	0.001736	0.000116	0.002086	0.001452
NA20542	-0.067142	-0.092709	-0.042073	-0.034597	-0.001525	0.003627	0.001945	-0.002267	0.001535	-0.001900
NA20543	-0.072834	-0.098741	-0.037091	-0.032703	0.000279	0.002906	-0.003024	0.000998	-0.002414	0.001040
NA20544	-0.070216	-0.090964	-0.031137	-0.035865	-0.002480	0.001665	0.000233	-0.000369	0.000929	0.000726
NA20581	-0.074681	-0.088293	-0.038506	-0.061139	-0.003891	-0.000090	-0.002336	0.003885	-0.001702	-0.002302
NA20582	-0.070997	-0.083810	-0.025581	-0.050576	0.000647	0.001789	-0.000846	-0.001389	0.000296	-0.001660
NA20585	-0.065590	-0.088049	-0.033646	-0.066617	0.001958	-0.003192	0.000576	0.003642	-0.001888	0.002572
NA20586	-0.062575	-0.106595	-0.031643	-0.024148	0.006746	0.002469	0.009130	-0.003974	-0.003702	0.004132
NA20587	-0.069317	-0.097401	-0.032316	-0.046373	-0.002661	0.000565	0.003106	-0.000587	0.001739	-0.002099
NA20588	-0.056090	-0.085342	-0.031046	-0.033364	0.004171	0.005357	0.000807	0.000707	0.004111	0.005336
NA20589	-0.065542	-0.094114	-0.025952	-0.025421	0.002653	-0.000469	0.002471	0.001088	-0.002122	0.005949
NA20752	-0.068392	-0.085282	-0.031168	-0.060506	-0.001543	0.001079	0.001927	-0.000787	0.002093	0.000202
NA20753	-0.064558	-0.099933	-0.024250	-0.045427	0.000342	0.003509	0.000584	-0.001395	-0.001157	-0.000063
NA20754	-0.065576	-0.089117	-0.035474	-0.068099	-0.002870	0.000428	0.002865	-0.005961	-0.000620	0.003697
NA20755	-0.068587	-0.093795	-0.036214	-0.031071	0.002036	-0.004342	-0.000594	-0.003582	0.002747	0.001753
NA20756	-0.069889	-0.097517	-0.033061	-0.047421	-0.003415	-0.000528	0.001156	-0.002221	0.001743	0.000293
NA20757	-0.063925	-0.091393	-0.016424	-0.050669	0.000839	-0.008447	-0.004813	0.001337	-0.000025	-0.003106
NA20758	-0.068899	-0.084817	-0.026739	-0.059358	0.004325	-0.001257	0.000074	-0.001468	0.006082	-0.000185
NA20759	-0.069754	-0.085761	-0.014718	-0.050309	-0.001250	-0.000038	-0.000785	-0.004334	-0.001109	0.007421
NA20760	-0.070267	-0.088513	-0.031955	-0.037484	0.001287	0.000356	0.001236	-0.001705	0.001523	0.003221
NA20761	-0.076872	-0.095828	-0.033170	-0.037436	0.000030	-0.001053	0.002083	-0.002150	0.001359	0.001393
NA20762	-0.063922	-0.095423	-0.029057	-0.031307	0.003837	-0.003673	0.001329	-0.001286	-0.001208	-0.000494
NA20763	-0.061387	-0.076187	-0.039318	-0.060246	-0.004664	0.002754	0.000387	-0.000419	0.001428	0.004885
NA20764	-0.069236	-0.088648	-0.040566	-0.044328	-0.002402	-0.001019	0.003966	-0.000983	0.007269	-0.003816
NA20765	-0.063587	-0.082818	-0.036444	-0.040991	0.003875	-0.003292	0.001425	-0.003111	0.002296	-0.002160
NA20766	-0.066714	-0.100631	-0.035343	-0.039577	0.000875	0.001016	0.004295	-0.004805	0.001838	0.001500
NA20767	-0.071753	-0.090314	-0.030989	-0.042156	-0.001309	-0.006398	0.001355	0.000419	0.001701	0.004878
NA20768	-0.066935	-0.098899	-0.039349	-0.059006	-0.002311	-0.000728	0.000439	-0.000759	-0.000068	-0.002933
NA20769	-0.059718	-0.095192	-0.022973	-0.038183	-0.001593	0.002540	0.001735	0.000069	0.000276	0.004479
NA20770	-0.061556	-0.099287	-0.044683	-0.028579	0.002574	0.010874	-0.001084	-0.001650	-0.005965	0.000029
NA20771	-0.072825	-0.096523	-0.048258	-0.055651	-0.002034	0.002725	0.001910	-0.005258	-0.002027	0.005150
NA20772	-0.066806	-0.094472	-0.018954	-0.047492	-0.002544	0.002255	-0.000175	0.001824	0.000047	-0.000888
NA20773	-0.076641	-0.080775	-0.019023	-0.039444	-0.004676	0.000797	0.000243	-0.003167	0.003307	-0.002080
NA20774	-0.068656	-0.076482	-0.033951	-0.045588	-0.004892	0.005022	0.001345	-0.001649	-0.000111	0.004494
NA20775	-0.072051	-0.079702	-0.022243	-0.048877	-0.002434	0.001870	-0.006003	0.002459	-0.003986	0.001996
NA20778	-0.065210	-0.088689	-0.022967	-0.056584	-0.000088	0.001759	0.002732	0.000442	-0.003129	0.000455
NA20783	-0.066675	-0.106955	-0.022861	-0.039028	-0.002012	-0.000285	0.004099	-0.003244	0.000690	-0.000599
NA20785	-0.073371	-0.091989	-0.023436	-0.037715	0.002275	0.001696	0.000663	-0.000370	-0.002674	0.000752
NA20786	-0.069316	-0.100018	-0.049849	-0.033256	0.001279	0.002407	0.000701	0.001957	-0.003116	-0.004005
NA20787	-0.062669	-0.098794	-0.034243	-0.053066	0.002956	0.001003	-0.002670	0.000761	0.002373	0.000920
NA20790	-0.078429	-0.093514	-0.024051	-0.049777	-0.005096	-0.000165	-0.004350	0.003112	-0.002289	-0.002039
NA20792	-0.061437	-0.081332	-0.034912	-0.054337	0.001675	0.000724	0.001024	-0.002785	0.002959	-0.001150
NA20795	-0.066904	-0.088050	-0.040078	-0.047903	-0.002421	-0.000420	-0.000647	0.001980	0.003138	-0.000965
NA20796	-0.059497	-0.096295	-0.027813	-0.038382	0.003711	0.004958	0.003111	0.000700	-0.001914	0.006721
NA20797	-0.069728	-0.099833	-0.021540	-0.049528	0.000771	0.001084	-0.003134	-0.003534	-0.004829	0.002154
NA20798	-0.069682	-0.095446	-0.018860	-0.032162	-0.000055	-0.000235	0.000915	-0.003401	-0.000708	0.001895
NA20799	-0.075083	-0.087345	-0.030874	-0.073462	0.002398	-0.001409	-0.005201	0.002069	-0.003613	-0.000134
NA20800	-0.071785	-0.097313	-0.044679	-0.053055	0.000394	0.000412	0.001225	-0.000355	0.001643	-0.002355
NA20801	-0.058219	-0.100820	-0.029775	-0.053526	0.002029	-0.002419	0.000901	0.000779	0.000185	-0.000863
NA20802	-0.062879	-0.081770	-0.025666	-0.052878	-0.004521	-0.006918	-0.000221	-0.003132	-0.004279	0.004134
NA20803	-0.069903	-0.111866	-0.036290	-0.047803	0.003059	0.003090	0.003560	-0.001416	0.003744	0.003869
NA20804	-0.068839	-0.083333	-0.027602	-0.049776	0.001323	-0.002799	0.002914	-0.002192	0.000963	-0.001833
NA20805	-0.065880	-0.091850	-0.038240	-0.037166	-0.002979	-0.003578	0.004057	-0.000234	0.002254	0.000751
NA20806	-0.077182	-0.101624	-0.021491	-0.033946	-0.004822	0.000562	-0.002442	0.004820	0.000076	-0.002079
NA20807	-0.068483	-0.089844	-0.020888	-0.046580	-0.000146	-0.002952	0.004145	-0.001071	0.002770	-0.002377
NA20808	-0.072592	-0.099607	-0.032724	-0.053462	-0.000174	0.000041	-0.005456	0.000407	-0.005954	0.000493
NA20809	-0.064941	-0.095755	-0.022292	-0.054959	-0.000780	0.002445	0.002088	-0.002400	0.000264	0.000139
NA20810	-0.069145	-0.101509	-0.002984	-0.034786	0.002963	0.001641	0.005645	-0.004450	-0.001298	0.004205
NA20811	-0.063101	-0.088354	-0.023692	-0.017692	0.001126	0.001215	-0.001179	0.005231	0.000216	-0.002480
NA20812	-0.064292	-0.091647	-0.040305	-0.041150	0.002954	0.000081	-0.002043	-0.004584	-0.001815	-0.002783
NA20813	-0.059614	-0.085359	-0.031897	-0.035567	0.000882	0.000786	0.002735	-0.000946	-0.001303	0.002751
NA20814	-0.064619	-0.086085	-0.034569	-0.057282	-0.000097	0.003178	0.002097	0.000418	0.003528	-0.000706
NA20815	-0.072031	-0.082135	-0.028357	-0.038062	-0.000431	-0.000221	0.004795	-0.002147	0.005993	0.002966
NA20818	-0.080083	-0.096299	-0.031018	-0.045652	-0.000299	0.006090	0.003714	-0.000042	0.003285	0.001583
NA20819	-0.069031	-0.092838	-0.021515	-0.029518	0.002815	0.000098	-0.000582	0.003660	0.003394	0.000902
NA20821	-0.073137	-0.089285	-0.028724	-0.039924	-0.001713	0.001558	-0.001458	-0.004524	-0.004824	0.002362
NA20822	-0.063192	-0.091818	-0.026179	-0.056731	0.004535	-0.000256	-0.000715	-0.000219	-0.001673	-0.001607
NA20826	-0.067786	-0.098623	-0.029716	-0.057710	-0.000224	0.002028	0.002397	0.000700	-0.000925	0.000304
NA20827	-0.071048	-0.087339	-0.019887	-0.049534	-0.000502	0.005527	0.001381	0.000156	0.000166	0.000729
NA20828	-0.065299	-0.085428	-0.009819	-0.020141	-0.000209	0.004038	0.005533	-0.002596	-0.000673	0.002995
NA20832	-0.071710	-0.080625	-0.027860	-0.039764	0.000426	0.001804	0.001119	-0.002376	0.005876	-0.001043
NA20845	-0.080362	-0.035524	0.090242	0.046194	0.000497	-0.002069	0.000693	0.001255	0.003140	0.000865
NA20846	-0.077660	-0.049795	0.063341	0.021079	-0.000456	-0.004708	0.000596	-0.000313	0.001107	0.001766
NA20847	-0.079998	-0.044586	0.086865	0.010619	-0.000901	-0.000293	0.002037	-0.001482	0.001768	0.000349
NA20849	-0.067872	-0.024627	0.089905	0.029737	0.002760	0.001641	0.000402	-0.002044	0.001923	-0.004117
NA20850	-0.076228	-0.055104	0.059419	0.034422	-0.002087	0.004554	-0.001797	0.000848	-0.005549	-0.002030
NA20851	-0.070364	-0.035752	0.109927	0.031938	0.002136	0.000004	-0.000402	-0.004500	-0.004134	-0.002235
NA20852	-0.080246	-0.025806	0.069928	0.043332	-0.001050	-0.002052	-0.001413	-0.000219	0.000122	-0.000909
NA20853	-0.077545	-0.033735	0.118984	0.042120	-0.000246	0.000930	0.003341	-0.005963	0.003420	0.001020
NA20854	-0.079471	-0.034662	0.077751	0.022749	0.001607	0.000005	0.003906	0.001937	0.002106	0.002657
NA20856	-0.079267	-0.036405	0.079526	0.020738	0.001650	0.001200	0.000034	0.001145	0.004259	-0.003468
NA20858	-0.074237	-0.059219	0.023070	0.010840	0.002023	-0.001630	-0.000254	-0.001376	-0.001879	-0.000559
NA20859	-0.074303	-0.047145	0.084152	0.042443	0.001440	-0.000851	-0.000979	-0.000406	0.004701	-0.001590
NA20861	-0.079141	-0.029742	0.108666	0.038100	-0.001652	-0.004427	0.001227	0.002531	0.001697	-0.002321
NA20862	-0.073919	-0.043716	0.041402	0.036022	0.000224	-0.000119	0.000493	-0.002337	0.002475	-0.001397
NA20863	-0.082814	-0.024122	0.122710	0.040600	0.000240	0.001400	0.001352	0.003404	0.005142	-0.003651
NA20864	-0.074294	-0.033842	0.075670	0.003489	0.001265	-0.002267	-0.002966	0.000647	0.002042	-0.001105
NA20866	-0.073040	-0.057167	0.088564	0.024094	0.000059	0.001970	-0.001594	-0.004208	0.003617	-0.000673
NA20867	-0.074032	-0.029777	0.105527	0.021051	-0.000412	-0.003471	-0.000015	-0.000454	-0.003081	0.002607
NA20868	-0.079314	-0.041634	0.103860	0.042132	0.003139	-0.000379	0.000190	0.000972	-0.003836	-0.001923
NA20869	-0.073593	-0.022349	0.080959	0.029992	0.004230	0.000323	-0.002559	-0.003304	0.003799	-0.004571
NA20870	-0.072148	-0.074039	0.036820	0.016191	0.000463	0.001924	0.001224	-0.003257	-0.000770	0.001624
NA20872	-0.079979	-0.038540	0.079162	0.006382	-0.002267	0.000136	-0.001930	0.002303	-0.001029	-0.000017
NA20874	-0.076977	-0.040195	0.041626	0.015554	0.001883	-0.000357	0.003381	-0.001394	0.001965	-0.003778
NA20875	-0.083520	-0.037360	0.114364	0.023640	0.000254	0.003790	0.001198	0.000593	0.002075	-0.005753
NA20876	-0.071134	-0.038488	0.074737	0.033930	0.000136	0.000093	0.001812	-0.002308	0.000347	-0.000530
NA20877	-0.079138	-0.031519	0.094215	0.055140	-0.002412	-0.004979	-0.000159	0.001732	0.000116	0.000727
NA20878	-0.073558	-0.028036	0.094329	0.028203	0.000326	-0.002399	-0.004139	0.002090	0.000449	-0.000000
NA20881	-0.074459	-0.035011	0.073542	-0.001612	0.002798	0.001304	-0.001321	-0.000602	0.001320	-0.001494
NA20882	-0.077757	-0.038890	0.057164	0.021520	0.001973	0.000029	-0.000439	-0.000578	0.003989	-0.003646
NA20884	-0.074240	-0.010954	0.088532	0.001619	0.005044	0.006725	-0.003739	0.002567	-0.001587	-0.004753
NA20885	-0.074311	-0.068340	0.046984	0.017861	-0.001276	-0.000781	0.003322	-0.001942	0.000151	0.002129
NA20886	-0.076163	-0.036018	0.078284	0.001484	0.000076	-0.003329	0.001292	0.000109	0.000203	0.000161
NA20887	-0.084904	-0.036862	0.088522	-0.008250	-0.002488	-0.004348	-0.001767	-0.001832	-0.001217	-0.001197
NA20888	-0.079718	-0.039705	0.086905	0.024051	0.001255	-0.001349	0.001262	-0.000593	-0.001973	0.001508
NA20889	-0.078948	-0.029527	0.096290	0.045323	0.000673	-0.003511	0.003313	-0.000620	0.001396	0.000227
NA20890	-0.079642	-0.045413	0.068933	0.045000	0.008261	0.003880	-0.000518	0.002829	-0.000722	-0.010267
NA20891	-0.075467	-0.035761	0.077207	-0.015480	0.002527	0.001923	-0.001205	-0.000417	-0.002829	-0.002590
NA20892	-0.074511	-0.036050	0.123785	0.032940	-0.004945	-0.001998	0.001875	0.000521	0.002375	-0.000621
NA20894	-0.072677	-0.029778	0.067751	0.015078	-0.005539	0.000436	-0.001987	0.000029	-0.003747	-0.003308
NA20895	-0.080019	-0.043734	0.064137	0.010249	-0.002461	0.001374	-0.001319	-0.004112	0.001569	0.002373
NA20896	-0.076487	-0.041047	0.116466	0.053804	0.001720	0.001205	0.005004	0.000439	-0.000060	0.001647
NA20897	-0.070625	-0.016213	0.088415	0.007915	-0.001629	-0.000123	-0.004156	-0.001129	-0.001695	-0.003220
NA20899	-0.078232	-0.036972	0.113331	0.042863	-0.001942	-0.005106	-0.002015	-0.000606	0.001558	-0.005020
NA20900	-0.076634	-0.027146	0.084918	0.002212	0.001178	0.001611	-0.002091	-0.000968	0.002030	-0.002705
NA20901	-0.088485	-0.031894	0.087044	0.040993	0.000919	0.000925	0.000260	0.003063	0.003040	0.004206
NA20902	-0.069701	-0.029538	0.085558	0.009202	0.000171	0.002365	-0.004880	0.001936	0.002049	-0.001841
NA20903	-0.078349	-0.039892	0.062300	0.023498	-0.001877	-0.001146	-0.000215	-0.000921	0.002938	-0.000590
NA20904	-0.076558	-0.034780	0.058852	0.002075	-0.000114	0.000746	0.000386	0.002384	0.000642	-0.002133
NA20905	-0.081500	-0.032350	0.089065	0.010953	-0.001936	-0.003821	0.000259	-0.000509	0.001744	-0.002379
NA20906	-0.078935	-0.016309	0.094663	0.040185	0.001065	0.000992	-0.000727	-0.002694	-0.001672	0.000746
NA20908	-0.080651	-0.008136	0.114524	0.038525	-0.000226	-0.002762	-0.000249	-0.000185	0.000712	0.002521
NA20910	-0.083826	-0.056744	0.052614	0.026429	-0.002689	-0.000073	-0.002028	-0.002028	0.000599	-0.000875
NA20911	-0.070797	-0.024285	0.104509	0.025403	-0.003802	-0.003715	0.001337	-0.001005	0.000171	0.000808
NA21086	-0.077770	-0.046486	0.088603	0.032757	-0.001263	-0.003090	0.002937	0.000144	0.003753	-0.000156
NA21087	-0.075312	-0.043251	0.077315	0.006221	-0.005177	-0.006249	0.001800	-0.000509	0.004297	-0.001334
NA21088	-0.081538	-0.020672	0.122996	0.016668	0.001195	0.003845	-0.000643	0.001209	-0.000680	0.001493
NA21089	-0.088521	-0.023026	0.087735	-0.008573	-0.000458	0.003936	-0.001450	0.004314	-0.002391	-0.003845
NA21090	-0.078634	-0.015771	0.111997	0.010941	-0.002998	0.001163	-0.001696	0.000485	0.001192	0.001358
NA21091	-0.068774	-0.024818	0.080607	0.013682	0.000302	0.001101	-0.000291	0.000977	-0.000795	-0.004995
NA21092	-0.072965	-0.040120	0.080554	0.032906	0.001517	0.000390	0.003050	-0.000729	-0.001602	-0.002018
NA21093	-0.071014	-0.043184	0.088666	0.027382	0.000680	0.001646	-0.000705	-0.002613	-0.004264	-0.001347
NA21094	-0.070463	-0.033793	0.098594	0.044052	-0.000528	0.003275	-0.000332	-0.000960	-0.000442	-0.006834
NA21095	-0.081541	-0.024794	0.099950	0.021686	-0.000705	-0.003822	0.000400	0.000359	-0.003192	0.000359
NA21097	-0.074975	-0.017886	0.113122	0.025896	-0.000776	0.000882	-0.001203	0.001366	0.001153	-0.005190
NA21098	-0.070956	-0.023342	0.087308	-0.003402	0.000916	-0.003692	0.001345	0.001172	0.002516	0.002280
NA21099	-0.076996	-0.044304	0.078422	0.030557	-0.002201	-0.005337	0.000220	-0.001224	0.002665	0.001601
NA21100	-0.074675	-0.036931	0.101440	0.034462	0.002994	0.001641	-0.002252	0.002095	0.002571	-0.003461
NA21101	-0.072793	-0.034066	0.104640	0.008786	-0.002157	0.004120	-0.002276	0.000231	-0.000025	-0.002633
NA21102	-0.078997	-0.044418	0.112855	0.031766	-0.001022	0.000638	-0.000696	-0.000092	-0.000534	-0.002134
NA21103	-0.076891	-0.030714	0.084859	0.047082	0.000804	0.000562	0.001902	-0.002260	0.005945	-0.004177
NA21104	-0.079797	-0.018777	0.079860	0.027488	0.000886	0.002049	-0.000435	-0.003243	0.000639	-0.002435
NA21105	-0.083621	-0.038190	0.095893	0.038222	0.002108	-0.000635	-0.003378	0.003995	-0.003834	-0.001959
NA21106	-0.078287	-0.043818	0.108948	0.015365	-0.002017	-0.010619	-0.001349	-0.000419	0.001894	-0.001192
NA21107	-0.070250	-0.042965	0.086523	0.027804	-0.000026	-0.001808	0.001634	0.002008	-0.000947	-0.000326
NA21108	-0.077752	-0.055823	0.067076	0.004319	-0.002943	-0.001331	0.000283	-0.001527	-0.000100	0.003935
NA21109	-0.075650	-0.040122	0.074473	-0.002553	0.001327	-0.005246	-0.001647	0.004059	-0.002519	-0.002311
NA21110	-0.074411	-0.035262	0.097867	0.006058	-0.001541	0.003822	0.001127	-0.004216	0.002056	0.001176
NA21111	-0.068389	-0.031759	0.100835	0.047870	-0.000910	-0.006356	0.001679	0.001847	0.003134	0.000555
NA21112	-0.070571	-0.030680	0.119782	0.037851	0.000763	-0.000022	0.000681	0.003117	0.003957	-0.001548
NA21113	-0.075877	-0.033005	0.113712	0.027854	0.001365	-0.001412	-0.004506	0.003736	-0.003988	0.003849
NA21114	-0.073790	-0.041347	0.092633	0.045595	-0.002284	-0.006349	0.001534	0.000642	-0.001373	0.002524
NA21115	-0.073058	-0.027525	0.113467	0.037619	0.001530	0.000285	-0.001406	0.001836	-0.000441	0.007429
NA21116	-0.071205	-0.037873	0.087519	0.028717	0.000277	-0.001937	-0.002774	0.004178	-0.000098	-0.000300
NA21117	-0.074477	-0.040904	0.097197	0.024844	0.001812	0.001032	-0.000045	-0.000316	0.001332	0.001008
NA21118	-0.078316	-0.035079	0.121249	0.028577	-0.003129	-0.002886	-0.003316	0.000003	0.004061	-0.003299
NA21119	-0.076919	-0.044466	0.087307	0.028953	-0.001634	-0.005679	-0.001289	0.001970	0.001555	-0.004639
NA21120	-0.075054	-0.024726	0.076837	0.010144	-0.002162	-0.004235	0.001041	-0.001767	-0.000486	0.000357
NA21122	-0.075053	-0.040293	0.110701	0.022284	-0.000808	0.000681	0.003369	0.000282	0.001714	0.003134
NA21123	-0.078358	-0.032196	0.119444	0.028083	-0.001338	0.000436	-0.004668	0.001498	-0.003054	-0.002817
NA21124	-0.076056	-0.039749	0.108970	0.051194	-0.000969	0.001565	-0.001348	-0.000203	0.000809	-0.002368
NA21125	-0.079889	-0.038332	0.112711	0.022123	-0.001777	0.003128	0.003029	0.002757	0.002447	-0.000903
NA21126	-0.079574	-0.051016	0.064504	0.021734	-0.007007	-0.001012	-0.003230	-0.000004	-0.000463	0.000445
NA21127	-0.078273	-0.044286	0.087128	0.022127	-0.002809	-0.001833	-0.002541	0.002968	0.000881	0.001454
NA21128	-0.072385	-0.044923	0.102275	0.022904	-0.002724	-0.001539	-0.001540	0.003759	-0.000595	-0.003459
NA21129	-0.086214	-0.027310	0.111033	0.016096	0.003876	0.004674	-0.004563	0.004723	0.000014	-0.004560
NA21130	-0.087881	-0.041254	0.085830	0.020217	0.000679	0.000094	-0.003316	0.000239	0.000659	0.000815
NA21133	-0.073458	-0.043257	0.087742	0.013738	0.002122	0.004371	-0.001842	-0.000695	-0.002092	-0.000541
NA21135	-0.077138	-0.037944	0.088096	0.013682	-0.003234	-0.000503	-0.000139	0.000013	0.001835	-0.001338
NA21137	-0.073713	-0.016902	0.094658	0.027210	-0.003731	0.002582	-0.000145	-0.005548	-0.000691	-0.000321
NA21141	-0.083985	-0.022154	0.119522	0.025403	-0.000829	0.003336	0.000017	-0.000887	-0.001505	0.002845
NA21142	-0.076212	-0.018791	0.101302	0.035806	-0.002287	-0.003737	0.000922	0.001231	0.001739	0.001340
NA21143	-0.070269	-0.019623	0.132571	0.033267	-0.002932	-0.008129	0.002281	-0.000328	-0.001666	0.001487
NA21144	-0.080991	-0.038111	0.094268	0.042933	0.000609	-0.000047	-0.000481	0.000754	-0.002104	0.001854
