sample_id	PC1	PC2	PC3	PC4	PC5	PC6	PC7	PC8	PC9	PC10
HG00096	-0.067798	-0.104504	-0.050063	-0.060937	-0.002376	0.004038	-0.002116	0.005587	0.002351	-0.003495
HG00097	-0.079768	-0.081004	-0.030664	-0.038825	0.000419	-0.000779	-0.001517	-0.002278	-0.006043	-0.000079
HG00099	-0.070307	-0.098862	-0.022566	-0.043104	-0.003727	-0.004045	-0.001040	0.002783	0.000141	0.004414
HG00100	-0.070903	-0.103461	-0.046462	-0.061861	0.000813	-0.000241	0.001583	0.002606	-0.003669	0.001737
HG00101	-0.070581	-0.086616	-0.041453	-0.025465	0.001184	0.001387	0.001495	0.002320	0.001801	0.002263
HG00102	-0.064874	-0.098996	-0.039892	-0.035191	0.004403	-0.006119	0.002405	0.001452	0.002365	-0.000229
HG00103	-0.068949	-0.100762	-0.042356	-0.023217	-0.004208	-0.002804	0.001226	-0.000387	0.001510	-0.000345
HG00105	-0.073060	-0.095227	-0.041368	-0.034610	-0.000325	0.002451	-0.001456	-0.001338	-0.004405	0.000919
HG00106	-0.076506	-0.084770	-0.038667	-0.038206	-0.002736	0.003426	-0.001164	-0.000600	-0.000199	0.001085
HG00107	-0.070702	-0.087864	-0.035626	-0.024263	-0.005019	0.001907	0.001299	0.002743	-0.000040	0.000704
HG00108	-0.066514	-0.078260	-0.029593	-0.014581	-0.000965	-0.004565	0.002911	0.002038	0.008921	-0.000343
HG00109	-0.069960	-0.085079	-0.038105	-0.030272	0.001000	0.000508	0.001753	0.003473	0.001186	0.003411
HG00110	-0.070146	-0.098148	-0.036205	-0.045099	-0.002236	0.000148	-0.000871	-0.001314	-0.002059	-0.001604
HG00111	-0.074111	-0.089994	-0.034278	-0.015952	-0.001311	-0.002830	0.003085	-0.003526	0.003881	0.001633
HG00112	-0.078436	-0.099770	-0.040037	-0.029054	-0.002722	0.001935	-0.001221	0.001908	-0.001116	-0.002563
HG00113	-0.065335	-0.118072	-0.024549	-0.042291	-0.002641	-0.000942	-0.000854	-0.003477	0.000881	-0.001179
HG00114	-0.079559	-0.080555	-0.030416	-0.031775	-0.001102	-0.002117	0.003956	0.000294	0.004503	-0.003057
HG00115	-0.067705	-0.097008	-0.029205	-0.027272	0.002034	-0.002817	0.002759	0.001809	0.004581	0.006444
HG00116	-0.081456	-0.090240	-0.051776	-0.036732	-0.000346	-0.000088	0.000140	0.001159	0.000032	-0.001353
HG00117	-0.078382	-0.089970	-0.027867	-0.037004	-0.004090	-0.002359	-0.000829	0.000837	0.000134	-0.000686
HG00118	-0.068646	-0.097219	-0.029194	-0.029397	0.000253	0.000897	-0.001145	-0.002978	0.001626	0.002966
HG00119	-0.078104	-0.098756	-0.037393	-0.045369	-0.000520	0.003224	0.000463	0.000663	0.000703	0.002776
HG00120	-0.079651	-0.101191	-0.056425	-0.044463	0.001631	-0.002547	0.001000	-0.000303	0.000575	-0.003340
HG00121	-0.062461	-0.104939	-0.050204	-0.059122	-0.002348	-0.007401	-0.000695	-0.001539	-0.002684	-0.003129
HG00122	-0.074280	-0.096962	-0.035811	-0.045758	-0.002833	0.003972	-0.001553	-0.000620	0.003640	-0.001376
HG00123	-0.072949	-0.102477	-0.053530	-0.050427	-0.001905	0.001840	-0.000626	0.002581	0.001564	-0.001370
HG00125	-0.071154	-0.096046	-0.051084	-0.031259	-0.001098	0.000852	-0.000863	0.000473	-0.003608	0.000346
HG00126	-0.076974	-0.095716	-0.063308	-0.030136	0.000115	0.003435	0.000864	-0.000144	-0.000276	-0.000842
HG00127	-0.082339	-0.084641	-0.031781	-0.043565	-0.000464	-0.001881	0.001932	0.000310	-0.000806	0.002906
HG00128	-0.073231	-0.095972	-0.036785	-0.027698	-0.001368	0.004779	0.002665	0.004944	0.004665	-0.002749
HG00129	-0.082667	-0.104401	-0.035360	-0.000720	-0.000047	-0.003204	0.001948	0.002850	0.002246	0.003411
HG00130	-0.068677	-0.082726	-0.030442	-0.030602	-0.003683	-0.004298	-0.002208	-0.001657	0.003049	0.003020
HG00131	-0.066151	-0.085710	-0.046537	-0.049395	-0.000824	0.000450	0.003654	-0.002392	-0.001258	0.003887
HG00132	-0.068661	-0.088403	-0.052091	-0.035823	0.001490	-0.000345	0.001084	0.002662	-0.000077	-0.000104
HG00133	-0.069657	-0.087289	-0.060036	-0.041842	0.004021	-0.007172	0.002199	0.000103	0.002398	0.001403
HG00136	-0.067041	-0.099289	-0.040826	-0.020376	-0.001689	0.002051	0.000541	0.002480	0.003020	0.001540
HG00137	-0.080206	-0.096489	-0.044618	-0.032050	0.001204	-0.003846	0.000505	0.001652	-0.000891	0.001066
HG00138	-0.066990	-0.107197	-0.027551	-0.021772	-0.003069	-0.004216	0.004485	0.000824	0.007037	-0.002371
HG00139	-0.076913	-0.093473	-0.047906	-0.052682	0.004500	0.002591	0.003256	0.001660	-0.001190	0.003558
HG00140	-0.075951	-0.087176	-0.028835	-0.036285	-0.002922	-0.001906	0.001511	0.002813	-0.004212	0.002720
HG00141	-0.081855	-0.093996	-0.040932	-0.049373	-0.002873	0.003410	-0.002421	0.001637	-0.000151	-0.003407
HG00142	-0.063821	-0.082178	-0.034603	-0.054503	0.001358	-0.003303	0.000197	0.001899	0.002345	0.000364
HG00143	-0.079838	-0.093737	-0.028145	-0.050673	-0.006383	-0.002174	0.001298	-0.001284	0.002721	-0.000439
HG00145	-0.074725	-0.099573	-0.043058	-0.048642	-0.004660	0.003259	0.000040	0.000960	0.001972	0.002961
HG00146	-0.074733	-0.103483	-0.036540	-0.054115	-0.001569	-0.001686	0.000539	-0.003700	-0.000016	-0.003676
HG00148	-0.072736	-0.106400	-0.039949	-0.022235	0.001645	-0.002939	0.001312	0.001518	0.004393	0.004511
HG00149	-0.057879	-0.083997	-0.044043	-0.047907	0.002933	0.007339	-0.001373	-0.001745	0.001868	0.006008
HG00150	-0.068873	-0.087758	-0.033896	-0.041421	-0.000511	0.000022	0.004080	-0.000176	0.001399	0.003487
HG00151	-0.077309	-0.102488	-0.025759	-0.034063	-0.001309	-0.002408	-0.000917	-0.003879	0.000732	-0.004771
HG00154	-0.076052	-0.094742	-0.027781	-0.021072	-0.005561	0.001121	0.000174	0.003026	-0.000069	0.005827
HG00155	-0.074921	-0.102770	-0.048588	-0.027835	-0.000815	-0.001519	0.001239	-0.000039	-0.001018	0.000860
HG00157	-0.074560	-0.097904	-0.029281	-0.045696	0.002421	0.001832	-0.000059	0.002910	-0.001686	-0.001269
HG00158	-0.068921	-0.083616	-0.038215	-0.023348	0.003532	0.003090	0.000398	0.005405	-0.001417	0.001098
HG00159	-0.070918	-0.103585	-0.031266	-0.044385	-0.001874	-0.001565	-0.004007	-0.001419	-0.001258	0.000795
HG00160	-0.072643	-0.110059	-0.038523	-0.027812	0.001450	-0.001666	0.002770	0.000180	0.000745	0.000636
HG00171	-0.084459	-0.077703	-0.036022	-0.025442	-0.000939	-0.003024	0.000774	-0.003606	0.001489	-0.003018
HG00173	-0.073970	-0.068403	-0.039564	-0.050131	-0.004619	-0.000390	-0.001393	-0.001085	0.000481	-0.005013
HG00174	-0.069373	-0.094769	-0.025687	-0.040770	0.001121	0.001359	-0.000842	0.001155	-0.002495	-0.003529
HG00176	-0.077599	-0.076184	-0.034798	-0.031509	-0.000871	-0.006339	0.000589	-0.001760	-0.003005	-0.001998
HG00177	-0.078610	-0.081710	-0.028429	-0.035611	-0.002659	0.000121	0.002097	-0.002105	-0.003420	-0.000293
HG00178	-0.075500	-0.098151	-0.022862	-0.007717	-0.002125	0.002016	0.002475	0.000050	0.002567	-0.002965
HG00179	-0.077005	-0.085264	-0.024360	-0.034887	-0.003098	-0.003855	0.000777	-0.000760	-0.001574	-0.001500
HG00180	-0.070684	-0.096654	-0.019437	-0.028018	-0.003556	-0.002879	0.000267	-0.002700	-0.003195	0.001750
HG00181	-0.064030	-0.079437	-0.042949	-0.033402	-0.002861	0.005922	0.000588	-0.004341	0.004486	0.000808
HG00182	-0.068598	-0.063937	-0.032191	-0.018646	-0.000993	-0.001237	0.000767	-0.000913	0.001282	-0.000173
HG00183	-0.078734	-0.059396	-0.044899	0.005756	0.001059	-0.003018	0.000658	-0.001536	0.000281	0.000928
HG00185	-0.079145	-0.068379	-0.054543	-0.025672	0.001945	-0.002504	0.004141	-0.001658	0.001722	-0.002307
HG00186	-0.082272	-0.085117	-0.043089	-0.026745	-0.002745	-0.001248	-0.000421	-0.000695	-0.000350	-0.002418
HG00187	-0.072211	-0.086491	-0.037549	0.005036	-0.002754	0.001648	0.002162	-0.003033	0.001307	-0.000126
HG00188	-0.074214	-0.084493	-0.033544	-0.041160	-0.001700	0.000993	0.001238	0.001721	-0.002431	-0.003161
HG00189	-0.068211	-0.093073	-0.040421	-0.029203	0.000935	-0.001486	0.001470	-0.003038	0.004157	-0.001233
HG00190	-0.072445	-0.099238	-0.038595	-0.010514	-0.005835	-0.003672	0.003894	-0.000658	0.004835	0.003351
HG00231	-0.073844	-0.087908	-0.035311	-0.034757	-0.002501	-0.000410	0.002922	-0.000074	-0.000980	0.003916
HG00232	-0.070004	-0.108134	-0.034837	-0.037224	-0.001359	-0.001764	0.000548	0.002779	0.001771	-0.000031
HG00233	-0.069165	-0.094635	-0.038662	-0.040136	-0.000006	0.001836	-0.000703	0.004844	-0.001738	-0.003117
HG00234	-0.066101	-0.092070	-0.016876	-0.024911	-0.000677	0.004267	-0.001284	-0.001105	0.000377	0.000115
HG00235	-0.066007	-0.093834	-0.018789	-0.046680	-0.004950	0.002697	-0.000958	-0.004256	0.002199	-0.002468
HG00236	-0.072044	-0.091691	-0.039750	-0.042833	-0.001353	0.001475	0.004239	0.004372	0.002883	-0.004120
HG00237	-0.072681	-0.099799	-0.050018	-0.058108	0.000289	0.002045	0.001348	0.003951	-0.000237	0.005896
HG00238	-0.067322	-0.100597	-0.028825	-0.043566	-0.002136	-0.001597	0.001627	0.001898	0.000303	0.003031
HG00239	-0.071777	-0.095841	-0.020263	-0.044504	0.000814	-0.002734	0.000024	0.001199	0.006163	-0.002170
HG00240	-0.076915	-0.098680	-0.044045	-0.051199	-0.002364	0.001260	0.000402	-0.000205	-0.003680	0.003369
HG00242	-0.085332	-0.091312	-0.017518	0.004046	0.000294	0.004364	0.001480	-0.000276	0.005680	0.000124
HG00243	-0.075316	-0.093478	-0.032007	-0.021811	-0.005525	-0.000485	0.001023	0.001663	0.002336	0.002470
HG00244	-0.071778	-0.085042	-0.033079	-0.056150	-0.001125	0.002745	-0.000403	0.000713	-0.000276	-0.003623
HG00245	-0.074121	-0.072554	-0.036167	-0.030811	-0.006424	0.002047	-0.001557	-0.000638	0.001270	-0.005038
HG00246	-0.075486	-0.079100	-0.034735	-0.030531	0.005035	-0.001222	0.000640	-0.002783	0.006931	-0.000182
HG00250	-0.073572	-0.086473	-0.037590	-0.037158	-0.002386	0.000177	0.000636	-0.000211	0.001109	-0.001702
HG00251	-0.071000	-0.091235	-0.031121	-0.047785	-0.003597	0.002905	0.002386	0.001944	0.000265	-0.003304
HG00252	-0.083906	-0.093905	-0.043776	-0.049231	-0.007741	0.004755	-0.004657	-0.000963	-0.000882	-0.002900
HG00253	-0.074358	-0.101745	-0.023407	-0.031004	-0.003689	-0.003986	0.003828	0.000421	0.004695	0.000196
HG00254	-0.077117	-0.092554	-0.050932	-0.048253	-0.001193	0.003928	-0.001297	0.005801	0.001425	-0.001706
HG00255	-0.076005	-0.091477	-0.046135	-0.032336	-0.000394	-0.002051	0.004952	0.000255	0.005194	-0.003284
HG00256	-0.065689	-0.089288	-0.037436	-0.043329	0.004492	-0.000818	0.004343	0.004012	0.001826	0.002890
HG00257	-0.066397	-0.103714	-0.043967	-0.032029	-0.003938	0.001187	-0.000585	-0.002336	0.002851	-0.002296
HG00258	-0.082019	-0.093989	-0.046910	-0.020150	-0.001893	-0.004419	0.002438	0.001905	-0.001930	0.002542
HG00259	-0.078343	-0.098394	-0.027931	-0.039930	-0.005783	-0.007481	0.002490	0.000862	-0.001140	-0.000768
HG00260	-0.070403	-0.103264	-0.034465	-0.037286	-0.001927	-0.001703	0.000056	-0.001120	0.001334	-0.000702
HG00261	-0.085969	-0.104427	-0.043364	-0.000820	0.002652	0.001350	0.006213	-0.000103	-0.001611	0.001759
HG00262	-0.074523	-0.075966	-0.043927	-0.040188	-0.000731	-0.002202	-0.000729	0.001383	0.003154	-0.003594
HG00263	-0.071552	-0.098338	-0.036610	-0.038468	0.002257	-0.006027	0.005664	0.005985	0.004522	-0.004408
HG00264	-0.073588	-0.090273	-0.037127	-0.051244	0.000472	-0.001314	0.001555	0.001058	0.005099	0.002734
HG00265	-0.076926	-0.098173	-0.047033	-0.041920	0.001175	-0.002945	0.000568	0.000511	0.000902	0.002396
HG00266	-0.074012	-0.060146	-0.023285	-0.029564	-0.001053	0.001045	0.001087	-0.004323	-0.001415	0.003540
HG00267	-0.075357	-0.072965	-0.041257	-0.032774	-0.001275	0.003113	-0.000484	-0.002281	0.001248	0.001807
HG00268	-0.077122	-0.093807	-0.040366	-0.026111	0.000816	-0.003531	0.002187	-0.000643	-0.000530	-0.000086
HG00269	-0.084707	-0.073136	-0.025495	-0.043215	-0.003707	-0.004001	-0.000150	-0.002725	-0.002102	-0.000985
HG00271	-0.071829	-0.083956	-0.052263	-0.044387	-0.003216	0.003199	0.002970	0.000112	-0.000980	-0.000873
HG00272	-0.081978	-0.079697	-0.033308	-0.004675	-0.004838	-0.002811	0.001758	0.000214	0.000166	0.001795
HG00273	-0.075176	-0.085979	-0.048084	-0.055973	-0.003470	0.002853	0.003305	0.005842	0.002417	-0.002970
HG00274	-0.077760	-0.065443	-0.041057	-0.039626	-0.001181	0.002590	0.000836	0.001037	-0.002151	-0.000202
HG00275	-0.067691	-0.078724	-0.031842	-0.043522	-0.001015	-0.001525	0.002199	-0.000936	0.000472	0.004261
HG00276	-0.076200	-0.061911	-0.020403	-0.014167	-0.002632	-0.000081	0.001886	-0.002611	0.000862	0.000896
HG00277	-0.070742	-0.092552	-0.031011	-0.036226	-0.005877	-0.000459	-0.000418	-0.001470	0.000308	-0.006221
HG00278	-0.081058	-0.070747	-0.043467	-0.054110	-0.004706	0.001790	-0.001454	-0.003429	0.000293	-0.001915
HG00280	-0.078633	-0.065276	-0.043082	-0.001670	0.000843	-0.003588	-0.000366	-0.002951	-0.000093	0.004725
HG00281	-0.080581	-0.071361	-0.028875	-0.023183	-0.001920	-0.004886	0.003223	-0.006196	-0.001621	-0.000542
HG00282	-0.069514	-0.076958	-0.038764	-0.041732	-0.003025	0.001249	0.001196	0.001074	-0.000252	-0.001045
HG00284	-0.085723	-0.066953	-0.038749	-0.045292	-0.004756	0.000240	-0.000273	-0.003768	0.000192	-0.002428
HG00285	-0.072642	-0.082639	-0.028374	-0.039743	-0.004180	-0.005130	0.000000	0.001512	-0.001134	0.000928
HG00288	-0.081167	-0.084820	-0.039145	-0.044245	-0.001064	0.003459	-0.002626	-0.002423	-0.001289	-0.001151
HG00290	-0.066721	-0.075835	-0.024683	-0.047211	0.003116	-0.001846	-0.000452	-0.001118	0.000597	0.001553
HG00304	-0.074916	-0.078407	-0.026837	-0.020095	-0.006188	-0.003631	0.001184	-0.000445	0.004826	-0.001420
HG00306	-0.067606	-0.083608	-0.031766	-0.053173	-0.003095	-0.001742	0.002141	0.000144	-0.001290	-0.002280
HG00308	-0.074892	-0.085214	-0.040156	-0.037882	-0.005562	-0.002374	0.000448	0.001416	-0.002932	-0.002287
HG00309	-0.069205	-0.086257	-0.019022	-0.030886	-0.002246	-0.005383	0.001401	0.000536	0.002177	-0.004408
HG00310	-0.075324	-0.065895	-0.038858	-0.035907	-0.000068	0.000722	-0.001104	-0.007500	0.003218	-0.003591
HG00311	-0.077143	-0.093047	-0.033845	-0.029269	-0.002855	0.001779	0.003494	-0.001399	0.001764	-0.000311
HG00313	-0.077686	-0.076100	-0.037666	-0.034386	-0.001129	-0.001736	0.001601	-0.001366	0.005146	-0.002329
HG00315	-0.074223	-0.062299	-0.031224	-0.036633	-0.003460	0.000855	0.000631	0.002873	-0.002608	-0.000319
HG00318	-0.072268	-0.075187	-0.031384	-0.035455	-0.004422	0.000347	-0.001839	-0.001454	0.000342	-0.000285
HG00319	-0.075946	-0.067429	-0.039963	-0.059241	-0.000488	-0.003130	0.002695	-0.001907	-0.000949	-0.000385
HG00320	-0.079335	-0.040912	-0.022860	-0.022661	-0.001090	-0.003503	0.001831	0.003528	-0.001733	0.000065
HG00321	-0.080857	-0.071441	-0.035791	-0.020562	-0.001269	-0.000265	0.001510	0.000995	0.002079	0.002519
HG00323	-0.078960	-0.079192	-0.033761	-0.021024	-0.001009	0.000713	0.001938	0.000713	0.001643	-0.001168
HG00324	-0.077234	-0.065542	-0.035808	-0.041184	-0.002446	0.005428	0.000603	0.002834	-0.001371	-0.002285
HG00325	-0.077534	-0.080505	-0.040077	-0.031249	-0.002090	-0.001388	0.003033	0.000603	0.001625	-0.000963
HG00326	-0.079508	-0.071662	-0.034794	-0.024501	0.000262	0.002271	-0.000294	-0.000795	0.000937	0.001693
HG00327	-0.078802	-0.082589	-0.041768	-0.040313	-0.001084	0.005794	0.000301	0.000005	-0.000443	0.001069
HG00328	-0.078176	-0.083638	-0.042881	-0.013328	-0.005885	0.000050	-0.000605	0.000016	0.000199	-0.003703
HG00329	-0.083970	-0.070986	-0.039166	-0.005983	0.002295	-0.001865	-0.001774	-0.001594	-0.002061	0.000743
HG00330	-0.078570	-0.090376	-0.032321	-0.026683	-0.000711	-0.004153	0.003227	0.001649	0.002047	-0.002546
HG00331	-0.076033	-0.071565	-0.045367	-0.037146	-0.000997	-0.000011	0.002968	0.000247	0.003482	-0.001351
HG00332	-0.077541	-0.069680	-0.038508	-0.044891	-0.003583	-0.000404	0.000630	-0.002596	-0.001452	-0.000669
HG00334	-0.075887	-0.089097	-0.038578	-0.040813	-0.000362	-0.002888	0.002428	-0.001297	0.000833	-0.001716
HG00335	-0.073004	-0.090047	-0.040516	-0.021659	-0.002098	-0.004746	-0.000008	-0.002347	0.001341	0.002320
HG00336	-0.073948	-0.094223	-0.027830	-0.021602	-0.002830	-0.003370	0.004489	-0.003266	0.003368	-0.000415
HG00337	-0.066898	-0.075875	-0.037050	-0.042970	-0.001248	-0.004971	0.001315	-0.001276	0.005109	0.000301
HG00338	-0.068531	-0.072398	-0.035724	-0.039535	-0.003579	0.002751	-0.001055	-0.000865	-0.000369	0.002610
HG00339	-0.078639	-0.075408	-0.033107	-0.031811	-0.003637	0.005624	-0.001809	-0.002781	0.003737	-0.003869
HG00341	-0.079395	-0.067798	-0.033142	0.006363	-0.002797	-0.003584	0.001374	-0.000339	0.000868	0.000682
HG00342	-0.089197	-0.062790	-0.048553	-0.034693	-0.005833	0.000757	-0.000816	-0.001589	-0.000255	-0.002651
HG00343	-0.065773	-0.090528	-0.032612	-0.053003	-0.000969	-0.000557	0.002709	0.000199	0.002562	-0.000231
HG00344	-0.072247	-0.081474	-0.036869	-0.051785	-0.002060	0.006524	-0.000756	0.005792	-0.000717	0.000348
HG00345	-0.075297	-0.086155	-0.039576	-0.023510	-0.003627	0.001251	-0.001171	0.001415	-0.000498	-0.003634
HG00346	-0.076143	-0.088084	-0.040010	-0.031434	-0.003988	-0.002015	-0.000915	-0.002557	0.000266	-0.000636
HG00349	-0.082282	-0.078642	-0.029266	-0.027311	-0.003456	0.000498	0.000181	-0.005400	0.002820	-0.003917
HG00350	-0.074700	-0.099160	-0.035584	-0.048004	-0.002498	0.002927	0.000587	-0.002676	0.001917	-0.004490
HG00351	-0.077160	-0.058159	-0.027475	-0.038984	-0.001942	-0.006180	0.003520	0.000300	0.000603	-0.001768
HG00353	-0.071369	-0.090338	-0.040559	-0.048723	0.001004	-0.002709	0.001480	-0.001158	0.000484	-0.000865
HG00355	-0.076745	-0.073516	-0.026281	-0.043799	-0.005667	-0.003164	0.002013	-0.000179	0.001255	-0.001180
HG00356	-0.068969	-0.084922	-0.039844	-0.046809	-0.001513	-0.000113	-0.000403	-0.002029	0.002436	0.001125
HG00357	-0.085183	-0.071772	-0.035605	-0.049256	-0.002927	-0.001136	0.000461	-0.001300	-0.001163	-0.000705
HG00358	-0.076977	-0.089803	-0.040752	-0.052301	-0.002874	-0.009301	0.002561	-0.000606	0.001093	-0.000009
HG00360	-0.077529	-0.065719	-0.024141	-0.015578	-0.002770	0.002978	-0.000420	-0.000536	0.003513	-0.005287
HG00361	-0.077958	-0.084221	-0.039950	-0.034769	0.006238	0.004640	-0.006905	-0.010834	-0.009827	-0.010411
HG00362	-0.078824	-0.070867	-0.027889	-0.038037	0.000746	0.001559	0.001339	0.000936	0.001319	-0.000329
HG00364	-0.079792	-0.081727	-0.031082	-0.037364	-0.000080	-0.005582	0.000242	-0.003215	0.000289	-0.002551
HG00365	-0.083031	-0.066020	-0.042867	-0.035437	-0.005317	-0.001564	0.000533	-0.000366	-0.000294	-0.002325
HG00366	-0.073200	-0.091931	-0.030087	-0.004836	-0.004683	-0.003664	0.005093	-0.002643	0.001043	0.001122
HG00367	-0.080728	-0.061655	-0.041932	-0.028849	0.001059	-0.004366	0.002417	-0.004110	-0.003413	-0.003127
HG00368	-0.074587	-0.095931	-0.025158	-0.030310	-0.003083	-0.000679	0.001677	-0.000556	0.001632	-0.000386
HG00369	-0.077619	-0.081023	-0.035283	-0.051216	-0.001275	-0.001889	0.000407	0.000674	-0.001232	0.000380
HG00371	-0.079861	-0.080474	-0.026721	-0.039477	-0.006479	0.002355	0.000717	-0.002973	0.003414	-0.004129
HG00372	-0.077957	-0.086617	-0.036649	-0.044986	-0.003641	-0.002903	0.001356	0.001214	0.000425	0.002409
HG00373	-0.082450	-0.078427	-0.030595	-0.035676	-0.000670	0.002294	-0.001060	0.003097	0.000994	-0.002461
HG00375	-0.085593	-0.077379	-0.031646	-0.016053	-0.003371	-0.003044	0.001811	-0.000280	0.003243	0.002335
HG00376	-0.076468	-0.088506	-0.042398	-0.049606	-0.001246	0.001976	0.000705	0.001886	-0.000378	0.001821
HG00378	-0.072111	-0.075228	-0.033139	-0.004525	-0.003169	-0.002174	0.002978	-0.003624	0.005138	-0.000104
HG00379	-0.074241	-0.060966	-0.036283	-0.011453	-0.000374	0.004426	0.002938	0.001040	0.002702	-0.001586
HG00380	-0.086393	-0.070708	-0.033597	-0.015161	-0.001607	0.005037	0.001074	0.004006	0.000282	-0.003214
HG00381	-0.085494	-0.085481	-0.029357	0.005910	0.003604	-0.001034	0.000548	0.004362	0.003560	0.007090
HG00382	-0.069694	-0.084887	-0.030936	-0.042152	-0.002999	0.001426	0.004438	0.000635	-0.000064	0.001805
HG00383	-0.075692	-0.068567	-0.051371	-0.041322	-0.002225	-0.001395	-0.003760	-0.003212	-0.000967	0.001201
HG00384	-0.079029	-0.089966	-0.033706	-0.039815	-0.002914	0.000064	-0.002360	-0.002773	0.001680	-0.003241
HG00403	-0.094805	0.123176	-0.011952	-0.038375	-0.001033	0.002835	-0.001785	-0.003815	-0.005352	-0.000307
HG00404	-0.097151	0.149344	-0.022882	-0.033630	0.001875	-0.002393	-0.001946	-0.004601	-0.000761	-0.002172
HG00406	-0.098139	0.109226	-0.019564	0.015010	0.003586	0.000614	0.002051	0.001018	0.003328	0.001720
HG00407	-0.095426	0.125939	-0.011953	-0.013136	0.001288	-0.009330	0.001049	0.000951	-0.001138	-0.001447
HG00409	-0.097309	0.150908	-0.024446	-0.034551	-0.002406	0.002335	0.001710	0.000924	0.002010	0.004437
HG00410	-0.091084	0.128295	-0.012929	-0.003367	-0.004873	0.005393	0.003119	-0.000975	0.002635	0.004437
HG00419	-0.102015	0.139178	-0.009462	-0.035342	-0.003618	-0.000609	0.000693	-0.001407	-0.000359	0.001461
HG00421	-0.102177	0.139563	-0.034404	-0.034973	0.003356	-0.003084	0.000498	0.001410	-0.007221	0.000821
HG00422	-0.099314	0.129103	-0.015054	0.013490	0.003925	0.002873	0.001521	0.004258	-0.002375	0.001526
HG00428	-0.100641	0.124300	-0.007422	-0.039568	-0.000927	0.003902	0.000758	-0.002281	-0.002282	0.000634
HG00436	-0.097501	0.107795	-0.014332	-0.008638	-0.000310	-0.005759	0.001535	0.000017	0.001632	0.003151
HG00437	-0.103168	0.137267	-0.027887	-0.023917	0.000450	-0.004719	0.000409	-0.002838	-0.003403	-0.003811
HG00442	-0.103257	0.125131	-0.027828	-0.032620	-0.001412	-0.005182	-0.001779	0.001974	-0.005494	-0.001118
HG00443	-0.104319	0.131275	-0.015648	-0.029539	0.000390	0.001340	0.002113	0.000427	0.000754	0.001091
HG00445	-0.092814	0.144021	-0.023204	-0.027527	-0.001672	-0.000815	-0.003341	-0.002011	-0.001772	0.001287
HG00446	-0.100201	0.132204	-0.022068	-0.033518	0.002569	-0.003111	0.003464	0.005109	0.005657	0.002656
HG00448	-0.098199	0.131662	-0.032183	-0.020336	-0.002296	0.006851	-0.001766	0.000672	-0.002758	-0.002366
HG00449	-0.100622	0.128587	-0.018938	-0.005957	0.002183	0.006053	-0.001505	0.000620	-0.002168	-0.001360
HG00451	-0.104254	0.139636	-0.019191	-0.033086	-0.000430	-0.001990	-0.000712	0.001083	0.003042	-0.004000
HG00452	-0.100641	0.144750	-0.020399	-0.040284	-0.001354	0.001995	-0.003420	-0.001094	-0.001199	0.001379
HG00457	-0.097107	0.123231	-0.008707	-0.026933	0.001293	-0.003469	0.000432	-0.000182	0.002778	0.000055
HG00458	-0.096288	0.135702	-0.018572	-0.046478	-0.001281	-0.003976	-0.000235	-0.000902	0.001089	-0.005923
HG00463	-0.093265	0.146281	-0.021904	-0.037623	0.000977	0.003907	-0.002425	0.000774	0.003001	-0.001492
HG00464	-0.105605	0.124427	-0.020765	-0.021905	-0.000801	-0.004206	-0.000671	0.000161	0.006223	0.001013
HG00472	-0.102940	0.136615	-0.028357	-0.002463	-0.000741	-0.001282	0.007662	-0.001235	0.000935	0.002740
HG00473	-0.096142	0.129272	-0.006148	-0.022893	0.000709	-0.006837	0.002235	-0.001413	0.000585	-0.004043
HG00475	-0.097448	0.132940	-0.012425	-0.023897	0.002504	0.005162	-0.000595	0.005563	0.006235	0.002577
HG00476	-0.098959	0.123268	-0.029433	-0.003707	-0.000392	-0.003003	0.001375	0.001229	-0.000114	-0.000490
HG00478	-0.103859	0.140024	-0.031456	-0.023703	0.001424	0.000477	-0.001795	0.000788	0.001800	-0.001016
HG00479	-0.102584	0.135514	-0.023781	-0.034140	-0.004033	-0.001029	-0.001968	-0.001817	0.003010	-0.002570
HG00500	-0.100874	0.145824	-0.021068	-0.004873	-0.003969	0.000540	0.001697	-0.000640	0.000221	-0.000622
HG00513	-0.098001	0.127854	-0.008260	-0.041351	-0.001186	-0.001896	0.000059	0.001499	0.003376	0.003785
HG00524	-0.090557	0.125912	-0.014355	-0.019141	0.001481	-0.001587	0.000139	-0.001306	0.001148	-0.000588
HG00525	-0.103156	0.135768	-0.018706	-0.034937	-0.001562	0.001501	0.000383	-0.001729	-0.003174	0.004204
HG00530	-0.102446	0.141273	-0.024506	-0.033518	-0.000809	-0.004248	0.004144	-0.000302	-0.001039	-0.001769
HG00531	-0.092863	0.136802	-0.027412	-0.030439	-0.002003	-0.004884	0.000517	0.001167	-0.000378	-0.000401
HG00533	-0.097961	0.128798	-0.026584	-0.036081	-0.000526	0.003056	0.000023	-0.000303	0.000346	-0.001122
HG00534	-0.093288	0.130436	-0.017378	-0.028634	-0.003686	-0.000764	-0.000586	0.000176	0.000113	-0.001447
HG00536	-0.100249	0.123940	-0.022824	-0.004172	-0.001563	-0.000345	-0.003311	-0.000158	0.001246	0.002253
HG00537	-0.095824	0.128713	-0.022089	-0.020043	0.000135	-0.001332	0.000135	-0.002530	-0.002634	-0.003204
HG00542	-0.096525	0.134704	-0.019490	-0.032340	-0.001818	-0.003082	-0.000497	0.000026	-0.000505	0.002724
HG00543	-0.101885	0.125988	-0.034528	-0.010006	0.002097	-0.003007	-0.000651	-0.000400	0.000065	0.001308
HG00551	-0.063370	-0.085384	-0.048399	-0.028745	0.003289	0.001255	-0.000693	0.008699	0.003863	-0.004368
HG00553	0.033883	-0.043029	-0.032636	0.027129	0.025516	-0.004282	-0.020384	-0.001093	0.003945	0.014641
HG00554	-0.067727	-0.084927	-0.029286	-0.034485	0.003335	-0.003145	-0.004142	-0.000410	0.003280	0.001909
HG00556	-0.100366	0.125467	-0.007137	-0.033626	0.003290	-0.004027	0.001580	-0.002298	0.002418	-0.002820
HG00557	-0.106624	0.160212	-0.019890	-0.037882	0.002206	-0.002081	0.004834	0.000139	-0.002720	0.002368
HG00559	-0.098775	0.131394	-0.014937	-0.015918	-0.004389	-0.001124	-0.002769	0.002875	-0.001874	-0.000807
HG00560	-0.101723	0.135814	-0.024229	-0.019320	-0.004094	0.000765	-0.002087	-0.002440	-0.001470	-0.002244
HG00565	-0.098015	0.142168	-0.027985	-0.027149	0.000404	0.001451	-0.000308	0.000059	-0.000667	0.001738
HG00566	-0.100923	0.124908	-0.018665	-0.031377	-0.003369	-0.000953	-0.000468	0.000924	0.000791	0.002410
HG00580	-0.104285	0.132119	-0.021666	0.004065	0.000529	-0.002693	0.001736	0.000746	0.000660	0.003903
HG00581	-0.099372	0.124540	-0.022851	-0.029663	-0.003611	0.003262	-0.000787	0.000966	0.002643	-0.000149
HG00583	-0.096168	0.144646	-0.017853	-0.029681	0.000514	0.004732	-0.002094	0.004328	0.000674	0.002692
HG00584	-0.107380	0.147080	-0.017649	-0.020691	-0.003541	-0.000828	0.000967	-0.001262	0.000205	0.000407
HG00589	-0.097621	0.130329	-0.017673	-0.005420	-0.002957	0.000671	-0.000085	-0.002685	0.001768	0.001277
HG00590	-0.094756	0.121949	-0.009703	-0.028698	0.000182	-0.002063	-0.001027	-0.003110	-0.000464	-0.000484
HG00592	-0.094938	0.124577	-0.011298	-0.019572	-0.000247	-0.002358	0.001232	0.003659	-0.001804	0.000351
HG00593	-0.098903	0.141981	-0.026495	-0.025083	0.001326	-0.001554	0.000683	0.002832	0.004212	-0.000136
HG00595	-0.104808	0.146437	-0.011891	-0.017160	-0.001524	-0.000198	-0.001423	-0.001394	0.002083	0.001670
HG00596	-0.107033	0.134306	-0.019163	-0.001100	-0.000706	0.000934	-0.000848	-0.001101	-0.003083	-0.000829
HG00598	-0.093802	0.135491	-0.016981	-0.016197	0.000376	0.005413	-0.004948	-0.001110	-0.011163	-0.007640
HG00599	-0.098698	0.140250	-0.027137	-0.037521	-0.005200	0.004271	-0.000969	0.003279	0.003164	-0.002020
HG00607	-0.102573	0.125365	-0.020647	-0.006497	0.000548	-0.002230	0.002546	0.001513	-0.000121	-0.000470
HG00608	-0.105862	0.135895	-0.024800	-0.028619	-0.000221	0.001354	0.000205	0.000741	0.000372	0.003508
HG00610	-0.101309	0.129268	0.001542	-0.010840	-0.000589	0.003790	-0.001320	-0.001328	-0.005097	0.001194
HG00611	-0.094341	0.122886	-0.012184	-0.015057	0.002556	-0.001331	0.002036	0.001375	-0.000034	-0.001080
HG00613	-0.096737	0.134205	0.001834	-0.023823	0.002714	0.004184	0.003541	0.000344	-0.005810	0.002904
HG00614	-0.093802	0.133248	-0.019326	-0.021882	0.001571	-0.001336	0.000542	0.003980	-0.002484	0.002739
HG00619	-0.102782	0.146724	-0.030415	-0.019691	-0.000248	-0.001324	0.000935	-0.001383	-0.000737	0.000015
HG00620	-0.099349	0.137408	-0.028019	-0.025521	-0.002736	0.003829	-0.000508	-0.002882	-0.002140	0.000467
HG00622	-0.097762	0.132828	-0.025866	-0.011983	0.001627	-0.007419	-0.000818	0.000950	-0.003306	-0.001456
HG00623	-0.092687	0.135181	-0.019915	-0.029696	0.001807	-0.002231	-0.002416	-0.002136	0.005015	0.002436
HG00625	-0.102010	0.128495	-0.014464	-0.027885	-0.002151	0.002603	-0.001329	-0.003474	0.001635	-0.002177
HG00626	-0.097801	0.108450	-0.018505	-0.008659	0.001459	-0.003123	0.001639	0.000923	-0.004881	0.000632
HG00628	-0.093361	0.123976	-0.015526	-0.019635	0.003315	-0.000117	0.002057	0.003142	0.005308	0.000316
HG00629	-0.109248	0.124655	-0.024528	-0.008685	-0.001242	0.000579	-0.000003	0.000465	0.000488	0.002216
HG00631	-0.094590	0.139214	-0.032152	-0.032490	-0.000174	-0.000157	0.001527	0.001798	-0.000404	0.002981
HG00632	-0.106922	0.149628	-0.020534	-0.013490	-0.003174	-0.001865	0.001014	0.000649	0.008686	-0.000899
HG00634	-0.098475	0.118341	-0.010889	0.003730	0.000261	-0.002900	0.001820	0.001992	-0.000653	0.001454
HG00637	-0.037462	-0.050157	-0.030624	0.002976	-0.006123	0.008339	-0.005486	0.001245	0.001360	0.002514
HG00638	-0.012822	-0.033507	-0.049194	0.054001	0.005144	-0.026256	0.001954	-0.000818	0.008240	0.003774
HG00640	-0.072235	-0.074819	-0.036070	-0.026365	0.001420	0.003143	-0.002198	-0.000794	-0.004692	0.000280
HG00641	-0.044684	-0.083733	-0.044969	-0.000021	0.009324	0.008977	-0.003790	0.001788	0.000228	0.004289
HG00650	-0.103205	0.124954	-0.015479	-0.020634	0.000441	0.003419	0.002150	0.001166	0.001046	-0.001835
HG00651	-0.093145	0.133109	-0.018722	-0.016698	0.002713	-0.002194	0.000550	0.000394	0.002740	0.002450
HG00653	-0.101633	0.132595	0.000157	-0.026423	-0.005238	-0.000968	0.001881	0.001782	-0.002162	0.000466
HG00654	-0.100768	0.144017	0.006671	-0.029618	-0.001155	0.001750	0.000596	0.001776	-0.000817	-0.003265
HG00656	-0.101951	0.138444	-0.004356	-0.025636	-0.003062	-0.000902	0.001140	0.000434	0.001941	0.003740
HG00657	-0.092281	0.124910	-0.020542	-0.031191	-0.001241	0.000826	0.000636	-0.000829	0.003935	0.000172
HG00662	-0.101700	0.136936	-0.018885	-0.024604	-0.004770	-0.001135	0.002465	0.003287	-0.000536	0.002006
HG00663	-0.099475	0.142125	-0.030982	-0.029898	-0.000568	-0.001211	-0.000157	0.003385	-0.000248	0.002002
HG00671	-0.104352	0.139531	-0.017486	-0.022631	-0.000578	0.000582	0.001380	-0.003507	-0.001278	-0.000488
HG00672	-0.098626	0.122777	-0.006607	-0.001465	-0.004726	-0.002460	0.000851	0.002177	-0.002268	-0.001414
HG00674	-0.098636	0.129592	-0.012925	0.007145	0.000482	-0.008881	0.003170	0.001835	0.010592	-0.002195
HG00675	-0.105294	0.130554	-0.013810	-0.038297	-0.002263	0.003995	-0.000468	0.001241	0.000456	0.003828
HG00683	-0.100531	0.138822	-0.024141	-0.026925	0.000311	-0.001131	0.001509	0.002342	0.001159	-0.000837
HG00684	-0.098904	0.134140	-0.021570	-0.012051	-0.000058	-0.000983	0.000993	0.002132	0.002292	0.000682
HG00689	-0.094418	0.120474	-0.019812	-0.029880	0.004812	-0.001702	0.001913	-0.001480	0.003645	0.001104
HG00690	-0.092196	0.116186	-0.009503	-0.021634	-0.002725	0.000336	-0.001667	-0.001784	0.003365	-0.003821
HG00692	-0.096367	0.135486	-0.016919	-0.017479	-0.002193	0.001287	-0.002140	0.003365	0.000883	-0.000736
HG00693	-0.098794	0.126010	-0.025407	-0.029218	-0.002732	0.003321	0.000314	0.001351	0.001022	-0.001031
HG00698	-0.099014	0.126023	-0.008357	-0.003867	-0.003781	-0.001955	0.000963	0.001001	-0.002242	0.001051
HG00699	-0.099841	0.130518	-0.017038	-0.017175	-0.001925	-0.002010	-0.001488	-0.000240	-0.001830	0.002758
HG00701	-0.098558	0.124023	-0.024935	-0.024902	0.000186	0.001889	-0.000819	-0.000689	0.000096	0.001772
HG00704	-0.111005	0.130080	-0.017402	-0.010805	-0.000204	0.000045	0.002462	-0.000770	-0.003378	0.000403
HG00705	-0.098311	0.123428	-0.015154	-0.027292	-0.001308	-0.002612	0.002655	0.002948	-0.000679	-0.001587
HG00707	-0.098302	0.123490	-0.013345	-0.010903	0.001195	0.001592	-0.002960	0.000918	0.000771	0.001745
HG00708	-0.097326	0.133319	-0.018665	-0.016068	0.001848	0.003427	0.001514	0.001298	-0.000330	-0.001654
HG00717	-0.097591	0.133418	-0.023041	-0.022272	0.002665	0.001698	-0.000769	-0.002796	0.007599	-0.000526
HG00728	-0.103708	0.137752	-0.012777	-0.027059	0.000540	0.002465	-0.002087	-0.001297	-0.006011	0.001348
HG00729	-0.107079	0.134784	-0.012889	-0.017417	-0.002348	-0.000763	-0.000705	-0.002987	-0.001947	0.001759
HG00731	-0.064249	-0.101204	-0.060319	-0.059551	0.002058	0.001141	0.001926	-0.000554	-0.000997	-0.002505
HG00732	-0.057860	-0.082370	-0.027623	-0.029808	-0.001080	0.000576	-0.004107	0.005839	-0.000377	0.001878
HG00734	-0.024207	-0.057917	-0.037067	0.014533	0.004499	0.002911	0.002117	-0.002328	0.001113	-0.000090
HG00736	-0.073969	-0.082926	-0.042852	-0.009526	0.005392	-0.004215	0.001993	0.000763	0.005488	0.000921
HG00737	-0.056501	-0.079878	-0.043625	0.008098	-0.000964	0.002974	0.001362	0.001163	0.005504	-0.005653
HG00739	-0.071019	-0.090618	-0.024260	-0.038939	0.000583	-0.002422	0.000750	0.000747	-0.001877	0.003202
HG00740	-0.055456	-0.065691	-0.042509	0.026690	0.001527	0.002928	0.005931	0.001216	-0.000669	0.011850
HG00742	-0.046738	-0.070462	-0.025495	-0.033485	0.001587	0.004429	-0.004790	0.003250	-0.001525	0.000900
HG00743	-0.056850	-0.076648	-0.045534	0.016641	-0.005747	-0.001540	0.000074	0.002669	-0.000147	0.001177
HG00759	-0.108101	0.139409	-0.024883	-0.035075	-0.003262	0.001950	-0.000548	-0.002279	0.003396	0.003506
HG00766	-0.103265	0.146836	-0.004525	-0.039441	0.000284	0.001157	0.001044	-0.000364	0.000705	-0.003520
HG00844	-0.104949	0.149735	-0.010145	-0.038440	-0.001451	0.003672	-0.000801	-0.000365	0.001104	-0.001796
HG00851	-0.100176	0.151560	-0.015891	-0.033331	0.001335	-0.001774	0.000780	0.005410	0.006396	0.001398
HG00864	-0.099891	0.133231	-0.002749	-0.035974	-0.004047	0.002794	0.003255	-0.001128	-0.001400	0.001977
HG00867	-0.095223	0.144369	-0.007346	-0.030772	-0.002579	0.007117	0.000825	0.005275	0.003142	0.001478
HG00879	-0.093065	0.131545	-0.008062	-0.007065	0.000148	0.003154	0.001770	-0.000797	0.002497	0.000169
HG00881	-0.100879	0.145566	-0.012319	-0.028595	0.001081	0.006437	-0.002630	0.000067	0.000330	-0.001402
HG00956	-0.098283	0.144552	-0.028190	-0.036093	0.007078	-0.000982	0.001008	0.003571	0.002419	0.003338
HG00978	-0.100160	0.130590	-0.022924	-0.014825	0.002096	0.002901	0.001328	0.001348	0.001275	0.002229
HG00982	-0.091586	0.119144	-0.020078	0.002708	0.001871	-0.003617	-0.000413	-0.000806	0.000071	0.000315
HG01028	-0.106741	0.159225	-0.008456	-0.020347	0.000551	0.004994	-0.000447	0.002648	0.002622	-0.000457
HG01029	-0.097939	0.147181	-0.003427	-0.011333	0.001863	0.000854	0.001295	0.003810	-0.000020	0.003904
HG01031	-0.092545	0.134061	-0.018335	-0.026005	0.000245	0.003066	0.000029	-0.000199	0.004624	-0.001313
HG01046	-0.096086	0.129593	-0.008791	-0.004325	0.000456	-0.004112	-0.000058	-0.000699	0.005748	0.003657
HG01047	-0.067819	-0.079557	-0.032473	-0.012294	-0.003144	0.002249	-0.000647	-0.002132	0.001644	0.000005
HG01048	-0.068909	-0.033289	-0.060711	0.051915	-0.002569	-0.000342	0.000451	0.001387	-0.005476	-0.000964
HG01049	0.047949	-0.031469	-0.020865	0.018323	0.046429	0.019283	0.017550	-0.004764	0.010854	-0.009621
HG01051	-0.047881	-0.063505	-0.044402	-0.003932	-0.003493	0.010612	-0.000889	0.005221	-0.001265	-0.000976
HG01052	-0.006199	-0.062109	-0.028384	-0.023162	0.000606	0.003842	-0.004299	-0.002890	0.002009	0.007991
HG01054	-0.061439	-0.068183	-0.049219	0.042244	-0.005000	0.002692	-0.001928	0.002948	0.001568	-0.003074
HG01055	-0.044224	-0.078976	-0.065478	0.007830	0.006391	-0.005831	-0.000114	0.000629	0.001906	-0.009594
HG01058	-0.063929	-0.044818	-0.064229	0.023315	-0.001122	-0.003307	-0.001653	0.003615	0.003464	0.009489
HG01060	-0.063161	-0.071560	-0.032264	-0.031140	0.000260	-0.001210	0.002919	0.001845	0.002618	0.002193
HG01061	-0.052096	-0.079032	-0.043400	-0.041596	-0.001619	0.004581	0.003536	0.000018	-0.006196	0.001836
HG01063	0.020492	-0.065524	-0.034597	-0.022148	-0.002806	0.011306	-0.005732	0.004941	0.004311	-0.003645
HG01064	-0.058668	-0.044518	-0.058251	0.038885	0.000825	0.001063	-0.003213	-0.000491	-0.001990	-0.000040
HG01066	-0.067309	-0.053646	-0.069766	0.025579	0.002542	-0.000593	-0.000343	-0.000079	-0.002967	0.003834
HG01067	-0.059342	-0.096880	-0.031286	-0.038536	0.002392	-0.000477	-0.000254	-0.000702	0.003850	-0.001867
HG01069	-0.065728	-0.079479	-0.042434	-0.034778	-0.003562	0.000017	-0.002539	-0.005927	-0.003960	-0.003798
HG01070	-0.046129	-0.056852	-0.029025	0.009368	0.003195	0.005224	0.001474	0.001674	0.011203	0.000287
HG01072	-0.073308	-0.063638	-0.055536	0.039846	-0.003666	-0.001359	-0.000513	-0.000687	0.000379	0.002422
HG01073	-0.049561	-0.019796	-0.047695	0.060957	-0.003541	0.002525	0.003161	0.003523	0.002102	0.000297
HG01075	-0.073319	-0.089977	-0.041102	-0.026597	0.000379	0.003695	-0.001260	0.003437	0.000394	0.004586
HG01077	-0.065784	-0.087727	-0.043872	-0.013808	0.003254	0.002849	0.001006	0.002355	0.006201	0.002616
HG01079	-0.077686	-0.075002	-0.049165	-0.027569	-0.004670	0.005790	-0.001624	0.001346	-0.001437	0.000603
HG01080	-0.062424	-0.076598	-0.048059	-0.011025	0.003195	0.001981	0.001483	0.001449	-0.003914	0.002947
HG01082	-0.086105	-0.034782	-0.063031	0.097803	-0.001201	-0.001828	-0.001968	-0.000604	-0.006339	-0.001944
HG01083	0.026140	-0.043731	-0.038509	0.005049	-0.021985	0.029989	-0.010039	0.000347	0.012470	0.006520
HG01085	-0.073445	-0.063379	-0.047312	0.002231	0.001664	0.003184	-0.001505	-0.000762	0.001561	0.008106
HG01086	-0.069045	-0.061919	-0.060568	0.014223	0.002240	-0.000478	0.002567	0.000639	0.002745	0.005103
HG01088	-0.000339	-0.071255	-0.025344	-0.013719	-0.003849	0.011781	-0.002827	-0.006287	-0.003423	0.001890
HG01089	-0.052893	-0.086321	-0.030771	-0.021072	0.005629	0.003613	-0.000481	0.003892	0.010310	-0.002571
HG01092	-0.019694	-0.059434	-0.054340	0.001805	0.001692	-0.000887	-0.004255	0.000488	-0.001279	0.002773
HG01094	-0.042923	-0.065381	-0.034785	0.004046	0.004160	-0.000085	0.007673	-0.002336	0.005804	-0.002872
HG01095	-0.054497	-0.093262	-0.042232	-0.039988	0.000565	0.001778	-0.005388	0.000591	-0.004831	-0.004173
HG01097	-0.045040	-0.065462	-0.041396	-0.014892	-0.005550	0.005593	0.003443	-0.003271	-0.002099	-0.001156
HG01098	-0.031840	-0.077017	-0.048166	0.046685	-0.002302	0.011667	-0.002707	-0.007239	0.006859	-0.002956
HG01101	0.013149	-0.039188	-0.042395	0.010818	0.007850	-0.000559	-0.005222	0.001283	0.005560	0.008497
HG01102	0.069244	-0.045417	-0.015064	0.012701	0.001953	-0.001152	0.009894	-0.005769	0.009128	-0.002510
HG01104	-0.073370	-0.084655	-0.037452	-0.016863	-0.000310	-0.000968	0.001419	0.001931	0.003217	-0.004218
HG01105	-0.059752	-0.090091	-0.024587	-0.048874	0.000474	-0.005587	0.001151	0.004269	0.008911	-0.000675
HG01107	-0.043035	-0.090093	-0.036670	-0.029602	-0.001828	0.007025	-0.002156	0.002296	0.001140	-0.003324
HG01108	0.138818	-0.023698	-0.013735	0.001621	-0.024514	0.012067	0.002170	-0.014581	-0.000952	0.007391
HG01110	-0.075554	-0.056016	-0.055206	0.074035	-0.000820	-0.002915	0.001399	-0.001719	0.002610	-0.001023
HG01111	-0.066931	-0.062961	-0.037909	0.016522	-0.003444	-0.000510	-0.002373	-0.002872	-0.000492	-0.002777
HG01112	-0.063134	-0.080496	-0.037718	-0.043086	0.000339	-0.001176	0.002673	0.005759	0.005079	0.000665
HG01113	-0.071572	-0.045638	-0.048470	0.040753	0.000971	0.000442	-0.003722	0.000912	-0.005768	0.001732
HG01119	-0.084042	-0.032781	-0.062613	0.083419	0.000783	0.003333	-0.001812	-0.004149	-0.002397	0.001872
HG01121	-0.078785	-0.054373	-0.062160	0.096696	-0.000054	0.006786	-0.002809	-0.000960	-0.002559	-0.002327
HG01122	-0.062147	-0.033022	-0.054700	0.108643	0.005007	0.003488	-0.001488	-0.005961	-0.001882	0.006950
HG01124	-0.059716	-0.073727	-0.036858	0.013901	-0.006023	0.009350	0.001801	-0.004017	0.005462	-0.001866
HG01125	-0.069481	-0.073928	-0.041881	-0.011550	-0.005993	-0.001750	-0.004550	0.000602	-0.002968	0.001693
HG01130	-0.070546	-0.065446	-0.042764	-0.002719	0.002250	0.002447	-0.002204	0.001434	-0.001896	0.003178
HG01131	-0.038401	-0.067211	-0.049545	0.011775	-0.003656	0.006325	-0.000745	-0.000610	0.000052	-0.006657
HG01133	-0.084457	-0.050911	-0.068733	0.138824	0.005539	0.009223	-0.001737	0.001320	0.000249	-0.000826
HG01134	-0.062890	-0.098559	-0.039482	-0.032796	0.002420	0.001211	0.001441	0.005135	-0.000181	-0.002989
HG01136	-0.000666	-0.031322	-0.043795	0.095082	0.001285	-0.003541	0.003191	-0.004279	0.001752	0.000141
HG01137	-0.051668	-0.045232	-0.057928	0.091826	0.008403	0.002678	-0.006222	-0.002804	-0.005526	0.004085
HG01139	-0.064071	-0.066715	-0.032946	0.005247	0.001283	0.012303	0.026860	-0.004321	0.000464	0.004441
HG01140	-0.081568	-0.045133	-0.035688	0.058757	-0.001407	0.004449	-0.000764	0.000513	0.001362	0.000640
HG01142	-0.007472	-0.051396	-0.037667	-0.000050	0.000857	-0.000360	-0.005367	-0.004310	-0.008525	0.001368
HG01148	-0.073490	-0.075809	-0.042823	-0.009178	0.002616	-0.002361	-0.000564	0.000868	0.001353	0.003994
HG01149	-0.078930	-0.046419	-0.043436	0.059959	0.001911	-0.001511	-0.004738	-0.001264	-0.001217	-0.002115
HG01161	-0.051074	-0.068524	-0.050612	-0.004777	-0.001433	0.007102	-0.005010	0.004961	0.000194	-0.006734
HG01162	-0.061664	-0.076495	-0.037886	0.001381	0.002927	0.003380	-0.004448	-0.001747	0.000540	-0.001894
HG01164	-0.072218	-0.064827	-0.057084	0.033847	0.001731	-0.003333	-0.001673	-0.003408	-0.001687	-0.001089
HG01167	-0.020488	-0.090300	-0.037245	-0.009265	0.001146	0.004687	-0.003023	-0.003264	-0.002563	-0.000063
HG01168	-0.053024	-0.064074	-0.032522	-0.020183	0.000083	-0.002469	-0.001489	0.002915	-0.003384	-0.005047
HG01170	-0.033950	-0.050320	-0.040816	0.008308	-0.007504	0.013732	0.000842	0.000293	0.004293	-0.017042
HG01171	-0.067713	-0.054172	-0.049912	0.058026	0.000995	0.000951	-0.001386	0.001618	-0.002508	0.000157
HG01173	-0.052539	-0.088274	-0.035221	-0.035668	-0.002794	0.000967	-0.000409	-0.000374	-0.002593	0.000223
HG01174	-0.063208	-0.092794	-0.038337	-0.024424	0.002540	0.000898	-0.001198	-0.000475	0.002104	0.001299
HG01176	-0.044697	-0.064630	-0.045667	0.017262	-0.002304	-0.001529	0.001621	0.000894	0.004779	-0.003714
HG01177	-0.048816	-0.094613	-0.048314	-0.003015	-0.000224	0.008106	0.001688	-0.009656	0.001905	-0.003675
HG01182	-0.038544	-0.079666	-0.042337	-0.011938	0.001679	0.001190	0.002207	0.004698	0.000138	0.000425
HG01183	-0.037391	-0.094915	-0.042566	-0.044843	-0.000031	0.000820	-0.003021	-0.001565	-0.006073	-0.004905
HG01187	-0.057132	-0.024905	-0.047556	0.062158	0.006056	-0.001579	0.000125	-0.004529	-0.004836	0.002863
HG01188	-0.000689	-0.074873	-0.013067	-0.003092	-0.005844	0.003252	0.006852	-0.003467	-0.004209	-0.002267
HG01190	-0.018634	-0.088130	-0.046963	-0.018883	-0.009376	-0.002463	0.002083	-0.001550	-0.006361	-0.004272
HG01191	-0.026649	-0.015959	-0.053623	0.093221	-0.003445	0.025238	-0.005949	0.001738	0.009931	0.006318
HG01197	-0.056221	-0.052449	-0.063161	0.084580	-0.001495	-0.000939	-0.002206	-0.000497	-0.005782	0.000973
HG01198	-0.012777	-0.062337	-0.038796	-0.009341	0.004659	-0.013609	0.000880	0.002438	-0.003269	0.001826
HG01200	-0.062236	-0.062170	-0.047077	-0.012054	0.003877	-0.000147	-0.004013	0.000443	-0.002350	0.002974
HG01204	-0.068163	-0.073005	-0.053643	-0.009147	0.000163	0.002169	-0.001256	-0.000918	-0.001779	0.002374
HG01205	-0.077132	-0.083219	-0.038335	-0.032303	0.000881	0.004982	-0.002168	0.000030	-0.001786	-0.001545
HG01241	0.082733	-0.038438	-0.021063	-0.021135	0.017014	-0.039968	0.004989	-0.001269	0.022426	-0.025240
HG01242	0.169640	-0.007209	-0.010486	-0.010365	0.022725	-0.041830	0.008957	-0.003614	-0.017975	0.008185
HG01247	-0.003122	-0.059989	-0.044840	-0.008550	-0.016576	0.005178	-0.002568	0.003728	0.007368	0.001432
HG01248	-0.054112	-0.099705	-0.029870	-0.044027	-0.002066	0.000405	0.001888	0.002777	0.001178	0.000023
HG01250	-0.071405	-0.074248	-0.026503	-0.010552	0.004028	0.003761	-0.000373	0.000708	0.001590	-0.001002
HG01251	-0.077576	-0.050128	-0.056573	0.080006	-0.000022	-0.000585	-0.003047	-0.005007	-0.000445	0.001418
HG01253	-0.073637	-0.086945	-0.052497	0.011047	0.003022	0.006580	-0.000350	-0.000776	-0.006195	-0.005149
HG01254	-0.055076	-0.046116	-0.042830	0.072750	0.003909	0.001279	0.001109	0.001318	-0.001467	-0.001814
HG01256	-0.069641	-0.076161	-0.029046	0.003767	-0.003386	0.000129	-0.002476	-0.007385	-0.000745	-0.000723
HG01257	-0.046844	-0.083888	-0.021960	0.001720	-0.002262	0.003093	0.003945	-0.003595	0.006137	-0.003210
HG01259	-0.062223	-0.085817	-0.030430	-0.035193	-0.001304	-0.000698	-0.001214	-0.003423	0.006169	0.001218
HG01260	-0.050008	-0.023308	-0.064891	0.113896	0.006440	-0.007706	-0.002819	0.003236	-0.003966	-0.003222
HG01269	-0.082260	-0.063779	-0.047189	0.022040	0.001048	0.000859	-0.003914	-0.003358	-0.004761	0.002268
HG01271	-0.058436	-0.080164	-0.043084	-0.015840	-0.000603	-0.006267	-0.002805	-0.009455	0.008693	-0.003487
HG01272	0.020934	-0.002258	-0.026933	0.091971	-0.009472	-0.004787	-0.001609	-0.002719	-0.002523	-0.022740
HG01275	-0.087785	-0.089207	-0.043553	-0.051144	0.000657	-0.004205	0.000219	-0.001985	-0.000185	0.000208
HG01277	-0.063932	-0.065107	-0.047230	0.037463	0.001696	0.005863	0.000412	0.001223	-0.003115	0.001315
HG01280	-0.059763	-0.086610	-0.050744	-0.033901	0.000716	0.006784	-0.002956	-0.002289	0.003449	-0.002794
HG01281	-0.068366	-0.084458	-0.040178	-0.030175	-0.001225	0.008721	-0.001854	0.001188	-0.000513	0.000053
HG01284	-0.079946	-0.081368	-0.032574	-0.034889	-0.003007	0.004403	0.002273	0.003029	0.000262	0.000605
HG01286	0.043288	-0.049011	-0.029595	0.006130	0.000520	0.005747	-0.007690	0.008939	0.016570	0.020896
HG01302	-0.057958	-0.080727	-0.054085	0.001850	0.003067	0.002115	-0.002016	0.003510	-0.000219	0.001729
HG01303	-0.035798	-0.102349	-0.040161	-0.045381	0.001154	0.004834	-0.002346	0.001599	0.002356	0.003483
HG01305	0.045017	-0.044730	-0.032377	-0.001314	-0.009614	-0.017099	-0.000114	-0.000596	0.005223	0.007196
HG01308	-0.001282	-0.066849	-0.045370	-0.037369	-0.001339	0.024670	-0.003942	-0.007675	0.003082	0.008007
HG01311	-0.058724	-0.068310	-0.046655	-0.037961	0.005126	0.004599	-0.000533	0.001026	0.006391	0.002060
HG01312	-0.065152	-0.062238	-0.037798	-0.008164	-0.000444	0.003261	0.000224	0.001834	-0.006516	0.002027
HG01323	-0.069530	-0.062771	-0.055084	0.033590	0.001054	-0.001482	-0.002794	-0.001301	0.000796	0.000567
HG01325	0.004560	-0.069286	-0.019747	-0.011325	-0.005328	0.013012	0.000464	-0.003107	0.002293	0.003366
HG01326	-0.057960	-0.077602	-0.041284	-0.008824	0.003049	0.008008	-0.000706	-0.007585	0.000957	0.001080
HG01334	-0.074662	-0.096652	-0.043204	-0.042459	-0.002091	0.001007	-0.000877	0.002615	-0.001963	0.000111
HG01341	-0.085269	0.006546	-0.072907	0.143221	0.003449	0.002323	-0.006597	-0.000709	-0.001249	-0.000206
HG01342	-0.012562	-0.009690	-0.046834	0.064576	-0.006010	-0.010190	-0.001210	-0.002468	0.007500	-0.002939
HG01344	-0.050499	-0.058953	-0.048260	0.060916	0.000666	0.000604	0.000983	0.000511	0.003566	-0.001877
HG01345	-0.073259	-0.053346	-0.061166	0.037636	0.000342	-0.001000	-0.006046	-0.000731	0.000110	-0.000232
HG01348	-0.080094	-0.027654	-0.068258	0.125536	0.006024	-0.003006	-0.002489	-0.005519	-0.001583	-0.005080
HG01350	-0.058612	-0.043484	-0.055566	0.028831	-0.007377	0.000941	-0.000103	0.004259	0.002597	0.000216
HG01351	-0.079322	-0.069852	-0.048575	0.032437	0.001138	0.002530	-0.001417	-0.000921	-0.003280	0.004415
HG01353	-0.075876	-0.061560	-0.052514	0.050554	-0.000583	0.004394	0.001010	0.001932	0.001009	0.000434
HG01354	-0.075708	-0.054452	-0.056784	0.053263	-0.002298	0.006257	-0.002956	-0.002412	0.000188	0.002672
HG01356	-0.032726	-0.032382	-0.056325	0.112952	-0.007614	0.008529	0.002213	-0.001440	0.001663	-0.006519
HG01357	-0.084054	-0.074451	-0.051978	0.013287	-0.000398	-0.000715	-0.000918	-0.000560	-0.000992	-0.001007
HG01359	-0.064885	-0.084657	-0.037024	0.007345	0.000813	-0.001819	0.000900	0.002003	-0.001164	0.002162
HG01360	-0.067746	-0.051858	-0.052981	0.070843	0.001127	-0.002316	0.002157	0.001769	-0.000817	0.002990
HG01362	-0.067905	-0.039059	-0.059047	0.044901	0.007617	-0.000208	0.001085	0.006493	-0.007367	-0.004115
HG01363	-0.020357	-0.039545	-0.042535	0.068093	-0.000454	0.012983	0.007838	0.000057	-0.009250	-0.006610
HG01365	-0.087159	-0.017146	-0.055756	0.050451	-0.001164	0.008337	-0.005422	-0.001910	-0.000983	-0.000394
HG01366	-0.052039	-0.075893	-0.048021	0.049027	0.001478	0.002594	-0.002037	0.002409	0.002229	-0.001120
HG01369	-0.085757	0.000342	-0.065277	0.147549	0.004113	0.002095	-0.003076	-0.006345	-0.002398	-0.002179
HG01372	-0.071750	-0.061788	-0.048943	0.086293	0.002798	-0.004904	-0.002338	-0.007249	-0.004313	-0.001442
HG01374	-0.070058	-0.049363	-0.048720	0.091739	0.002300	-0.000384	0.001506	-0.003833	-0.006543	0.001080
HG01375	-0.013441	-0.035885	-0.045195	0.055032	0.005231	0.019275	0.012975	-0.005899	0.013065	-0.006473
HG01377	-0.083493	-0.043084	-0.071734	0.089099	0.003550	-0.003652	0.002240	0.000804	-0.003207	0.002372
HG01378	-0.070251	-0.075915	-0.040882	0.017045	-0.001507	-0.002030	0.000043	-0.000585	0.003144	-0.001008
HG01383	-0.067060	-0.071630	-0.049964	0.017404	0.001673	0.001673	0.001336	0.000164	0.000409	0.003065
HG01384	-0.000583	-0.047559	-0.036684	0.042372	0.016538	-0.003331	-0.009554	-0.017114	-0.005942	0.004539
HG01389	-0.066320	-0.087738	-0.042861	-0.020582	-0.000928	-0.000230	-0.001413	-0.002541	-0.000613	-0.000348
HG01390	0.063721	-0.023729	-0.037010	0.045430	-0.012345	-0.022127	0.001913	-0.005991	-0.007895	-0.003831
HG01392	0.025920	-0.058127	-0.031698	-0.010805	-0.009294	0.033432	-0.004725	0.009668	0.010493	0.006765
HG01393	-0.059976	-0.084223	-0.027642	-0.006697	-0.001941	0.005663	0.003065	-0.001270	-0.005545	-0.005141
HG01395	-0.079168	-0.055182	-0.034756	0.012922	0.001019	-0.004684	0.002040	0.001689	0.003866	0.001635
HG01396	-0.030543	-0.079708	-0.031329	-0.011541	-0.004570	0.004457	-0.001775	0.005602	-0.005946	-0.003808
HG01398	-0.077896	-0.080777	-0.048992	0.004771	0.002543	-0.002985	-0.001185	0.004129	0.000868	0.001114
HG01402	-0.002084	-0.047637	-0.036834	0.038621	-0.000746	-0.016753	0.000561	0.002697	-0.006135	-0.011142
HG01403	-0.014949	-0.042920	-0.031759	0.069571	-0.001200	0.015387	-0.001796	-0.007004	0.000968	0.006061
HG01405	-0.038669	-0.072269	-0.039838	-0.046317	-0.000686	0.016019	-0.000763	-0.005786	0.004879	0.004150
HG01412	-0.025251	-0.074354	-0.027678	0.002650	-0.004310	-0.007414	0.001011	-0.000554	-0.010238	-0.002863
HG01413	-0.040739	-0.021933	-0.049824	0.079245	-0.004345	0.006958	-0.005390	0.004464	0.007669	0.010178
HG01414	-0.015246	-0.027173	-0.048130	0.017947	0.014039	-0.000785	-0.005785	0.005469	0.000078	0.009106
HG01431	-0.014806	-0.073446	-0.044622	-0.031644	0.002412	-0.003784	0.000502	0.002617	-0.005071	0.016211
HG01432	-0.073606	-0.066442	-0.060788	-0.018470	-0.001201	0.000867	0.003380	0.003737	0.002663	0.005921
HG01435	-0.046118	-0.036713	-0.053648	0.063135	-0.003082	0.000678	-0.003508	-0.000244	-0.000669	0.003081
HG01437	-0.064189	-0.073225	-0.043920	-0.011393	0.002032	0.001231	0.000199	0.002186	0.002843	0.000077
HG01438	-0.073912	-0.079672	-0.052117	-0.054495	0.002581	0.004894	0.002069	0.000928	-0.002895	0.005065
HG01440	-0.026158	-0.073870	-0.042186	0.019820	-0.004580	-0.009020	-0.001661	0.000203	-0.000460	0.002410
HG01441	-0.078774	-0.016093	-0.049834	0.071931	0.000612	-0.004375	-0.003001	0.000856	-0.001685	0.001785
HG01443	-0.086088	-0.023650	-0.084764	0.154634	0.000488	0.002952	-0.003384	0.001892	-0.004640	0.002066
HG01444	0.011125	-0.057701	-0.038582	0.014312	-0.004746	0.004992	0.003463	0.015527	0.003531	0.007117
HG01447	-0.052304	-0.063119	-0.044233	0.005286	0.000661	-0.002799	-0.003720	-0.001738	0.002920	0.003087
HG01455	-0.070566	-0.072321	-0.054558	0.046366	0.002056	0.005303	0.000253	0.000439	0.001369	0.004231
HG01456	-0.089184	-0.058597	-0.055909	0.027501	-0.001072	-0.001466	-0.001339	0.000250	-0.000591	0.000554
HG01459	-0.068554	-0.058004	-0.057293	0.016210	0.000106	0.000720	-0.000652	0.001455	-0.001982	0.001453
HG01461	-0.064749	-0.013222	-0.049515	0.083967	-0.000873	0.002766	0.003901	0.005421	-0.002844	-0.004321
HG01462	-0.041146	-0.031510	-0.059643	0.126058	-0.001876	-0.007960	-0.003264	0.003340	-0.002979	-0.004775
HG01464	0.013442	-0.026841	-0.033919	0.011164	0.003625	0.007479	-0.003708	-0.002779	-0.002021	-0.001875
HG01465	-0.082259	-0.079392	-0.055702	0.013094	-0.000329	0.002753	0.001194	0.000613	-0.005356	0.003518
HG01468	-0.073501	-0.096941	-0.047089	-0.032920	0.004147	0.001088	-0.001563	-0.003686	-0.004356	0.001749
HG01474	-0.059358	-0.090640	-0.045189	-0.028868	-0.001597	-0.002823	0.004382	0.002403	-0.001064	-0.000604
HG01479	-0.010905	-0.058089	-0.048711	0.008403	0.004468	-0.008604	-0.001563	-0.003978	0.003966	-0.014614
HG01485	0.052173	-0.026769	-0.024963	0.021525	0.028675	0.011488	-0.012779	-0.007222	0.020329	0.016912
HG01486	-0.069099	-0.070953	-0.051018	0.014898	0.003219	0.006151	-0.002731	-0.001178	-0.007351	0.000445
HG01488	-0.054237	-0.052318	-0.035746	0.070559	-0.000710	0.000441	0.001045	-0.000400	0.001390	-0.003018
HG01489	-0.062418	-0.100758	-0.008763	-0.031254	-0.000256	0.002259	-0.000525	0.000694	0.001388	-0.001691
HG01491	-0.063059	-0.065715	-0.032501	0.011179	0.001719	0.000130	0.003171	0.000158	-0.003636	0.005895
HG01492	-0.064219	-0.102242	-0.050675	-0.041212	-0.002711	0.003039	-0.002196	-0.001039	-0.001731	-0.000518
HG01494	0.059577	-0.020177	-0.044192	0.033636	-0.000508	-0.033471	0.003942	-0.003481	0.008259	0.002178
HG01495	-0.031472	-0.056404	-0.038453	0.013119	0.001778	-0.009161	0.002468	0.009973	0.000505	0.006045
HG01497	-0.072034	-0.068431	-0.050778	0.035106	-0.003576	0.001296	-0.001228	-0.003228	-0.000270	0.000906
HG01498	-0.062256	-0.065095	-0.047318	-0.015687	0.003692	-0.004490	0.000693	0.000592	-0.002840	0.004775
HG01500	-0.072059	-0.091093	-0.024014	-0.023447	0.001455	0.003640	0.001869	-0.002548	0.001708	0.000056
HG01501	-0.065306	-0.086929	-0.049148	-0.054114	-0.000828	-0.001141	0.000519	-0.002149	-0.004901	0.006043
HG01503	-0.066494	-0.101087	-0.035814	-0.057888	-0.004912	0.001499	0.001142	-0.003068	-0.003105	-0.005328
HG01504	-0.073897	-0.087194	-0.034687	-0.054685	-0.003324	0.006666	-0.001936	-0.001150	-0.005651	-0.000727
HG01506	-0.059448	-0.097632	-0.041873	-0.029815	0.005135	-0.003447	0.001604	0.001893	0.007874	0.003451
HG01507	-0.071210	-0.103386	-0.034492	-0.037584	-0.004537	0.009165	-0.000972	0.007739	0.001467	0.000043
HG01509	-0.071528	-0.085811	-0.026614	-0.052734	-0.002534	0.000837	0.006950	-0.003999	0.002486	0.000417
HG01510	-0.061354	-0.106279	-0.044765	-0.053186	0.003760	0.001209	-0.001549	-0.004582	-0.003584	-0.001840
HG01512	-0.073172	-0.118099	-0.045772	-0.027893	0.001226	0.003292	0.002072	0.001958	0.003499	0.001448
HG01513	-0.066753	-0.089783	-0.035100	-0.038915	-0.003553	0.006245	0.000332	0.001686	0.002219	-0.000520
HG01515	-0.065124	-0.101906	-0.057587	-0.055765	-0.001394	0.000464	-0.000075	0.004755	-0.001637	-0.000846
HG01516	-0.063310	-0.103193	-0.047051	-0.042072	-0.005088	-0.001118	-0.000857	0.002046	0.000837	-0.000590
HG01518	-0.072536	-0.085580	-0.046358	-0.050754	-0.000523	0.001145	-0.001287	-0.001646	-0.003450	-0.000858
HG01519	-0.077088	-0.091972	-0.031526	-0.032385	0.003353	-0.000089	0.001554	0.004008	-0.001348	0.003384
HG01521	-0.068031	-0.092168	-0.031674	-0.036756	-0.003927	0.003501	-0.000228	0.004705	-0.000830	0.000691
HG01522	-0.071956	-0.086517	-0.023103	-0.037299	0.000185	0.000510	0.003275	-0.000183	0.000246	-0.000470
HG01524	-0.061833	-0.089728	-0.037799	-0.048094	0.003766	0.004352	-0.004407	0.003805	-0.002683	0.000606
HG01525	-0.060032	-0.085665	-0.031056	-0.025768	-0.000641	0.007351	0.000237	0.004612	0.000855	0.000603
HG01527	-0.068634	-0.076172	-0.034436	-0.045347	0.003759	0.001125	-0.000795	0.002177	-0.003486	0.004329
HG01528	-0.062226	-0.093315	-0.037180	-0.046789	-0.005610	-0.003481	0.004137	0.003514	0.002081	-0.002185
HG01530	-0.068768	-0.083545	-0.028152	-0.026205	-0.004757	-0.001290	0.000431	-0.001991	0.001299	0.005822
HG01531	-0.066262	-0.095155	-0.038855	-0.033153	0.004425	-0.002798	-0.003107	0.003337	0.000623	-0.000686
HG01536	-0.061444	-0.093745	-0.045493	-0.034886	0.000828	0.001211	0.000080	-0.007678	-0.006217	0.002950
HG01537	-0.074346	-0.109551	-0.041201	-0.018731	0.000524	-0.002598	-0.001061	0.000377	0.001080	0.001116
HG01550	-0.080752	-0.051240	-0.052600	0.029752	-0.003414	-0.000881	-0.002752	-0.001337	-0.003037	-0.000298
HG01551	0.040137	-0.029878	-0.038360	0.010776	0.034703	-0.017540	0.023846	-0.000841	-0.012132	0.007789
HG01556	0.009713	-0.051835	-0.039206	0.033273	-0.003493	0.001649	0.001933	-0.000272	-0.003069	-0.005998
HG01565	-0.089518	-0.000708	-0.077617	0.181532	0.002039	-0.000780	-0.000988	-0.001004	-0.002574	-0.003251
HG01566	-0.082380	-0.036596	-0.042510	0.080889	0.000512	-0.001298	-0.002074	-0.003140	-0.001653	-0.002064
HG01571	-0.092343	-0.026499	-0.055450	0.106652	-0.000125	0.003721	-0.003365	-0.001124	-0.001751	0.000043
HG01572	-0.088599	0.002985	-0.082393	0.150411	0.002470	0.003442	-0.004981	-0.002558	-0.003052	-0.003965
HG01577	-0.062366	-0.033872	-0.047083	0.079868	0.003503	0.003828	-0.003080	0.001298	0.001936	-0.001673
HG01578	-0.094184	-0.009343	-0.065196	0.137380	0.002798	-0.002582	0.000046	-0.001263	0.000566	0.003272
HG01583	-0.064689	-0.036164	0.088110	0.016919	0.000538	0.001270	0.002126	-0.000588	0.005644	-0.003940
HG01586	-0.074431	-0.059997	0.032069	0.004179	-0.000117	-0.000683	-0.000638	0.004347	0.000149	0.001093
HG01589	-0.072489	-0.048892	0.059828	-0.007531	-0.003967	-0.002420	-0.003503	-0.004969	-0.002680	0.001463
HG01593	-0.078932	-0.068349	0.049031	0.007954	0.000265	0.000108	-0.000094	0.002760	-0.001731	0.002608
HG01595	-0.102351	0.124780	-0.010344	-0.021314	-0.003072	0.002631	-0.000332	0.000918	0.000863	0.003607
HG01596	-0.098729	0.134602	-0.008275	-0.025932	-0.001068	-0.001384	-0.001193	0.000144	-0.000539	0.001578
HG01597	-0.101801	0.137951	-0.015221	-0.023423	0.000886	0.001121	-0.001083	-0.001260	0.000276	-0.000323
HG01598	-0.100682	0.120792	-0.005254	-0.015027	0.002445	0.002891	0.001523	0.000302	-0.001412	0.004701
HG01599	-0.101909	0.145922	-0.017343	-0.041873	-0.000886	-0.000438	0.000993	-0.002401	0.000082	0.000792
HG01600	-0.097949	0.161587	-0.014717	-0.048804	-0.003358	0.000677	-0.000704	0.000820	-0.002595	0.000907
HG01602	-0.067608	-0.087495	-0.039520	-0.019020	-0.001051	0.007654	-0.000415	0.002580	0.004981	0.005646
HG01603	-0.056292	-0.092614	-0.036982	-0.016481	0.003750	-0.002827	0.002436	0.005729	0.001098	-0.000889
HG01605	-0.070057	-0.085173	-0.040264	-0.058462	-0.002181	0.000374	-0.000096	0.000554	-0.001533	0.001220
HG01606	-0.071896	-0.106284	-0.037159	-0.028700	0.000873	0.002071	0.003575	0.009366	0.001941	0.003263
HG01607	-0.069216	-0.092693	-0.026672	-0.044221	-0.002045	-0.001832	-0.003570	0.001323	0.001832	0.002612
HG01608	-0.062579	-0.082520	-0.026445	-0.043967	0.001595	0.001700	0.001070	0.003704	-0.004531	0.002400
HG01610	-0.074631	-0.079940	-0.042112	-0.047595	-0.000657	-0.002316	-0.002100	-0.001260	0.001798	-0.000253
HG01612	-0.065531	-0.105445	-0.034491	-0.029804	0.001013	0.000912	-0.000572	0.002435	-0.003803	0.001563
HG01613	-0.062928	-0.078686	-0.041082	-0.045231	0.003647	-0.002302	0.000013	0.003238	-0.001043	0.002260
HG01615	-0.074049	-0.095964	-0.043782	-0.049377	0.003058	0.001199	0.000343	0.004812	-0.006286	-0.002648
HG01617	-0.065240	-0.086641	-0.041463	-0.053097	-0.003196	0.000261	0.001743	-0.000612	-0.000578	0.003276
HG01618	-0.072144	-0.101476	-0.022534	-0.038109	-0.001669	0.002264	-0.001221	0.001255	0.000318	0.001628
HG01619	-0.075642	-0.106146	-0.032227	-0.053805	0.000681	0.000750	0.002325	0.000414	0.000488	0.001389
HG01620	-0.069171	-0.094260	-0.039995	-0.046420	-0.000914	0.001233	-0.000962	0.000581	-0.002144	0.003813
HG01623	-0.062225	-0.106111	-0.038012	-0.036116	0.002573	0.002454	0.004718	-0.000044	0.000922	0.002764
HG01624	-0.047350	-0.109049	-0.049800	-0.048922	0.006370	0.001843	0.005903	0.007246	-0.002488	0.005304
HG01625	-0.063605	-0.100629	-0.034018	-0.037005	0.003314	-0.000085	-0.000657	-0.003403	0.000755	-0.001621
HG01626	-0.062877	-0.072577	-0.043349	-0.046464	-0.002966	0.002379	-0.003686	0.001256	-0.005662	-0.003758
HG01628	-0.016152	-0.084746	-0.048933	-0.014303	0.015525	0.013193	0.005524	0.001255	0.000908	-0.003440
HG01630	-0.060347	-0.086441	-0.041193	-0.032698	-0.001534	0.001699	0.001192	0.002829	0.003297	0.001721
HG01631	-0.056981	-0.104656	-0.040584	-0.046321	-0.003634	0.004739	0.000746	-0.002819	0.000746	0.004456
HG01632	-0.075297	-0.075829	-0.037241	-0.043100	0.002784	-0.001249	0.000439	0.001318	0.001242	0.000050
HG01668	-0.061028	-0.101313	-0.029055	-0.040783	-0.004622	0.006975	-0.001608	-0.001230	0.000555	0.000610
HG01669	-0.058082	-0.092813	-0.035207	-0.039398	-0.001539	0.001970	0.001552	0.002290	0.006281	-0.001502
HG01670	-0.049482	-0.070875	-0.041853	-0.032357	0.003271	0.006036	-0.000258	0.000024	-0.002847	-0.003671
HG01672	-0.072889	-0.083089	-0.030511	-0.018751	-0.000199	-0.001965	-0.001752	0.000395	-0.002825	0.000821
HG01673	-0.066882	-0.080160	-0.023601	-0.050622	-0.003071	0.003185	-0.000466	0.000009	-0.004074	0.000186
HG01675	-0.072226	-0.095887	-0.040810	-0.036439	0.003907	0.002405	0.003852	0.002524	0.001777	-0.000776
HG01676	-0.076648	-0.105828	-0.049879	-0.035109	0.003263	-0.008197	0.002078	0.000426	0.003782	0.000915
HG01678	-0.077846	-0.088030	-0.037368	-0.039803	0.001215	0.001519	0.004171	0.005773	-0.001973	0.005139
HG01679	-0.067228	-0.092995	-0.028304	-0.036917	-0.000818	-0.000495	0.006102	0.006712	0.000993	0.001965
HG01680	-0.067306	-0.081554	-0.038012	-0.063709	0.002705	0.002878	-0.000114	0.001998	0.002719	0.002855
HG01682	-0.068336	-0.090954	-0.040968	-0.057005	-0.002606	0.001815	-0.001151	0.001657	-0.004601	0.000929
HG01684	-0.072693	-0.100160	-0.043177	-0.040258	-0.001156	0.000171	0.003192	0.002879	0.001011	0.002658
HG01685	-0.043938	-0.073552	-0.040134	-0.033130	-0.003331	-0.001882	0.002027	0.000765	0.002300	0.006342
HG01686	-0.065930	-0.091688	-0.027635	-0.038368	-0.001398	0.003739	-0.000800	-0.001620	0.000250	-0.001319
HG01694	-0.064504	-0.088732	-0.025210	-0.036706	0.004817	-0.002770	0.000075	-0.001716	-0.001491	0.001383
HG01695	-0.059816	-0.076730	-0.029058	-0.033760	-0.002645	0.005274	-0.002260	-0.001406	0.000760	0.000874
HG01697	-0.063649	-0.107537	-0.046242	-0.043217	0.002868	-0.000443	0.001217	0.000547	0.003008	0.001753
HG01699	-0.071741	-0.101526	-0.034652	-0.027305	-0.001358	-0.003326	0.001704	0.002819	0.004156	0.001501
HG01700	-0.068771	-0.093142	-0.047579	-0.050757	-0.000212	0.000277	0.002951	0.007789	0.000523	0.007812
HG01702	-0.078303	-0.110809	-0.024140	-0.045510	-0.003592	0.000040	-0.000265	-0.002260	-0.002267	0.004445
HG01704	-0.068700	-0.094626	-0.023989	-0.019574	-0.000293	0.001403	0.001762	0.003102	0.003423	-0.005656
HG01705	-0.055436	-0.098003	-0.028067	-0.015496	0.001382	-0.006476	0.002116	0.001022	0.007357	0.001417
HG01707	-0.067512	-0.099932	-0.023560	-0.021006	-0.002869	-0.000812	0.002310	0.001028	0.007495	0.000359
HG01708	-0.063926	-0.100667	-0.034406	-0.041182	-0.003251	-0.006152	0.005032	0.001235	-0.003792	0.000693
HG01709	-0.064724	-0.099262	-0.043260	-0.048449	-0.000133	0.002318	0.000794	-0.000787	0.003035	0.004001
HG01710	-0.074315	-0.077429	-0.030355	-0.054334	-0.003997	0.007261	-0.005668	-0.001664	0.001721	0.000410
HG01746	-0.069104	-0.099011	-0.049660	-0.072002	-0.003321	0.004767	0.001845	0.002301	-0.005299	-0.002045
HG01747	-0.070342	-0.094124	-0.032693	-0.027741	0.003084	-0.002471	0.002521	0.004820	0.000930	0.001763
HG01756	-0.068844	-0.092294	-0.052098	-0.055032	-0.002532	0.003615	0.005392	0.001210	-0.001519	0.002312
HG01757	-0.065675	-0.099070	-0.047204	-0.062568	0.004218	0.002868	0.000027	0.005577	-0.000627	0.000130
HG01761	-0.074310	-0.102222	-0.054974	-0.031827	0.000195	0.000898	0.003200	0.002034	-0.000133	0.001020
HG01762	-0.070811	-0.087998	-0.032883	-0.053826	-0.002535	0.007009	-0.004205	0.003693	-0.001995	-0.001028
HG01765	-0.054761	-0.105537	-0.036669	-0.057652	0.003200	-0.004299	0.001812	0.004864	0.003361	0.005178
HG01766	-0.051272	-0.094112	-0.035175	-0.023742	-0.001769	-0.001070	0.002434	0.004537	0.007815	0.006768
HG01767	-0.066580	-0.086245	-0.028716	-0.042278	-0.000688	0.000797	-0.002567	0.000290	-0.000684	-0.002584
HG01768	-0.077009	-0.086803	-0.047093	-0.051467	0.002510	0.002011	-0.000002	0.002011	0.002555	0.001252
HG01770	-0.056835	-0.087504	-0.040216	-0.053246	-0.005373	0.006362	-0.003330	-0.005079	0.000103	-0.002373
HG01771	-0.074729	-0.100649	-0.045212	-0.047857	-0.005246	0.004630	-0.003409	0.003016	-0.002577	-0.001431
HG01773	-0.069936	-0.090724	-0.049319	-0.029370	0.001035	0.004992	-0.002653	-0.002764	-0.002530	0.000986
HG01775	-0.068351	-0.089302	-0.036329	-0.037878	-0.003925	-0.000585	0.001700	-0.001555	-0.000894	0.000384
HG01776	-0.073743	-0.084971	-0.033025	-0.046970	-0.002787	-0.000034	0.002285	-0.001244	-0.000301	-0.000330
HG01777	-0.071777	-0.091606	-0.040089	-0.035974	0.002039	0.003050	-0.002382	0.001075	-0.001031	-0.006399
HG01779	-0.074333	-0.102427	-0.059679	-0.052149	0.004402	0.000404	0.001864	0.008809	0.002648	-0.002482
HG01781	-0.067317	-0.095704	-0.044181	-0.031701	0.000790	-0.000167	0.002102	0.003503	0.002505	0.005176
HG01783	-0.067521	-0.090720	-0.038330	-0.023859	0.000344	0.005009	-0.000068	0.005815	0.001777	0.002282
HG01784	-0.062261	-0.084907	-0.049607	-0.045270	-0.001509	0.001659	-0.000690	0.005428	0.002951	0.000241
HG01785	-0.076892	-0.093232	-0.033016	-0.055018	0.003748	-0.000748	-0.001365	0.002662	0.000442	-0.001009
HG01786	-0.074590	-0.082100	-0.036319	-0.024217	-0.002398	-0.002243	0.004192	0.001475	0.005214	0.000996
HG01789	-0.071194	-0.103910	-0.044760	-0.067113	0.000137	-0.007495	0.001903	-0.000560	0.001905	-0.003151
HG01790	-0.077525	-0.101972	-0.031060	-0.019561	0.002652	0.001379	0.003272	-0.000031	0.000857	0.005996
HG01791	-0.070278	-0.112285	-0.035510	-0.033704	-0.001154	0.002120	-0.002189	-0.000341	0.000860	-0.003087
HG01794	-0.099365	0.133334	0.007885	-0.041885	-0.000844	0.004019	-0.003827	-0.000414	-0.003047	-0.002550
HG01795	-0.101520	0.151396	-0.008371	-0.034342	-0.003973	0.003399	-0.002709	-0.003181	0.003316	0.002859
HG01796	-0.097771	0.141252	-0.029084	-0.031266	-0.006595	0.001273	0.002896	-0.000806	0.003599	-0.000110
HG01797	-0.094825	0.134062	-0.010619	-0.031264	0.002610	-0.000044	0.001813	-0.000111	0.001543	0.000289
HG01798	-0.104910	0.125281	-0.018956	-0.037359	0.002215	-0.000864	-0.000443	0.003468	-0.001294	-0.001425
HG01799	-0.104639	0.154131	-0.017159	-0.049320	-0.001517	-0.003805	-0.000296	-0.000780	0.008729	0.000890
HG01800	-0.095879	0.132619	-0.002902	-0.002825	-0.000490	-0.000505	-0.001073	-0.001635	0.002275	0.001043
HG01801	-0.094877	0.139791	-0.005532	-0.030706	-0.000719	-0.001274	0.000120	0.000315	-0.001227	-0.000852
HG01802	-0.099946	0.147348	-0.014842	-0.032109	-0.000551	-0.002506	-0.001283	0.000038	-0.000715	0.003093
HG01804	-0.100918	0.162420	-0.030473	-0.033430	-0.003584	0.003471	-0.000464	-0.000200	0.003498	-0.001853
HG01805	-0.097129	0.147770	-0.022260	-0.018729	0.003638	0.004453	0.001895	0.003078	0.002157	0.001179
HG01806	-0.094978	0.136676	-0.014239	-0.019312	-0.003173	-0.003663	0.000821	0.000782	0.002578	0.000294
HG01807	-0.099914	0.141928	-0.018166	-0.026085	-0.000581	0.000672	-0.001252	0.003376	0.003485	-0.000133
HG01808	-0.096467	0.139594	-0.014401	-0.037555	0.002190	-0.001377	0.000208	-0.002475	0.003030	0.001973
HG01809	-0.095785	0.136472	-0.019372	-0.030343	-0.000289	-0.002085	0.002410	0.002845	0.000554	-0.002056
HG01810	-0.090648	0.146392	-0.007675	-0.011162	0.001308	0.003519	0.000934	0.002077	0.000327	0.001518
HG01811	-0.098142	0.139526	-0.008167	-0.015038	-0.003933	-0.002373	-0.001670	0.000043	-0.002434	0.002118
HG01812	-0.101457	0.145576	-0.018570	-0.025656	-0.000948	0.002909	0.000253	-0.000239	0.001178	0.002773
HG01813	-0.105583	0.141308	-0.015093	-0.033576	0.001057	0.003066	-0.000625	0.000597	0.007474	0.002534
HG01815	-0.101360	0.144334	-0.020229	-0.037668	0.000718	0.002022	0.000393	0.002079	0.000103	0.001177
HG01816	-0.105480	0.150321	-0.006000	-0.034613	-0.002690	-0.000359	-0.001235	0.002115	0.002833	0.000156
HG01817	-0.104131	0.113464	-0.001052	-0.009154	0.001084	-0.001949	0.001461	-0.000972	0.006495	0.000840
HG01840	-0.100905	0.136687	-0.021458	-0.047921	-0.000490	0.000725	-0.000285	0.000995	0.006430	0.001023
HG01841	-0.100080	0.158545	-0.017350	-0.019117	0.001738	0.002350	0.002069	0.000587	0.004247	-0.000875
HG01842	-0.101602	0.124037	-0.003210	-0.008442	-0.006773	-0.000757	0.001879	0.001122	0.004008	0.002423
HG01843	-0.100128	0.133459	-0.006189	-0.037994	-0.002058	0.000248	-0.000343	0.000503	0.002908	0.001613
HG01844	-0.099456	0.111539	-0.006246	-0.041380	-0.006135	0.002631	-0.001223	0.002583	0.004340	0.003042
HG01845	-0.100743	0.140627	-0.013595	-0.027185	-0.000032	0.002300	0.000306	0.003791	0.000915	0.004094
HG01846	-0.088591	0.121385	0.009320	-0.019193	-0.002426	0.002271	0.002401	-0.000489	0.003171	0.004823
HG01847	-0.091878	0.129874	-0.004407	-0.018157	-0.001804	0.002770	-0.000660	-0.002120	0.000741	-0.001741
HG01848	-0.104706	0.129811	0.004258	-0.027005	0.000498	0.002504	0.000947	0.001307	0.001310	0.002080
HG01849	-0.103584	0.129660	-0.009240	-0.007944	-0.000939	0.001236	-0.000275	0.000869	-0.002158	-0.001531
HG01850	-0.096245	0.130007	-0.007893	-0.039856	-0.001724	0.002954	-0.003639	-0.002512	0.001587	-0.000365
HG01851	-0.092784	0.138404	-0.012583	-0.038663	-0.001727	-0.000613	0.001977	0.004375	0.000343	-0.001792
HG01852	-0.093617	0.125510	0.009081	-0.019559	0.000337	-0.006330	0.000461	-0.001492	0.005317	-0.006853
HG01853	-0.106064	0.137464	-0.008874	-0.027978	-0.000227	0.000924	-0.000102	-0.000882	0.000727	-0.001761
HG01855	-0.099200	0.140436	-0.001061	-0.044589	0.000032	0.002274	-0.000607	0.000143	0.002838	0.001722
HG01857	-0.093196	0.113304	0.014114	-0.048782	-0.004679	-0.001452	-0.000370	-0.000495	0.001159	0.001577
HG01858	-0.098957	0.134515	-0.010834	-0.026781	-0.002252	0.000413	-0.001366	0.002204	0.000044	0.002356
HG01859	-0.094694	0.143121	-0.009611	-0.032036	-0.000048	0.000861	-0.002060	0.002319	0.002204	0.001573
HG01860	-0.090683	0.120026	-0.004736	-0.030506	0.002418	-0.002041	0.003412	0.001366	0.003368	0.002183
HG01861	-0.102025	0.145440	0.004420	-0.054598	0.000072	0.005767	0.001285	0.000745	0.002515	0.000786
HG01862	-0.102769	0.124056	-0.008607	-0.033839	-0.001478	-0.000987	0.002034	0.001790	-0.004626	-0.001343
HG01863	-0.095160	0.158360	-0.006562	-0.028183	-0.001033	0.000466	-0.000735	-0.002129	-0.000243	0.003122
HG01864	-0.098206	0.151426	-0.003448	-0.025883	-0.001690	0.004281	-0.003455	0.001073	0.004830	-0.004720
HG01865	-0.105740	0.129676	-0.012681	-0.019505	0.001628	0.004570	-0.000129	0.000696	-0.000649	0.007043
HG01866	-0.101081	0.148241	0.000627	-0.026428	-0.002806	0.001737	-0.002072	0.001435	0.001034	-0.000865
HG01867	-0.099834	0.126990	0.002392	-0.016522	-0.001156	0.002435	0.000241	0.002710	0.008082	0.003648
HG01868	-0.095097	0.133243	-0.010811	-0.037797	-0.003355	-0.001882	-0.000098	-0.000626	0.002014	-0.001327
HG01869	-0.095940	0.134381	-0.020477	-0.021342	0.003561	0.003741	0.005922	-0.000142	0.004674	-0.000059
HG01870	-0.100699	0.133676	-0.008210	-0.011026	0.002125	-0.006380	0.001251	0.003191	0.004642	0.009164
HG01871	-0.096189	0.142015	-0.016832	-0.042697	-0.002055	-0.004753	0.004543	0.003005	-0.001459	-0.001228
HG01872	-0.095547	0.131714	-0.009152	-0.035230	0.001282	0.004855	0.001936	0.001962	0.004850	0.001362
HG01873	-0.095470	0.165776	-0.015828	-0.041129	0.004578	-0.003262	-0.000195	0.000189	-0.002606	-0.002368
HG01874	-0.096167	0.135301	0.014440	-0.019247	-0.002204	0.006538	0.001146	-0.001858	0.002033	-0.002479
HG01878	-0.098337	0.108648	0.022410	-0.024531	-0.003504	0.003071	0.001198	0.001290	-0.001875	-0.001220
HG01879	0.172081	-0.017007	-0.018303	0.005087	0.011062	-0.060803	0.013604	-0.003552	0.034092	-0.050595
HG01880	0.078610	0.011740	0.053809	0.018450	-0.014142	-0.024230	-0.001777	-0.000706	0.010046	-0.002311
HG01882	0.213767	-0.002062	-0.002197	0.018076	-0.030636	-0.024813	-0.006159	0.011590	-0.015168	0.018801
HG01883	0.115762	-0.042598	-0.012434	-0.000527	-0.027836	-0.004000	-0.001230	0.007224	-0.007539	-0.003784
HG01885	0.199351	0.000173	0.011689	0.004411	0.006141	-0.034823	-0.002657	0.005241	-0.028143	0.009587
HG01886	0.111333	-0.039916	-0.026731	-0.025594	-0.020615	-0.030830	0.048408	-0.026059	-0.008051	0.004114
HG01889	0.248021	0.016158	-0.006639	0.017762	-0.030367	-0.030542	0.012444	0.005783	-0.008425	-0.001620
HG01890	0.249063	0.023510	-0.009802	0.007528	0.014226	-0.075264	0.073585	-0.033586	0.028558	-0.037481
HG01892	-0.074158	-0.010655	-0.075444	0.158556	0.002692	-0.002778	-0.000278	-0.001323	0.000717	-0.001730
HG01893	-0.090131	-0.009865	-0.063451	0.168175	0.006212	0.000809	-0.003302	-0.000826	0.001607	-0.002965
HG01894	0.182846	-0.007411	-0.004774	-0.019302	-0.009544	-0.043038	0.009072	-0.007208	-0.000274	-0.000205
HG01896	0.228181	0.010701	0.002334	-0.005195	0.004615	-0.033241	0.001386	0.011588	-0.008828	0.013739
HG01912	0.194188	-0.005949	0.006243	-0.014655	-0.005144	-0.033900	-0.001282	0.010064	-0.002573	0.001624
HG01914	0.141401	-0.023174	-0.014509	-0.010836	-0.009912	-0.003601	-0.010344	-0.012278	0.005595	-0.001678
HG01915	0.222650	0.005944	-0.003304	-0.002723	-0.002770	-0.092804	0.026922	0.016606	-0.038308	0.003676
HG01917	-0.098594	0.014589	-0.083095	0.151345	0.002800	0.004261	-0.002030	-0.001780	-0.002244	-0.001059
HG01918	-0.097298	-0.025770	-0.061200	0.099173	0.001398	0.003066	-0.005131	-0.000015	-0.004542	0.001889
HG01920	-0.096028	0.019384	-0.093915	0.235817	0.002959	0.002174	-0.006530	0.000322	-0.002162	-0.002577
HG01921	-0.086009	0.013806	-0.071227	0.182443	0.000808	0.001378	-0.002765	0.000295	-0.007980	0.000541
HG01923	-0.102241	0.027365	-0.097637	0.220911	0.004343	-0.001151	-0.004380	0.001588	-0.001448	0.000311
HG01924	-0.010919	0.016017	-0.062803	0.129434	0.005965	-0.010673	-0.010093	-0.003695	0.001372	0.007652
HG01926	-0.102177	0.034022	-0.086495	0.235320	0.001639	-0.006470	-0.001077	-0.004211	-0.000008	-0.000544
HG01927	-0.109217	0.027639	-0.090842	0.207964	0.001748	0.003077	-0.002529	-0.003996	-0.006281	0.000840
HG01932	-0.094002	-0.015379	-0.079228	0.160756	0.002709	-0.001864	-0.003017	0.002405	0.000706	-0.000111
HG01933	-0.027723	0.010243	-0.054881	0.150276	0.004983	-0.000492	-0.010935	-0.002118	0.000351	-0.000738
HG01935	-0.091425	-0.015782	-0.071536	0.124864	-0.001153	0.001679	-0.003762	0.000783	-0.002960	0.000561
HG01936	-0.102782	0.018151	-0.088025	0.215984	0.003615	0.001770	-0.004934	-0.003235	-0.000986	-0.000675
HG01938	-0.101490	0.021472	-0.077891	0.198893	0.004764	-0.000860	-0.003264	-0.001975	-0.003454	0.001830
HG01939	-0.069622	-0.028383	-0.059099	0.065785	0.003537	-0.000853	-0.002653	-0.001540	-0.003187	0.001311
HG01941	-0.068692	0.015896	-0.075552	0.193221	0.000706	-0.003074	0.002580	0.001097	-0.003893	0.000256
HG01942	-0.067752	0.015913	-0.067336	0.130711	-0.005149	0.008225	-0.001593	-0.008404	-0.004599	-0.003358
HG01944	-0.097022	0.093014	-0.031096	0.036257	-0.002398	0.000377	-0.001409	-0.001029	-0.001100	0.000820
HG01945	-0.089346	0.002291	-0.079932	0.194641	0.003293	0.004233	-0.002155	0.001459	-0.000483	-0.004670
HG01947	-0.046573	-0.020006	-0.044865	0.101877	0.003209	0.017054	0.001165	0.007803	0.005155	-0.019553
HG01948	-0.097328	0.032610	-0.048704	0.172202	0.002134	-0.005239	-0.001627	0.002335	0.000576	-0.002474
HG01950	-0.102796	0.044393	-0.075406	0.195897	0.003458	0.001341	-0.002096	0.001785	-0.008344	-0.003931
HG01951	-0.102476	0.016887	-0.069711	0.206457	0.005080	-0.001076	-0.001389	-0.001858	-0.000165	0.000024
HG01953	-0.094100	0.009551	-0.069528	0.152666	0.005290	0.001556	-0.004815	-0.000515	-0.005183	0.001012
HG01954	-0.093951	0.019958	-0.069902	0.134718	0.001317	0.001711	-0.004600	0.000455	-0.007250	-0.001507
HG01956	0.241939	0.013152	0.001147	0.012780	-0.012692	-0.064289	-0.003887	0.026991	-0.050041	-0.009818
HG01958	0.227043	0.011518	-0.006587	0.002728	-0.018370	-0.051209	0.015079	-0.010165	-0.020966	-0.017411
HG01961	-0.097432	0.021528	-0.081307	0.177446	0.003396	0.000465	-0.003622	0.001912	-0.001473	0.000849
HG01965	0.055238	0.021455	-0.042860	0.073799	-0.012913	-0.031839	0.001292	-0.005094	-0.004977	-0.010988
HG01967	-0.054567	-0.019299	-0.068924	0.123130	-0.005398	0.000000	-0.001406	-0.002640	0.001974	-0.003216
HG01968	-0.101459	0.030843	-0.087724	0.239870	0.001824	-0.000028	-0.004651	0.000480	-0.006208	-0.004896
HG01970	-0.086089	-0.010645	-0.083151	0.176120	0.002487	-0.002234	-0.002579	0.001849	-0.001863	-0.001981
HG01971	-0.022868	-0.006251	-0.050430	0.054080	0.010118	-0.005608	-0.005128	0.005650	-0.002691	0.003797
HG01973	-0.105140	0.018448	-0.088715	0.232312	0.001123	-0.003349	-0.003215	-0.003825	-0.000852	0.000456
HG01974	-0.099974	0.007771	-0.076615	0.194812	0.001751	-0.006738	-0.001795	-0.002716	-0.004666	0.001735
HG01976	-0.097552	0.022322	-0.093404	0.212754	0.003643	-0.001766	-0.004512	-0.004939	-0.003018	-0.002297
HG01977	-0.093086	-0.006447	-0.080519	0.172214	0.003326	-0.004111	-0.000104	-0.000033	-0.003985	0.001881
HG01979	-0.095622	-0.018863	-0.078617	0.122903	0.000254	0.008519	-0.004501	-0.002010	-0.003636	-0.003332
HG01980	-0.092448	-0.023538	-0.075713	0.166613	0.000129	-0.006947	-0.002961	-0.003800	-0.004561	-0.000347
HG01982	-0.077453	0.016167	-0.079792	0.122619	0.000155	0.006771	-0.000409	0.001571	0.004125	0.007704
HG01985	0.221485	0.003506	-0.006801	-0.005694	-0.029155	-0.015827	-0.001953	-0.006625	-0.004249	-0.005939
HG01986	0.170131	-0.004927	-0.007904	-0.015670	-0.014088	-0.033294	0.000367	0.032840	-0.009200	-0.012385
HG01988	0.029132	-0.072535	-0.025019	-0.017306	-0.006320	-0.009936	0.010307	-0.008109	0.004535	-0.002351
HG01989	0.093651	-0.018032	-0.022771	0.002635	-0.005508	-0.027600	-0.006828	-0.004568	-0.006141	0.005179
HG01990	0.186657	0.033577	-0.011340	-0.006596	-0.026775	-0.043575	0.018474	-0.003530	-0.004511	-0.027738
HG01991	-0.087705	-0.009941	-0.089996	0.190364	0.005259	0.000530	-0.005757	-0.001974	-0.003707	-0.003165
HG01992	-0.100649	0.028673	-0.087178	0.260543	0.003029	-0.001056	-0.005451	-0.004658	-0.007341	0.001379
HG01997	-0.095038	0.016397	-0.073264	0.185079	0.003693	-0.000739	-0.001265	-0.000382	-0.004626	-0.000948
HG02002	-0.087679	0.012645	-0.076308	0.203444	0.004995	-0.000263	-0.005556	-0.001790	-0.001262	-0.003439
HG02003	-0.102531	0.041207	-0.095939	0.251101	0.002582	-0.000913	-0.002569	-0.005110	-0.004325	-0.003624
HG02006	0.001558	0.000505	-0.052809	0.121295	0.029650	-0.009981	-0.001278	0.011749	0.003451	0.008483
HG02008	-0.091059	0.020095	-0.065271	0.157651	0.002236	-0.004006	-0.003023	0.000036	-0.002162	-0.001021
HG02009	0.203044	0.004060	-0.009769	-0.010684	-0.032916	-0.017033	-0.009059	-0.006772	-0.003775	0.001724
HG02010	0.142198	-0.018105	-0.018524	-0.031598	-0.009960	-0.012786	0.012205	-0.005615	-0.006766	-0.033795
HG02012	0.210449	0.003041	0.000891	0.000383	-0.037457	-0.016707	-0.001881	-0.014782	-0.014471	-0.017031
HG02013	0.211204	0.009777	0.003803	0.000893	-0.015784	-0.032249	0.000567	0.011135	-0.019673	0.015690
HG02014	0.219192	0.017355	-0.003922	0.008232	-0.017199	-0.054540	0.011801	-0.000428	-0.008985	-0.023566
HG02016	-0.101362	0.115274	0.008424	-0.027774	-0.000987	0.003047	-0.000161	0.000376	0.002848	0.003773
HG02017	-0.101763	0.133032	-0.017553	-0.031057	-0.003628	0.000706	0.000640	-0.004408	-0.000960	0.000260
HG02019	-0.097877	0.135930	-0.009595	-0.028352	-0.003480	-0.000912	0.000380	0.000269	0.001616	-0.000330
HG02020	-0.093025	0.128013	-0.020174	-0.029518	-0.001127	0.000219	-0.000246	0.000486	0.002136	-0.005928
HG02023	-0.090919	0.116582	-0.001082	-0.019422	-0.000310	0.005019	0.000203	0.004489	0.004445	0.000275
HG02025	-0.107074	0.130019	-0.021378	-0.041297	-0.000894	0.004235	0.000008	0.002463	0.000747	-0.001194
HG02026	-0.097498	0.148822	-0.022811	-0.049769	0.000516	0.002308	-0.001687	0.001412	0.008347	-0.002715
HG02028	-0.100496	0.127996	-0.006716	-0.038738	-0.001271	-0.000588	-0.004011	-0.001952	-0.000155	0.001718
HG02029	-0.101958	0.121496	-0.021987	-0.006794	0.003714	-0.003095	-0.000392	-0.000547	0.000443	-0.001034
HG02031	-0.095821	0.129061	-0.016593	-0.030451	0.000408	0.000320	0.000055	-0.001072	0.003574	0.000261
HG02032	-0.103650	0.143499	-0.004549	-0.005663	-0.000520	0.001157	0.000097	0.000502	-0.005897	-0.002302
HG02035	-0.099833	0.117188	-0.017846	-0.011221	0.001684	-0.003834	0.003080	0.004760	0.001251	-0.002729
HG02040	-0.095296	0.127980	-0.018715	-0.028694	0.000046	-0.001685	0.001122	0.002087	0.000418	0.000743
HG02047	-0.092998	0.116404	-0.024915	-0.026832	0.003292	-0.003117	0.000446	0.000709	-0.000398	0.003745
HG02048	-0.103658	0.124027	-0.013905	-0.027753	0.000944	-0.001090	0.002510	0.000239	0.001301	-0.001199
HG02049	-0.096938	0.147224	-0.011796	-0.029589	-0.001038	0.003592	0.001123	0.002004	0.000336	0.002152
HG02050	-0.097051	0.133158	-0.024287	-0.034576	0.001999	0.000801	0.001273	0.002051	0.003962	0.002854
HG02051	0.139772	-0.023159	-0.022306	-0.009978	0.001592	-0.030403	0.003264	-0.000733	0.003497	0.000703
HG02052	0.193821	-0.000556	-0.004655	-0.004845	-0.003171	-0.091381	0.006332	-0.009852	-0.003008	-0.031894
HG02053	0.229882	0.019450	-0.002365	-0.006569	-0.036271	-0.020470	-0.002210	-0.006666	-0.012588	0.002741
HG02054	0.196802	0.009025	-0.011204	-0.002383	-0.009932	-0.081738	0.012171	0.017928	-0.026862	0.001903
HG02057	-0.090779	0.139141	-0.017668	-0.027339	-0.002735	-0.005907	-0.000119	0.001380	0.002427	0.002069
HG02058	-0.099940	0.130391	-0.016076	-0.041358	-0.002310	-0.006653	-0.000486	0.002229	0.002369	0.003013
HG02060	-0.098792	0.123227	-0.012968	-0.014913	0.005730	-0.002146	0.000966	0.000906	0.001932	0.000724
HG02061	-0.094597	0.108751	-0.000344	-0.004179	0.003544	-0.003899	0.000608	-0.001045	-0.000599	0.002105
HG02064	-0.094469	0.136477	0.000062	-0.029824	0.002335	0.002999	-0.000885	-0.002476	-0.001575	-0.001004
HG02067	-0.090255	0.128040	-0.007233	-0.031972	-0.003393	0.002118	-0.001213	-0.000247	0.000790	0.001366
HG02069	-0.088528	0.132505	-0.031699	-0.033205	0.000235	-0.003549	-0.000448	0.002113	0.005095	0.001125
HG02070	-0.099093	0.129469	-0.004786	-0.051052	-0.000654	0.001764	-0.003336	0.001849	0.000420	0.004008
HG02072	-0.099984	0.110762	0.010397	-0.017756	-0.001701	0.000257	0.001951	0.000771	-0.003482	-0.006198
HG02073	-0.098636	0.129626	-0.026788	-0.001302	0.002017	0.002141	0.001912	-0.000026	0.004912	0.002255
HG02075	-0.091981	0.132064	-0.012074	-0.033564	-0.004131	0.006280	-0.004941	0.000055	0.005224	0.005718
HG02076	-0.099231	0.128880	-0.020430	-0.025752	-0.006275	0.002739	-0.002594	0.000726	0.001075	0.000417
HG02078	-0.092812	0.146225	-0.020936	-0.038481	0.003806	-0.001352	-0.000924	0.000255	-0.002057	0.000369
HG02079	-0.095497	0.125844	-0.004379	-0.022443	0.009572	0.004671	-0.000706	0.004185	0.000891	-0.001174
HG02081	-0.102542	0.129074	-0.008641	-0.019608	-0.000289	-0.000355	-0.001709	-0.000618	0.000363	-0.002780
HG02082	-0.104009	0.133034	-0.006408	-0.032640	-0.001029	0.003525	0.001256	0.000304	0.000187	0.001493
HG02084	-0.094716	0.133911	-0.017002	-0.019403	-0.001795	-0.001395	0.001701	0.002188	-0.001611	-0.000346
HG02085	-0.097617	0.136194	0.006161	-0.027759	-0.004368	-0.000468	-0.001673	0.000668	0.000655	0.001526
HG02086	-0.096602	0.145384	-0.014420	-0.026039	-0.002676	-0.001128	-0.001129	0.001564	0.002457	-0.000796
HG02087	-0.100263	0.155544	-0.012512	-0.042183	-0.006021	0.003472	0.000864	0.000056	-0.000904	0.002170
HG02088	-0.101999	0.119542	-0.007423	-0.024065	0.001105	0.006471	0.000784	0.001205	-0.002516	-0.001783
HG02089	-0.094247	-0.008687	-0.080346	0.186602	0.004439	0.002446	-0.002734	0.001219	-0.005160	0.000104
HG02090	-0.083055	-0.003223	-0.083933	0.146308	0.002492	-0.003261	-0.002913	-0.003305	0.000787	-0.001462
HG02095	0.227517	0.013435	0.005847	-0.003430	-0.013852	-0.049781	-0.008642	-0.013735	-0.029753	-0.002461
HG02102	-0.093798	0.006414	-0.072800	0.143919	0.004279	0.000107	-0.001892	0.001360	-0.006491	-0.000775
HG02104	-0.088737	0.011242	-0.085760	0.203629	0.006010	0.000976	-0.004350	-0.003896	-0.001415	0.002444
HG02105	-0.095249	0.029764	-0.079053	0.198071	0.001172	-0.002621	-0.001903	-0.004419	-0.003280	-0.004123
HG02107	0.185515	0.003158	-0.008852	-0.001510	-0.052891	0.007652	0.002630	-0.017815	-0.007350	0.018687
HG02108	0.203836	0.014488	-0.007859	-0.013621	-0.019910	-0.026417	-0.001784	0.018358	-0.002197	-0.000697
HG02111	0.242003	0.024004	0.007032	0.007576	-0.000551	-0.081986	-0.021727	0.007660	-0.030780	0.009434
HG02113	-0.087200	0.124259	-0.007960	-0.039567	-0.000263	-0.001066	0.000429	0.002769	0.004311	-0.002946
HG02116	-0.103689	0.149133	0.001094	-0.034117	0.001538	0.005364	-0.001262	-0.000496	-0.002464	-0.001544
HG02121	-0.090588	0.138584	-0.015189	-0.031456	0.001674	0.004721	0.000091	0.001968	0.001569	0.001942
HG02122	-0.094810	0.132243	-0.012549	-0.019819	-0.002223	-0.005804	0.004309	0.000612	-0.001242	0.002653
HG02127	-0.099877	0.140507	-0.014360	-0.037546	0.000338	0.001215	-0.001094	-0.003400	0.002475	-0.000944
HG02128	-0.099793	0.146971	-0.000445	-0.045165	-0.001721	0.002637	-0.002073	0.003052	0.005277	-0.000430
HG02130	-0.096851	0.117298	0.016516	-0.029483	-0.002674	-0.001247	-0.000730	0.001712	0.000474	0.003299
HG02131	-0.095321	0.117281	-0.010150	-0.022373	-0.002507	-0.003202	-0.000172	0.000144	0.004231	0.002007
HG02133	-0.090677	0.112248	-0.003792	-0.023996	-0.001860	0.004117	0.000488	-0.000262	0.001793	0.002942
HG02134	-0.101776	0.127585	-0.005354	-0.029638	-0.003481	0.000328	-0.001835	0.002346	0.002094	0.001243
HG02136	-0.092280	0.130390	-0.014278	-0.025151	-0.001234	-0.003170	-0.002573	-0.000873	0.001304	0.000712
HG02137	-0.103696	0.139621	-0.004830	-0.031664	0.000208	-0.001282	0.001452	-0.002229	0.000403	-0.002684
HG02138	-0.092746	0.133011	-0.008951	-0.024144	-0.001740	0.000202	0.000794	0.000098	0.001786	0.004253
HG02139	-0.101465	0.141879	-0.014108	-0.027079	-0.002925	0.001807	0.000241	0.002063	-0.000522	0.000177
HG02140	-0.103486	0.139339	-0.011435	-0.039432	-0.003828	-0.002018	0.001741	0.000885	-0.003490	0.000952
HG02141	-0.099048	0.109096	-0.005464	-0.020204	0.000621	-0.001312	0.000328	0.002591	0.001502	0.003702
HG02142	-0.098247	0.137663	-0.002982	-0.033502	0.000166	0.002499	0.000796	-0.001149	-0.001872	0.000488
HG02143	0.181766	0.030825	-0.024920	0.006580	-0.007636	-0.044450	0.032992	0.065823	-0.008089	-0.065287
HG02144	0.203434	0.000695	-0.010178	-0.020354	-0.020520	-0.034509	0.000883	-0.009691	0.003250	-0.010356
HG02146	-0.091783	-0.005825	-0.071976	0.099274	-0.001235	0.001110	-0.005033	0.000689	0.003528	-0.001863
HG02147	-0.105568	0.029202	-0.096547	0.222436	0.000952	-0.003021	-0.005745	-0.007149	-0.001539	0.000596
HG02150	-0.097225	0.032239	-0.081673	0.221451	0.002403	0.001060	-0.004418	0.000118	-0.002090	-0.002588
HG02151	-0.107332	0.136484	0.000748	-0.027803	-0.003972	-0.000533	0.000863	0.002858	-0.000299	-0.000829
HG02152	-0.107205	0.139251	-0.011917	-0.009304	-0.001009	-0.002845	0.003166	0.000377	0.004476	0.004310
HG02153	-0.097978	0.134285	-0.005835	-0.023035	-0.003263	0.003991	-0.001766	-0.001116	0.002628	-0.000063
HG02154	-0.107032	0.149574	-0.021274	-0.033544	-0.004296	-0.002747	-0.000409	0.001340	-0.000412	0.000243
HG02155	-0.101690	0.144716	-0.010055	-0.034273	-0.004457	0.001072	-0.000605	-0.000375	0.000471	-0.000433
HG02156	-0.100176	0.122082	-0.016957	-0.011879	0.000420	-0.001147	0.000129	0.000167	0.003359	0.002216
HG02164	-0.100305	0.138819	-0.002147	-0.047982	0.000644	-0.003099	-0.000519	0.000875	0.002068	-0.001014
HG02165	-0.094386	0.130209	-0.005765	-0.032130	0.000931	-0.004530	0.004121	-0.002983	-0.006976	0.002746
HG02166	-0.102481	0.124327	-0.000884	-0.015984	-0.002225	0.002026	-0.001584	-0.003706	0.000228	0.002281
HG02178	-0.100947	0.137315	-0.012929	-0.027554	-0.002152	-0.002916	0.000325	-0.000386	0.001041	0.000631
HG02179	-0.100826	0.117434	-0.011383	-0.014297	-0.001601	0.005065	0.000069	-0.002586	-0.000158	0.000628
HG02180	-0.093512	0.149250	-0.013529	-0.032356	0.001221	-0.004029	-0.001380	-0.000712	-0.000113	0.000230
HG02181	-0.096890	0.139159	0.000700	-0.023559	0.000858	0.000702	-0.002360	-0.000287	0.000906	-0.002086
HG02182	-0.105511	0.141637	-0.004340	-0.042435	-0.000486	0.002013	-0.001695	-0.003592	0.002455	0.000186
HG02184	-0.097597	0.148783	-0.016834	-0.030668	-0.002175	-0.000025	0.001449	-0.000210	0.003118	-0.000059
HG02185	-0.092816	0.126231	-0.004845	-0.031430	0.001574	-0.002092	-0.001659	0.003486	-0.000322	0.001760
HG02186	-0.095537	0.141590	-0.018585	-0.039228	0.000853	-0.004655	-0.001586	0.000779	0.001221	0.000446
HG02187	-0.097935	0.134309	-0.030651	-0.033852	-0.001052	0.000164	-0.000332	0.002707	0.001870	0.002283
HG02188	-0.099792	0.128956	-0.008193	-0.024906	0.000423	0.002801	0.000071	0.001367	0.000567	-0.000669
HG02190	-0.095106	0.154024	-0.012731	-0.021772	-0.000858	0.002745	-0.000733	0.002421	0.003073	-0.000176
HG02215	-0.069220	-0.091740	-0.051836	-0.047008	-0.001635	-0.001684	-0.001809	-0.002281	-0.003472	0.002340
HG02219	-0.073037	-0.093447	-0.035246	-0.016448	-0.003198	0.008105	-0.002007	0.002525	-0.003721	-0.000229
HG02220	-0.064184	-0.097913	-0.039617	-0.035645	0.001943	-0.000742	0.000582	0.002971	-0.001186	-0.001204
HG02221	-0.067814	-0.103991	-0.049733	-0.019819	0.003096	-0.001129	0.004792	0.001563	0.001905	0.000808
HG02223	-0.063271	-0.082120	-0.047891	-0.044024	-0.001868	-0.003566	0.002832	0.003149	-0.001973	0.002198
HG02224	-0.063315	-0.090107	-0.031664	-0.044851	-0.002472	0.002840	-0.000772	-0.000809	-0.000225	0.005414
HG02230	-0.067453	-0.100415	-0.045622	-0.051137	-0.000506	0.004182	0.000148	-0.000405	-0.001650	0.001172
HG02231	-0.059056	-0.088488	-0.030235	-0.051266	-0.005500	-0.001673	0.000180	-0.000351	-0.003406	0.000058
HG02232	-0.067454	-0.095786	-0.032738	-0.031336	-0.004411	-0.004160	0.002403	0.000616	0.002517	0.001318
HG02233	-0.064459	-0.096015	-0.049292	-0.067996	-0.003422	0.006185	-0.000514	0.001521	-0.003362	0.002946
HG02235	-0.067411	-0.098990	-0.033726	-0.005579	0.001572	-0.000397	0.002929	0.004585	0.012650	-0.001457
HG02236	-0.063457	-0.090230	-0.012781	-0.014754	0.001891	-0.000052	0.003944	0.000127	0.001984	0.004511
HG02238	-0.067269	-0.095701	-0.034997	-0.053203	-0.000338	-0.000995	-0.000576	-0.000456	0.002361	-0.000947
HG02239	-0.067692	-0.084518	-0.034381	-0.038672	0.002075	-0.000146	-0.003316	-0.000512	-0.004393	-0.000995
HG02250	-0.087016	0.106359	-0.003517	-0.019403	-0.004214	-0.002490	0.001788	0.003017	0.002643	0.000232
HG02252	-0.086364	-0.027560	-0.051593	0.091920	0.001143	-0.004416	-0.004951	-0.002774	-0.002759	0.002418
HG02253	-0.089106	-0.049003	-0.048119	0.084239	0.001618	-0.005101	0.000439	-0.000452	0.000390	-0.002471
HG02255	0.252359	0.018501	0.002818	0.003365	-0.037321	-0.004575	0.000503	0.020326	0.018799	-0.013179
HG02256	0.125787	-0.016210	-0.018806	-0.012685	-0.007281	-0.020881	0.013883	0.000666	-0.013073	0.010334
HG02259	-0.101574	0.029025	-0.083061	0.210452	0.000605	0.001050	-0.001385	0.001592	-0.000817	0.000494
HG02260	-0.088716	-0.028173	-0.074208	0.166916	0.002401	-0.000979	0.003526	-0.003277	-0.006379	0.006205
HG02262	-0.102249	0.028799	-0.085075	0.229416	0.003579	-0.000597	-0.002104	-0.000237	-0.005159	-0.001817
HG02265	-0.098125	0.016627	-0.086122	0.197292	0.004369	-0.002459	-0.005338	0.000569	-0.000889	-0.000067
HG02266	-0.082109	-0.016062	-0.083886	0.151642	0.000998	-0.003879	0.000004	0.002684	0.000532	-0.001725
HG02271	-0.102328	0.026393	-0.091519	0.236266	0.006773	-0.005237	-0.005565	-0.001616	-0.000578	0.002286
HG02272	-0.097493	0.031304	-0.086562	0.236244	0.000651	-0.000891	-0.003832	-0.001773	-0.003038	-0.004792
HG02274	-0.037200	0.005191	-0.062223	0.177785	-0.009846	-0.004023	-0.002616	-0.005887	-0.012937	-0.004362
HG02275	-0.101697	0.025938	-0.087706	0.220204	0.003923	0.002285	-0.004145	-0.003438	-0.003716	-0.000405
HG02277	-0.099519	0.025796	-0.088314	0.182953	0.000887	0.000165	-0.005531	-0.001166	-0.005033	-0.002457
HG02278	-0.102054	0.036166	-0.093707	0.225815	0.006261	0.000610	-0.004600	-0.002880	-0.007302	0.000479
HG02281	0.171395	-0.016987	-0.013060	-0.011784	0.000364	-0.024108	-0.009569	0.006638	0.009609	-0.024414
HG02282	0.199084	0.007396	-0.010611	-0.008045	-0.029749	-0.035780	0.007337	0.005586	-0.006589	-0.023264
HG02283	0.171823	-0.014835	-0.026260	-0.004751	-0.021945	-0.065515	0.027564	-0.015008	-0.013872	-0.006898
HG02284	0.198855	0.002073	-0.007569	-0.014826	-0.046511	-0.029870	-0.007543	0.004452	-0.023328	0.004584
HG02285	-0.088679	0.010057	-0.083213	0.181348	0.003786	-0.003721	-0.003595	0.000039	-0.008647	0.000087
HG02286	-0.050924	0.008907	-0.074112	0.189597	0.014153	-0.008836	-0.007617	0.008008	0.002869	0.005369
HG02291	-0.104222	0.027655	-0.087244	0.223731	0.005932	-0.001092	-0.003091	-0.001907	-0.005253	-0.001708
HG02292	-0.102930	0.017195	-0.072627	0.189144	0.003656	0.000234	-0.005085	0.000283	-0.003610	-0.001270
HG02298	-0.078344	-0.002752	-0.065533	0.146496	0.001020	-0.000537	-0.002789	0.000710	0.000717	-0.002155
HG02299	-0.088650	0.015053	-0.069688	0.169299	0.007263	-0.000372	-0.002737	0.000206	-0.000844	-0.000829
HG02301	-0.101230	0.022680	-0.084076	0.224930	0.002681	-0.000114	-0.004460	-0.000572	-0.005852	-0.001652
HG02304	-0.059405	-0.003811	-0.053344	0.108884	0.010896	0.001135	-0.009522	-0.001272	-0.000015	-0.003744
HG02307	0.174122	0.015112	-0.003371	-0.012523	-0.003270	-0.053816	0.015163	-0.006689	-0.013966	-0.000747
HG02308	0.213012	0.003350	0.004308	-0.003747	-0.024053	-0.026537	-0.004230	-0.013066	0.012108	-0.016862
HG02309	0.237547	0.013629	-0.002902	0.002311	0.013619	-0.030281	-0.006021	-0.009743	0.014343	0.029510
HG02312	-0.098658	-0.004183	-0.067775	0.143926	0.003413	-0.002561	-0.000974	0.002342	-0.001187	0.002412
HG02314	0.211002	-0.001811	-0.013335	-0.015134	-0.042267	-0.043066	0.017362	0.004005	0.002986	-0.033022
HG02315	0.233607	0.007780	0.000916	0.016410	-0.020549	-0.008696	0.009614	0.025746	-0.008590	0.010565
HG02317	0.250385	0.011696	0.002746	-0.000598	-0.020494	-0.087542	0.008455	-0.014715	-0.012193	-0.005258
HG02318	0.215924	0.012676	0.005498	-0.003392	-0.005054	-0.029514	0.010592	-0.029937	-0.033397	-0.007829
HG02322	0.145282	-0.019057	-0.005985	-0.009618	-0.010669	-0.019287	0.012097	0.041256	-0.020534	-0.010354
HG02323	0.239533	0.012442	0.001917	-0.002415	-0.053334	-0.024332	-0.005471	-0.029901	0.004349	-0.031765
HG02325	0.247913	0.017653	0.003673	0.009198	-0.000529	-0.010160	-0.028482	-0.024524	-0.001531	0.004394
HG02330	0.209463	-0.005465	-0.000879	-0.004079	-0.022275	0.003672	-0.001278	0.033450	0.028577	0.026776
HG02332	0.234228	0.018664	0.003414	0.004785	-0.027326	-0.041502	0.023476	-0.027745	-0.017824	0.007155
HG02334	0.098321	-0.025213	-0.013172	-0.000412	-0.014268	-0.022853	-0.005048	0.000770	-0.000481	-0.001612
HG02337	0.230857	0.023774	-0.004122	0.008018	0.001317	-0.048719	-0.005144	0.011916	-0.007590	0.018211
HG02339	0.224049	0.006772	-0.001462	0.004264	0.026218	-0.076571	0.006598	0.031737	-0.022189	0.014396
HG02343	0.124069	-0.018814	-0.016909	0.019947	-0.024505	0.036908	-0.005732	-0.004163	0.025045	-0.031351
HG02345	-0.096523	0.000141	-0.071260	0.159726	0.001376	0.001533	-0.006823	-0.003681	-0.004065	-0.002091
HG02348	-0.092586	0.003116	-0.073902	0.152275	0.002415	-0.000072	-0.002231	-0.000834	-0.003713	-0.002975
HG02351	-0.100325	0.138437	-0.015206	-0.031460	-0.001736	0.000774	0.000221	-0.000645	0.000984	-0.000081
HG02353	-0.095386	0.140585	-0.018692	-0.030375	-0.001344	0.003476	0.000715	0.003332	0.000025	0.002701
HG02355	-0.098235	0.137382	-0.004938	-0.030732	-0.001212	0.000844	-0.000904	0.002883	-0.003183	-0.004473
HG02356	-0.095968	0.140634	-0.004559	-0.027684	-0.001170	-0.001195	-0.002259	-0.000862	0.001916	-0.001331
HG02360	-0.103516	0.145265	-0.004003	-0.043746	-0.002052	0.004531	-0.002259	-0.000562	-0.003324	-0.001329
HG02364	-0.102909	0.143938	-0.028749	-0.015475	0.000703	-0.002369	-0.000366	0.002032	-0.000205	0.001224
HG02367	-0.099181	0.126891	-0.024424	-0.025871	0.002397	-0.001156	-0.001158	-0.000985	-0.000068	-0.001615
HG02371	-0.100546	0.145943	-0.014044	-0.029058	-0.002197	0.001856	-0.001196	-0.000263	0.002207	-0.000385
HG02373	-0.098446	0.139508	-0.028424	-0.019408	0.000346	0.004518	-0.000202	0.001460	0.006945	0.001974
HG02374	-0.105082	0.134058	-0.004802	-0.038159	0.001356	0.005993	-0.003697	-0.000820	0.002811	-0.002337
HG02375	-0.102032	0.139834	0.006138	-0.020644	-0.000385	0.004225	0.002608	-0.002583	0.003257	0.001376
HG02379	-0.096424	0.143075	-0.016647	-0.050327	-0.000039	0.001325	0.001104	0.002230	-0.002213	0.002608
HG02380	-0.097621	0.135115	-0.006908	-0.027956	-0.002556	-0.000400	-0.000016	-0.001408	0.001014	0.000679
HG02382	-0.096222	0.141657	-0.021312	-0.031539	0.004842	-0.003304	-0.001837	-0.000668	0.005131	-0.002885
HG02383	-0.100521	0.155240	-0.013775	-0.031981	-0.001031	-0.001513	-0.000800	0.000535	0.002810	-0.000659
HG02384	-0.101808	0.143154	-0.023131	-0.022916	0.002088	-0.002712	-0.000334	0.002527	-0.002020	-0.000693
HG02385	-0.088892	0.136317	0.003748	-0.041648	-0.006041	0.001816	-0.001110	0.001636	0.000499	0.000077
HG02386	-0.092775	0.136506	-0.003601	-0.035412	0.000699	0.001208	0.001153	-0.001175	-0.002690	-0.003433
HG02389	-0.109637	0.122466	-0.018008	-0.016347	-0.002699	0.000628	-0.001931	-0.002303	0.002071	-0.002818
HG02390	-0.096118	0.107852	0.005667	-0.039113	-0.003229	-0.001414	-0.002232	0.000890	0.000139	0.000843
HG02391	-0.100362	0.138091	-0.023457	-0.026532	-0.004672	-0.000959	0.000463	-0.002133	0.003324	0.000136
HG02392	-0.098937	0.132414	-0.010375	-0.028390	-0.005139	0.004410	-0.001881	-0.001681	0.001661	-0.000548
HG02394	-0.087092	0.136947	-0.023890	-0.035815	0.002592	-0.000173	0.001985	0.002910	0.004106	-0.002906
HG02395	-0.093159	0.135033	-0.014125	-0.030290	-0.002739	0.001215	0.000297	0.000527	0.005966	-0.000312
HG02396	-0.091554	0.128173	-0.004584	-0.045382	-0.000149	0.002944	0.001245	0.000805	0.000160	0.000704
HG02397	-0.095936	0.126702	-0.011271	-0.026177	-0.001622	-0.001199	0.003326	-0.000881	-0.000622	0.000097
HG02398	-0.104651	0.146955	-0.007327	-0.033420	0.000514	0.001602	-0.000454	-0.004759	0.000255	-0.002111
HG02399	-0.101799	0.122012	-0.025676	-0.025657	0.000524	-0.000367	0.001446	0.003506	-0.005061	-0.004818
HG02401	-0.103521	0.143287	-0.025421	-0.026907	0.002244	0.000985	0.001069	0.001636	0.001869	0.000245
HG02402	-0.099602	0.144793	-0.028797	-0.027609	-0.000549	0.003197	-0.000731	0.002513	0.001712	0.001120
HG02406	-0.101456	0.145381	-0.024411	-0.043069	-0.001733	0.001079	0.000855	0.000187	0.004826	0.003600
HG02407	-0.093034	0.127024	-0.014628	-0.041433	-0.000454	0.003332	-0.000928	0.003043	0.002718	0.001026
HG02408	-0.096017	0.128127	-0.005742	-0.012643	-0.001038	0.002755	0.000347	0.002534	0.003756	0.000040
HG02409	-0.100385	0.132542	-0.012710	-0.024052	-0.002702	0.003472	-0.002845	-0.003039	-0.001783	0.000055
HG02410	-0.105712	0.144424	-0.003595	-0.037895	-0.006195	0.003890	-0.001490	-0.001942	0.003005	0.002366
HG02419	0.221807	0.009341	0.006368	-0.004589	0.007856	0.022765	-0.006673	0.015919	0.005780	0.007715
HG02420	0.124671	-0.022116	-0.025846	-0.025272	-0.003789	-0.036650	0.001366	0.003788	-0.022809	-0.021254
HG02425	-0.000032	-0.038931	-0.038304	0.021083	0.001861	-0.017281	0.001558	-0.000505	-0.007879	-0.004662
HG02427	0.127975	-0.022368	-0.007183	-0.000947	-0.004096	-0.030008	0.000321	0.002979	-0.008683	0.007624
HG02429	0.236522	0.014818	-0.003413	0.005185	-0.013692	-0.046315	-0.012775	-0.008321	-0.043659	0.028320
HG02433	0.119818	-0.030547	-0.004699	-0.017496	-0.000467	-0.009164	-0.008558	-0.002297	-0.015768	0.007655
HG02439	0.170833	-0.013329	0.003580	-0.013855	-0.023422	-0.001074	0.004163	0.006993	-0.023623	-0.016818
HG02442	0.214990	0.016670	0.003485	0.003300	-0.016874	-0.050376	-0.003716	-0.020419	-0.006451	-0.017314
HG02445	0.213584	0.008717	0.002000	0.004562	-0.001097	-0.015293	0.002591	-0.000572	-0.028683	-0.016839
HG02449	0.112638	-0.014250	-0.005370	-0.015466	-0.009764	-0.009777	0.005420	-0.006268	-0.012669	-0.009547
HG02450	0.234570	0.015293	-0.009315	0.001436	-0.025119	-0.018739	0.014375	0.001944	-0.015826	0.019407
HG02455	0.182268	-0.022091	-0.007424	-0.018112	-0.020320	0.008864	-0.002327	0.034084	-0.006913	0.011763
HG02461	0.224737	0.015842	-0.003814	-0.003009	-0.066367	0.097453	-0.022630	-0.011217	0.021276	-0.006508
HG02462	0.217715	0.004167	0.000666	0.009872	-0.074062	0.073008	-0.008533	-0.002083	0.032022	0.033704
HG02464	0.221676	0.000193	0.003463	0.007613	-0.073996	0.073780	-0.009463	0.000145	0.042841	-0.021942
HG02465	0.209547	0.017545	-0.002660	-0.010632	-0.076890	0.071322	-0.019606	-0.025154	0.004409	-0.013262
HG02470	0.231265	0.009108	-0.005201	0.008019	-0.000178	-0.044120	0.033544	0.068906	-0.001360	-0.036907
HG02471	0.261410	0.017677	-0.007952	0.018271	-0.002385	-0.084969	0.024160	0.006393	-0.007072	0.008848
HG02476	0.213338	0.002672	0.016979	-0.000769	-0.020374	-0.056014	0.016998	0.003180	-0.001386	-0.006983
HG02477	0.128644	-0.020428	-0.021209	-0.010198	0.002052	-0.040644	-0.002893	0.000307	-0.024222	-0.011396
HG02479	0.214912	0.011453	0.002543	0.003105	-0.010961	-0.038722	-0.015449	-0.018464	-0.040756	0.031552
HG02481	0.175591	0.000992	-0.003765	-0.005299	0.017403	-0.044097	-0.017303	-0.015597	-0.006959	0.007637
HG02484	0.243104	0.003229	0.004993	0.007768	-0.003783	-0.064915	-0.005701	-0.022801	-0.029822	-0.001590
HG02485	0.084303	-0.034860	-0.011009	-0.026051	-0.015282	0.001618	-0.007961	0.007091	-0.001871	0.007146
HG02489	0.249154	0.021254	0.000315	0.011925	-0.004646	-0.026710	0.003148	-0.032731	0.022718	0.004594
HG02490	-0.067205	-0.046747	0.095480	-0.004813	0.001190	-0.002298	0.001125	0.002543	0.003981	-0.005176
HG02491	-0.074000	-0.059042	0.062694	0.025677	-0.004149	-0.005921	-0.001265	-0.002999	-0.006145	0.000410
HG02493	-0.072407	-0.038397	0.074157	-0.006018	-0.002605	-0.000188	-0.000728	0.000922	-0.000480	0.003807
HG02494	-0.072868	-0.074786	0.028975	0.017446	0.002369	-0.006662	0.002276	-0.001022	-0.002284	0.000391
HG02496	0.218347	0.009655	-0.014015	-0.009554	-0.000435	-0.053374	0.041055	0.002278	-0.010377	-0.003014
HG02497	0.217790	0.018392	-0.003663	-0.006157	-0.038205	-0.057932	0.004340	-0.008082	-0.006757	-0.043337
HG02501	0.223505	0.013759	0.004721	-0.006566	-0.021442	-0.014785	0.016980	-0.013889	-0.026608	0.017394
HG02502	0.079869	-0.036260	0.001889	-0.021429	-0.004774	-0.031895	0.000320	-0.007425	-0.004313	-0.006359
HG02505	0.132854	-0.013688	-0.006755	-0.013896	-0.020285	-0.031802	0.002099	-0.007287	0.010430	-0.023254
HG02508	0.086404	-0.037136	-0.020736	-0.026496	-0.020681	-0.008455	0.000072	-0.004343	-0.002399	-0.020793
HG02511	0.244892	0.023690	0.000246	0.013476	-0.008748	-0.055443	0.008901	0.007879	-0.014529	0.016619
HG02512	-0.100160	0.118430	-0.002105	-0.011668	0.000053	0.001421	-0.000418	-0.001841	0.004322	-0.001741
HG02513	-0.093425	0.145148	-0.038246	-0.037570	0.000253	-0.000192	0.002918	0.001474	0.007860	0.003051
HG02521	-0.098604	0.126064	-0.010793	-0.013763	-0.001669	-0.000807	0.001477	0.000285	0.004253	-0.002208
HG02522	-0.104420	0.134968	-0.002618	-0.031544	-0.000839	-0.002441	-0.002193	-0.002778	-0.000643	-0.006178
HG02536	0.258538	0.014701	0.007880	0.003738	-0.043458	-0.049395	-0.003536	0.003571	-0.019042	0.003419
HG02537	0.220266	-0.005377	0.004291	-0.011090	-0.017584	-0.052940	0.003852	-0.006525	-0.045670	0.013745
HG02541	0.207703	0.004660	0.005935	-0.004694	-0.014955	-0.036619	0.020107	-0.005130	-0.009604	0.007957
HG02545	0.144609	-0.005515	-0.009207	-0.004133	-0.027982	-0.047268	0.003844	-0.019006	-0.002652	-0.020339
HG02546	0.220712	0.018350	-0.007139	-0.005143	-0.024425	0.000093	-0.014357	-0.005840	0.012423	-0.020561
HG02549	0.241530	0.013462	0.009358	0.012527	-0.016370	-0.074882	0.015411	0.002471	-0.007722	-0.000765
HG02554	0.179990	0.040228	0.006163	-0.016046	0.002432	0.040938	-0.020960	-0.011485	0.014293	0.051959
HG02555	0.241027	0.017245	0.000776	-0.004466	-0.020120	-0.035956	-0.002532	-0.006079	0.023307	0.044842
HG02557	0.190625	-0.004286	0.001907	-0.010425	-0.018375	-0.050920	0.020516	-0.006619	-0.007123	-0.015020
HG02558	0.191847	-0.000357	-0.015314	-0.007836	-0.007046	-0.043616	0.005831	-0.007195	0.014080	0.015776
HG02561	0.184102	0.004626	0.002610	-0.003512	-0.030739	0.053652	-0.007477	-0.006611	0.004053	-0.020741
HG02562	0.240985	0.010004	0.001806	0.007651	-0.057795	0.117533	0.006528	-0.014772	0.032828	-0.007228
HG02568	0.207281	0.002824	0.007768	-0.001143	-0.060002	0.065400	-0.004272	-0.004283	0.014777	0.013468
HG02570	0.233426	0.006298	0.000554	-0.017935	-0.063845	0.066372	-0.007939	-0.004887	-0.009725	0.011735
HG02571	0.237489	0.013082	0.004862	0.001326	-0.066465	0.151753	-0.002595	-0.032226	0.022213	-0.027754
HG02573	0.217501	0.005307	-0.016370	0.005639	-0.058221	0.133461	0.005663	-0.010133	0.029012	0.015531
HG02574	0.240982	0.005783	-0.010286	0.000714	-0.069669	0.104822	-0.017004	-0.014808	0.025070	0.000481
HG02577	0.254867	0.013983	0.007622	0.002341	-0.007896	-0.009081	0.023309	0.113912	-0.011751	-0.035659
HG02580	0.234916	0.012401	0.001236	-0.007198	-0.023933	-0.050432	0.003213	-0.007904	-0.011277	-0.029478
HG02582	0.229981	0.014124	-0.000508	0.007887	-0.068989	0.102575	-0.011137	-0.000545	-0.019719	-0.002034
HG02583	0.218356	0.000321	-0.012313	-0.005794	-0.024890	0.071338	-0.011064	-0.000106	-0.017577	0.003291
HG02585	0.238867	0.006956	-0.007992	0.000296	-0.070359	0.133439	-0.026254	-0.036517	0.030630	0.005233
HG02586	0.201463	0.008986	0.003892	0.004579	-0.040654	0.080322	-0.006585	0.001433	0.032519	-0.024419
HG02588	0.232791	0.010428	0.002263	0.007847	-0.077190	0.101891	-0.006300	-0.041140	-0.005427	-0.001185
HG02589	0.223471	0.012074	0.002601	-0.002769	-0.032638	0.062246	0.016214	-0.017178	0.012784	-0.011506
HG02594	0.227793	0.011443	0.007549	-0.005848	-0.055860	0.143307	-0.030014	-0.043282	0.010346	-0.009491
HG02595	0.224274	0.003013	-0.001611	-0.000195	-0.043290	0.064663	-0.006736	-0.010751	0.017270	-0.006142
HG02597	-0.071938	-0.056215	0.081647	0.010559	0.000145	-0.005195	-0.000735	-0.002307	0.002749	0.001467
HG02600	-0.077363	-0.041939	0.055188	0.006563	0.000740	0.001483	-0.001230	0.000464	0.001086	-0.002923
HG02601	-0.079599	-0.032875	0.088673	0.035785	-0.000919	-0.003564	0.001320	-0.001138	0.003837	0.006277
HG02603	-0.080216	-0.022623	0.059306	0.002148	-0.002120	0.006277	0.002488	0.001349	-0.000035	-0.002322
HG02604	-0.073421	-0.038999	0.085851	0.004585	-0.000897	-0.002589	-0.004414	-0.006831	-0.004869	-0.005588
HG02610	0.226077	0.015336	0.003311	0.002770	-0.057933	0.107763	-0.028853	-0.029367	0.023061	-0.017264
HG02611	0.236947	0.011414	-0.005820	0.002275	-0.077736	0.078059	-0.020389	-0.027554	0.028672	0.015946
HG02613	0.212133	0.000735	0.001137	0.006875	-0.058252	0.091692	0.010700	0.025419	-0.010777	-0.016453
HG02614	0.208906	0.006533	-0.002218	0.002627	-0.043753	0.065023	-0.011313	0.017841	0.009566	-0.012403
HG02620	0.232770	0.018200	0.002545	0.010347	-0.046326	0.081565	-0.019197	-0.059700	0.000773	-0.022936
HG02621	0.250078	0.016987	0.004008	0.005523	-0.069616	0.139938	-0.007551	-0.046208	0.009670	-0.002772
HG02623	0.235626	0.021394	-0.000810	0.000972	-0.085874	0.170563	-0.015262	-0.007047	0.042460	0.003215
HG02624	0.223241	0.016776	-0.004519	0.007062	-0.057710	0.092855	-0.009997	-0.023308	-0.000347	-0.016155
HG02628	0.227051	0.020052	0.007561	0.013795	-0.079732	0.160098	-0.004811	0.018757	0.056235	-0.027980
HG02629	0.225870	0.015218	0.002060	0.008593	-0.082902	0.138025	0.000840	-0.036206	0.013092	0.004030
HG02634	0.219693	0.008086	0.012298	-0.006257	-0.072360	0.064631	-0.008979	-0.022025	0.026487	-0.028254
HG02635	0.203854	0.010515	-0.010816	-0.000950	-0.050464	0.107386	-0.011742	0.001158	-0.012414	0.003499
HG02642	0.233613	0.014170	0.000268	0.011191	-0.075627	0.103427	-0.017459	-0.006942	0.041155	-0.011314
HG02643	0.210610	0.008592	0.003200	0.002266	-0.059787	0.078676	-0.018577	-0.018051	0.030364	-0.026309
HG02645	0.241172	0.008562	0.005440	0.004337	-0.062782	0.111593	-0.014087	0.001191	0.035784	0.013702
HG02646	0.244714	0.014592	-0.005233	-0.005709	-0.070245	0.144302	-0.021195	-0.008343	0.034339	0.007685
HG02648	-0.065320	-0.049900	0.060654	0.015755	0.004739	0.003217	-0.001237	0.003172	-0.001635	-0.004046
HG02649	-0.075867	-0.036870	0.057099	-0.007879	0.002615	-0.000266	0.000132	0.002132	-0.001409	0.000002
HG02651	-0.075825	-0.054634	0.030090	-0.011162	0.000051	-0.001292	-0.001411	0.000810	-0.000366	-0.001044
HG02652	-0.069115	-0.056581	0.038632	-0.009071	-0.001851	0.000417	-0.000853	0.006164	-0.002839	-0.000503
HG02654	-0.069177	-0.047227	0.082506	-0.015223	-0.004827	0.002522	-0.001607	-0.005656	-0.004075	0.000064
HG02655	-0.070386	-0.033181	0.068130	-0.007059	-0.002836	0.001943	0.001458	-0.001646	0.004720	-0.002193
HG02657	-0.072004	-0.059641	0.091356	0.016057	0.000496	-0.008326	-0.000963	0.000072	-0.003327	0.000826
HG02658	-0.074904	-0.068680	0.056056	0.020908	0.001198	-0.006464	0.001261	-0.000848	-0.001383	0.002030
HG02660	-0.073814	-0.048630	0.111737	0.030782	-0.004127	-0.005324	0.000059	0.004612	0.002461	0.005275
HG02661	-0.086103	-0.036288	0.099271	0.030977	-0.003545	-0.001332	-0.001575	-0.002735	-0.000995	0.001225
HG02666	0.222763	0.021966	0.006405	-0.010225	-0.098077	0.166513	-0.031340	-0.017335	0.055845	0.017145
HG02667	0.219381	0.012238	0.005787	0.008296	-0.063621	0.107110	-0.006171	-0.016561	0.049991	-0.024618
HG02675	0.222538	0.015843	-0.000313	0.015006	-0.052517	0.101599	0.013371	0.009792	0.019708	-0.024643
HG02676	0.246398	0.013896	-0.000889	0.004592	-0.063907	0.118864	-0.007603	-0.016081	0.017741	0.027353
HG02678	0.210835	0.023863	0.007380	-0.001978	-0.055189	0.117784	-0.011698	-0.015163	0.019279	0.026124
HG02679	0.225700	0.020929	-0.001334	-0.000914	-0.061755	0.085527	-0.016557	-0.002821	0.023241	-0.017511
HG02681	-0.071155	-0.061740	0.056679	0.012969	0.002171	0.001954	0.001765	0.000584	-0.002324	0.006388
HG02682	-0.066794	-0.059916	0.061675	0.001997	-0.004573	0.000456	-0.004000	0.000574	0.002600	-0.009042
HG02684	-0.074532	-0.040575	0.095775	0.015179	-0.003812	0.001270	0.000332	-0.002189	0.000483	0.000216
HG02685	-0.070007	-0.021487	0.101649	0.016586	-0.001779	0.003484	0.000079	-0.002015	-0.005391	-0.000086
HG02687	-0.078923	-0.010642	0.110596	0.039268	-0.003978	-0.008642	0.003504	-0.004215	0.000875	0.003299
HG02688	-0.077287	-0.026351	0.106638	0.058690	-0.005710	-0.000540	-0.000986	-0.004090	0.003008	0.006322
HG02690	-0.081202	-0.049767	0.070320	0.000544	-0.001349	-0.000393	-0.001153	0.003025	-0.001950	0.000156
HG02691	-0.077597	-0.054550	0.078393	0.013443	-0.002087	-0.002167	0.002140	0.003599	-0.001483	-0.002069
HG02694	-0.066412	-0.047751	0.053638	0.024844	-0.001016	0.000395	-0.000006	0.000760	-0.001972	-0.001832
HG02696	-0.080279	-0.025486	0.065242	-0.000568	-0.002064	-0.003705	0.000992	0.001214	0.001669	0.001455
HG02697	-0.071636	-0.052917	0.067837	0.020856	0.000172	0.002337	-0.000172	-0.002159	0.000234	0.006425
HG02699	-0.070705	-0.053475	0.057054	0.004390	-0.001095	-0.003400	0.004112	0.003682	-0.003563	0.003832
HG02700	-0.072683	-0.050528	0.057230	-0.002043	-0.005565	-0.000536	0.002058	-0.000699	-0.001371	-0.000383
HG02702	0.234619	0.007384	0.005524	-0.000727	-0.095837	0.057194	0.010196	-0.003837	0.012659	0.004869
HG02703	0.242858	0.005510	0.001266	0.014562	-0.080458	0.168808	0.013301	0.006696	0.065089	-0.003010
HG02715	0.225844	0.020146	0.002995	-0.013919	-0.065708	0.093457	-0.016212	0.006523	0.025944	-0.008562
HG02716	0.219282	0.016540	-0.002721	0.010725	-0.062512	0.130391	-0.019665	-0.020367	0.034218	-0.027964
HG02721	0.242808	0.016101	0.010122	-0.002305	-0.081322	0.153839	-0.015843	0.029034	0.043960	0.036305
HG02722	0.224894	0.014157	-0.001664	0.000296	-0.062607	0.046447	0.001347	-0.023326	-0.000077	-0.033380
HG02724	-0.081157	-0.036329	0.082109	0.003841	-0.002619	-0.003750	0.000725	-0.001178	-0.004464	0.004239
HG02725	-0.073728	-0.010906	0.120443	0.011010	-0.006309	0.003556	-0.001264	-0.003361	-0.003630	0.002414
HG02727	-0.078630	-0.029607	0.077652	0.030187	0.002046	-0.006729	0.003251	0.001127	0.002625	0.004981
HG02728	-0.074393	-0.048199	0.078393	-0.000733	-0.002994	-0.001740	-0.003123	0.001136	-0.003898	0.004392
HG02731	-0.065640	-0.043569	0.068131	-0.012516	0.000117	-0.000667	-0.002591	-0.002701	0.002198	-0.003819
HG02733	-0.073088	-0.053934	0.101815	0.017726	-0.006019	-0.002665	0.001692	0.003305	0.002985	-0.000040
HG02734	-0.070620	-0.027273	0.073389	-0.000621	-0.001489	-0.002791	-0.000160	-0.001709	0.004158	-0.000704
HG02736	-0.072164	-0.056651	0.057227	0.001233	0.000285	0.000481	0.001795	0.002366	-0.003413	0.002997
HG02737	-0.080056	-0.042609	0.063527	0.019712	0.001346	0.000309	0.000791	0.004344	0.003051	0.002742
HG02756	0.225975	0.013260	-0.001385	-0.007200	-0.071664	0.094676	-0.019113	-0.014696	0.030203	-0.000150
HG02757	0.221703	0.002923	0.011390	0.004228	-0.062169	0.097056	0.029802	-0.009962	0.018112	-0.002351
HG02759	0.233960	0.022870	0.001252	0.004711	-0.068602	0.088889	0.000560	-0.014883	-0.003627	-0.007908
HG02760	0.243420	0.014422	-0.002530	0.014540	-0.091453	0.077929	0.034567	-0.000518	0.013340	-0.017473
HG02763	0.202944	0.005422	0.001294	0.005925	-0.038566	0.067752	0.004605	0.007023	0.028078	-0.015850
HG02768	0.219340	0.015975	-0.002624	0.004327	-0.048182	0.038485	-0.004993	0.003406	0.010277	-0.014202
HG02769	0.222935	0.016041	0.003494	0.009477	-0.047974	0.066203	-0.024716	0.014837	0.025581	-0.011852
HG02771	0.247261	0.007294	0.005020	0.005863	-0.050557	0.164444	0.011519	0.098685	0.050328	0.011206
HG02772	0.236580	0.023475	0.013618	-0.002476	-0.061544	0.110577	-0.013831	0.012890	0.054361	0.023055
HG02774	-0.083420	-0.046513	0.074568	0.017771	-0.001838	-0.001178	0.000497	-0.000914	-0.002588	0.001123
HG02775	-0.073508	-0.026012	0.079175	0.013064	-0.006533	0.000152	0.000316	-0.001784	0.006129	0.003032
HG02778	-0.077374	-0.023122	0.109590	0.005423	0.002186	0.002085	0.002315	0.003004	-0.000773	0.001868
HG02780	-0.073966	-0.043095	0.067446	0.004149	-0.001629	0.005956	-0.000205	-0.002267	-0.002729	0.001327
HG02783	-0.080733	-0.030517	0.086675	0.003269	-0.002502	0.003333	-0.001805	0.001039	0.000815	0.001364
HG02784	-0.080245	-0.019906	0.133380	0.028168	-0.003565	-0.006537	0.006413	-0.001127	0.006178	0.002488
HG02786	-0.078389	-0.023291	0.090130	0.026529	0.000856	0.000210	-0.001556	0.002462	0.000273	0.003190
HG02787	-0.076270	-0.025752	0.093658	0.026143	-0.003190	-0.001760	-0.001914	-0.000615	0.002374	-0.001247
HG02789	-0.072781	-0.039451	0.086373	0.009840	-0.004297	0.000139	0.000897	0.000648	-0.007521	0.000591
HG02790	-0.063868	-0.031256	0.089491	-0.009378	-0.001415	0.000502	0.003810	-0.000508	-0.002795	-0.006557
HG02792	-0.063492	-0.017903	0.128044	0.004838	-0.004519	-0.006442	0.001594	0.002266	-0.002086	0.002784
HG02793	-0.071010	-0.006180	0.109461	0.018481	-0.004401	-0.000087	-0.003599	-0.000637	-0.003844	0.002461
HG02798	0.231058	0.011005	-0.001032	-0.009677	-0.057913	0.057788	-0.006152	-0.002367	0.008239	-0.017003
HG02799	0.226573	0.010947	-0.007401	-0.002488	-0.078808	0.121948	-0.003361	-0.019190	0.030910	-0.020407
HG02804	0.246566	0.007970	0.000468	0.017529	-0.057611	0.160204	-0.028581	-0.012133	0.051514	0.002690
HG02805	0.248353	0.016040	-0.000222	0.011608	-0.083871	0.166871	-0.015699	-0.013754	0.045582	0.035409
HG02807	0.219761	0.018142	0.013747	0.011434	-0.038146	0.083017	-0.003045	-0.003608	0.009338	0.005307
HG02808	0.238637	0.015938	-0.001065	0.001239	-0.043403	0.121439	-0.017001	-0.034079	0.028978	0.021042
HG02810	0.206264	-0.007397	-0.013289	0.008515	-0.041754	0.030851	-0.014170	-0.003724	0.003735	-0.020244
HG02811	0.160851	-0.016428	-0.006235	-0.008950	-0.062593	0.082111	-0.018198	-0.008919	0.045489	-0.020962
HG02813	0.219321	0.011107	0.005019	0.004486	-0.062009	0.082942	-0.014016	-0.017222	0.000047	-0.007145
HG02814	0.218704	0.011957	-0.004562	-0.000935	-0.077672	0.092807	-0.012558	-0.009267	0.003092	-0.013169
HG02816	0.211382	0.006868	-0.012428	0.007194	-0.053168	0.068267	0.009665	-0.034352	-0.001753	0.008183
HG02817	0.205265	0.010226	-0.000608	0.013177	-0.030041	0.102000	-0.019793	0.010743	0.041762	0.031447
HG02819	0.223611	0.016524	-0.005390	0.012598	-0.038064	0.057528	-0.007297	0.010583	0.030634	-0.004661
HG02820	0.235543	0.002944	0.003045	-0.006573	-0.042124	0.049896	0.002682	0.005812	0.032560	-0.000348
HG02836	0.235034	0.016552	0.000663	0.004526	-0.085603	0.048347	0.003554	0.006038	0.010196	0.006995
HG02837	0.245334	0.008814	-0.008951	-0.002371	-0.057884	0.065461	0.000790	-0.006408	-0.004673	0.030446
HG02839	0.253808	0.011430	0.009922	0.014257	-0.085691	0.222418	-0.034247	0.074581	0.075958	-0.054587
HG02840	0.214879	0.006374	0.003395	-0.002088	-0.054287	0.063814	-0.006759	-0.004406	0.007518	-0.021559
HG02851	0.207680	0.012161	-0.011076	-0.002094	-0.056564	0.053597	-0.004048	-0.004228	0.022231	0.005731
HG02852	0.238506	0.012659	-0.015677	0.010609	-0.075968	0.165289	-0.004393	0.007753	0.058996	0.003094
HG02854	0.244063	0.003844	-0.005317	-0.001320	-0.079275	0.101859	0.002925	0.004985	0.008353	-0.013483
HG02855	0.220525	0.018092	0.005177	-0.001836	-0.086652	0.097945	-0.003846	-0.003828	0.008612	-0.030342
HG02860	0.217007	-0.001868	-0.005288	-0.009164	-0.031181	0.078835	-0.016108	-0.010987	0.002512	0.011503
HG02861	0.236222	0.000582	-0.003230	0.000888	-0.068065	0.108744	-0.024310	-0.022087	0.064284	-0.034328
HG02870	0.214543	0.012398	-0.001449	-0.000812	-0.055296	0.088902	-0.009985	-0.002446	0.015114	-0.001738
HG02878	0.222399	0.011694	-0.000518	-0.001427	-0.071467	0.096888	-0.025811	-0.012193	0.037835	0.001890
HG02879	0.229094	0.012012	0.005268	-0.007181	-0.051120	0.062659	0.001181	-0.007081	0.011961	-0.011905
HG02881	0.218837	0.009993	0.002743	0.000185	-0.050160	0.096550	-0.022720	0.017767	0.024476	0.005844
HG02882	0.236009	0.020360	-0.009378	0.025745	-0.092042	0.129532	-0.019627	-0.001736	0.012183	0.017916
HG02884	0.242462	0.018951	0.001495	-0.008811	-0.040742	0.140078	-0.008161	0.075837	0.022964	-0.017407
HG02885	0.213497	0.002746	0.001430	0.000246	-0.057012	0.100422	-0.012584	-0.004622	0.027097	0.012691
HG02887	0.222171	0.005429	-0.001108	-0.004836	-0.070124	0.081698	-0.017397	-0.009347	0.016247	-0.021366
HG02888	0.255236	0.012777	0.002208	0.006049	-0.093544	0.126160	-0.017464	-0.004000	0.023213	-0.009412
HG02890	0.250991	0.011195	-0.000424	0.009813	-0.054697	0.067842	-0.009287	0.007745	0.028622	0.013665
HG02891	0.217625	0.006529	0.000043	-0.001040	-0.054108	0.090182	-0.011440	0.002388	0.000140	-0.010620
HG02895	0.240059	0.015547	-0.006489	-0.004099	-0.052577	0.086037	-0.010375	-0.003903	0.028595	-0.001728
HG02896	0.224236	0.018910	0.003677	0.004690	-0.068980	0.074812	-0.002383	0.002502	0.027583	-0.028873
HG02922	0.243562	0.015845	0.004871	-0.003582	-0.004834	-0.085810	0.007533	-0.011381	-0.038581	-0.008476
HG02923	0.227532	0.013385	0.004360	0.001446	-0.005360	-0.075259	0.008339	0.000709	0.016611	0.012215
HG02938	0.219059	0.010028	0.002597	-0.008517	-0.008593	-0.073027	0.000966	0.011470	-0.014054	-0.005579
HG02941	0.230053	0.024444	0.001730	0.000564	0.013255	-0.087752	-0.000359	-0.008453	-0.010421	0.008411
HG02943	0.229153	0.015853	-0.001719	-0.001685	-0.008543	-0.064143	0.004191	-0.011102	-0.011914	-0.012883
HG02944	0.241465	0.022928	0.005446	0.006195	-0.028980	-0.053596	0.032690	0.006436	-0.009932	-0.005911
HG02946	0.236848	0.007893	-0.007481	0.008976	-0.002779	-0.067715	0.031083	-0.016672	0.025571	-0.025580
HG02947	0.229938	0.010048	0.002025	-0.009229	0.013792	-0.054032	-0.006342	-0.005077	0.003878	0.012770
HG02952	0.237393	0.014404	0.008760	0.000447	-0.024068	-0.089158	0.009322	-0.004404	-0.024115	-0.003151
HG02953	0.239980	0.019765	-0.008431	-0.006046	-0.013489	-0.067756	0.008350	-0.010858	-0.021293	-0.003805
HG02968	0.227549	0.016232	0.000339	-0.008672	0.004064	-0.053755	0.026700	-0.014431	-0.032734	0.005457
HG02970	0.223977	0.024583	0.013958	0.003698	-0.012099	-0.043891	0.021155	0.002885	0.004030	0.016173
HG02971	0.217518	0.016138	-0.001920	-0.000115	0.003270	-0.044954	-0.001761	-0.000827	-0.030085	-0.026974
HG02973	0.237102	0.014532	-0.003321	0.008562	-0.015155	-0.067293	0.008058	0.008846	-0.000410	0.001943
HG02974	0.245082	0.023619	0.001638	-0.004831	-0.003729	-0.042135	0.000615	-0.016697	-0.018082	0.040904
HG02976	0.235704	0.011561	0.004151	-0.003725	-0.016796	-0.099059	0.016798	0.003503	0.013114	-0.022867
HG02977	0.239731	0.018177	-0.017719	-0.007139	-0.010889	-0.090397	-0.005619	-0.011309	-0.017423	-0.005116
HG02979	0.225567	0.014614	-0.001636	0.003363	0.048383	-0.086323	-0.003019	0.008473	0.001091	0.005112
HG02981	0.222949	0.015168	0.000073	0.004319	-0.006303	-0.073821	0.008975	-0.022861	-0.018702	-0.008469
HG02982	0.223025	0.003038	0.008077	0.001895	-0.046620	0.098960	0.006546	-0.010762	0.041426	0.012090
HG02983	0.211230	0.008362	0.001011	-0.002741	-0.059270	0.091721	-0.019807	-0.021555	0.009590	-0.016097
HG03006	-0.087324	0.013882	0.096840	0.009653	0.000591	0.005818	-0.002181	-0.000266	-0.006315	0.005259
HG03007	-0.082899	-0.017631	0.106189	0.018459	-0.001370	0.002340	-0.000965	0.002542	-0.000445	0.000127
HG03009	-0.075736	-0.013399	0.088546	-0.002545	-0.003263	-0.008545	0.001859	-0.006514	-0.004274	0.003726
HG03012	-0.078386	0.001289	0.101989	0.029210	-0.000607	0.002566	0.002965	0.001586	0.005542	-0.002259
HG03015	-0.073230	-0.027335	0.074393	-0.001431	-0.003372	-0.001809	-0.000584	-0.002356	0.003734	-0.000758
HG03016	-0.068760	-0.050498	0.095688	0.018978	-0.003870	-0.001471	-0.001313	-0.007751	0.003008	-0.000945
HG03018	-0.072669	-0.032376	0.086300	0.006798	-0.002589	0.002876	-0.004617	-0.003009	-0.000360	-0.002045
HG03019	-0.081926	-0.045055	0.072464	0.012959	-0.000308	-0.001303	-0.001011	-0.001324	0.001099	0.000311
HG03021	-0.075732	-0.037101	0.075483	0.013122	-0.001395	-0.005501	0.003000	-0.002452	0.003844	0.004566
HG03022	-0.078439	-0.027932	0.087283	0.026085	-0.000978	-0.000741	0.002372	0.000860	-0.001627	0.002704
HG03024	0.212205	0.009011	-0.001701	0.005938	-0.041911	0.045858	-0.010097	0.013283	0.012590	-0.019215
HG03025	0.225214	0.015144	0.001662	-0.005104	-0.052973	0.131746	0.004403	0.014773	0.013306	0.039441
HG03027	0.234784	0.010516	-0.006219	0.012579	-0.069202	0.134544	-0.013104	-0.008473	0.038353	0.005765
HG03028	0.219235	0.014200	0.008820	-0.003687	-0.076925	0.118727	-0.013656	-0.052027	0.038348	0.000631
HG03039	0.233951	0.007959	0.000755	0.007507	-0.049604	0.051794	0.011520	0.005668	0.004653	-0.003103
HG03040	0.225216	-0.001362	-0.002630	0.006089	-0.041130	0.019912	-0.009321	-0.009061	0.001986	0.004252
HG03045	0.235987	0.024229	0.000582	0.012198	-0.074320	0.117436	-0.009111	-0.016714	-0.001180	-0.027766
HG03046	0.243127	0.013058	-0.001125	0.008305	-0.048845	0.081210	-0.000249	-0.010811	0.026995	0.016977
HG03048	0.243967	0.017326	0.002850	-0.003095	-0.060566	0.124999	-0.017890	-0.030132	0.009785	0.025463
HG03049	0.227836	0.013987	-0.004789	0.003902	-0.064910	0.111812	-0.025333	-0.010327	0.022040	0.035492
HG03052	0.251933	0.012502	0.004451	0.009503	-0.059261	0.056231	-0.013500	0.007112	0.000321	0.036787
HG03054	0.236001	0.015504	-0.000575	0.007648	-0.084056	0.047155	0.012176	-0.018933	0.009643	0.036033
HG03055	0.239968	0.016786	0.016042	0.007798	-0.042511	0.051696	-0.027461	-0.007797	0.023537	-0.010496
HG03057	0.254783	0.019370	0.004932	0.003777	-0.048411	0.045543	-0.006276	-0.017847	-0.004598	-0.014121
HG03058	0.231776	0.011690	0.002999	-0.003619	-0.047429	-0.018397	-0.002211	-0.019273	-0.024259	-0.016578
HG03060	0.233604	0.015514	-0.003253	0.008475	-0.050633	0.050889	0.014600	0.069339	-0.020339	-0.037620
HG03061	0.229900	0.014843	0.014760	0.008808	-0.060675	0.019091	-0.002198	0.001681	0.001144	0.006121
HG03063	0.242230	0.010396	0.001072	0.007347	-0.086816	0.043818	-0.016960	-0.007134	0.018885	0.017123
HG03064	0.229480	0.007550	-0.005076	-0.010499	-0.075076	0.039907	0.002541	0.023315	-0.017723	0.013595
HG03066	0.231070	0.011678	0.012222	-0.008082	-0.040105	-0.032170	0.006647	0.006963	-0.008411	0.010089
HG03069	0.234331	0.014628	0.010199	-0.001768	-0.075845	0.062877	0.014816	0.000339	0.003982	0.012807
HG03072	0.237950	0.015482	-0.003819	0.012116	-0.055329	0.028315	-0.013380	-0.014422	-0.004485	-0.022819
HG03073	0.246645	0.016514	0.004499	-0.003220	-0.054644	0.041864	-0.013338	0.029990	0.016980	-0.011068
HG03074	0.235509	0.015976	-0.001889	-0.005812	-0.065965	0.024165	0.011428	0.002869	-0.003125	-0.055155
HG03077	0.236691	0.020390	0.000217	-0.002290	-0.056769	0.007068	-0.012580	0.018810	-0.039595	0.002046
HG03078	0.252154	0.010636	-0.009695	0.003960	-0.041427	0.083619	-0.018810	-0.025036	-0.036262	0.016095
HG03079	0.233654	0.004143	0.003055	-0.011633	-0.057973	0.025824	0.001985	-0.015824	-0.005469	-0.007717
HG03081	0.246254	0.013819	0.001010	-0.001833	-0.037407	0.045988	-0.007186	-0.004036	-0.036433	0.020553
HG03082	0.240848	0.018664	0.000422	0.014762	-0.054611	0.045925	0.011983	0.052989	0.020968	-0.063514
HG03084	0.239450	0.013804	0.008596	-0.004587	-0.093460	0.055997	-0.005120	-0.008675	-0.006078	0.008951
HG03085	0.247265	0.015552	0.000740	-0.002842	-0.052608	0.028521	0.036986	0.070828	-0.034756	-0.022526
HG03086	0.240280	0.022303	0.013886	0.007930	-0.050188	-0.007406	0.007848	-0.015608	-0.019481	-0.013405
HG03088	0.223990	0.006768	0.002584	-0.005438	-0.031719	0.025005	-0.000064	0.001183	-0.005421	0.005788
HG03091	0.238700	0.012660	0.002820	-0.001621	-0.054977	0.052690	-0.000637	0.001149	-0.017379	-0.023653
HG03095	0.263706	0.026006	-0.000503	0.000831	-0.101275	0.081184	0.001837	-0.003547	-0.002821	-0.013412
HG03096	0.250515	0.010004	0.012696	0.015739	-0.074674	0.051714	-0.013739	0.001426	0.019317	0.040824
HG03097	0.238506	0.021390	-0.000492	-0.005764	-0.075903	0.087639	-0.000163	0.037969	0.030117	0.012884
HG03099	0.249907	0.013393	-0.000940	-0.003277	-0.025685	-0.084535	0.003285	-0.009759	-0.016702	-0.005892
HG03100	0.220306	0.009354	-0.004042	0.006844	-0.001552	-0.056361	0.002020	-0.008133	-0.011084	0.005611
HG03103	0.231609	0.015046	-0.001570	0.004607	-0.008818	-0.086472	0.023605	0.009598	-0.036903	0.003918
HG03105	0.218898	0.021005	-0.007667	-0.002009	0.002390	-0.121733	0.009592	-0.017538	-0.009733	-0.033593
HG03108	0.237521	0.008116	-0.003375	0.001447	-0.022279	-0.059883	0.006651	-0.014592	-0.025242	-0.023531
HG03109	0.235144	0.013308	0.007057	-0.012461	-0.012212	-0.034088	0.002159	0.043495	-0.031034	0.006312
HG03111	0.232973	0.022704	0.006559	0.005367	-0.009971	-0.081155	0.017271	0.009786	-0.006854	0.013247
HG03112	0.256086	0.008040	0.013599	0.005921	-0.006484	-0.107643	0.004978	-0.002230	-0.005607	0.044990
HG03114	0.240081	0.007514	0.000954	0.004856	-0.007051	-0.040310	0.003874	-0.007350	-0.002889	0.030421
HG03115	0.239009	0.019542	0.016649	-0.002184	-0.021201	-0.085575	0.004150	0.010335	-0.021331	-0.004687
HG03117	0.245268	0.014815	0.007634	-0.001862	-0.000874	-0.070903	-0.006985	0.046346	0.017670	0.002619
HG03118	0.229782	0.008220	0.002810	-0.001456	-0.009390	-0.050213	-0.007333	0.004022	-0.010211	-0.017428
HG03120	0.240707	0.025058	0.003053	0.000364	-0.001643	-0.048642	-0.002328	0.040995	-0.034052	-0.008721
HG03121	0.227385	0.014289	0.015696	0.002055	-0.013076	-0.082294	0.001165	-0.001696	0.004740	0.001057
HG03123	0.235581	0.016677	0.000545	-0.002295	0.004902	-0.111254	0.010538	0.001426	-0.025232	-0.007587
HG03124	0.223309	0.013793	0.004517	-0.006147	-0.006987	-0.090458	0.002325	-0.003172	-0.009501	0.000634
HG03126	0.235665	0.011388	0.004534	0.001604	-0.027949	-0.060257	0.013393	-0.010321	-0.005093	-0.027916
HG03127	0.240420	0.010544	-0.005476	-0.002553	-0.017100	-0.051041	0.022365	0.028325	-0.021057	-0.017643
HG03129	0.224539	0.003093	0.003362	-0.003170	-0.012797	-0.103059	-0.000394	-0.004247	-0.026250	-0.016116
HG03130	0.241183	0.018327	0.001757	-0.006420	-0.030142	-0.060423	0.024657	-0.002079	-0.005051	-0.017086
HG03132	0.247889	0.022895	0.000622	-0.010120	-0.004976	-0.078122	0.009814	-0.009933	-0.040852	-0.000333
HG03133	0.225704	0.011634	-0.003201	0.007630	-0.018621	-0.061129	0.019014	-0.003133	-0.031422	-0.001628
HG03135	0.232159	0.025617	-0.007973	0.001172	-0.001444	-0.080663	-0.006677	0.001418	-0.024411	0.024233
HG03136	0.231751	0.014788	0.008118	-0.003330	-0.014793	-0.095772	0.012563	0.012831	-0.003118	-0.022487
HG03139	0.220339	0.004228	0.002366	-0.011440	-0.003208	-0.056261	0.012169	0.012290	-0.020682	0.014790
HG03157	0.235830	0.020918	0.008239	-0.002423	0.013815	-0.073691	0.004288	0.023736	0.007553	-0.009537
HG03159	0.234570	0.011748	0.000239	0.000460	-0.006511	-0.053983	0.010620	-0.000584	-0.030599	0.021788
HG03160	0.242250	0.019158	0.005554	0.000605	-0.001537	-0.042107	0.008216	0.021462	0.016687	-0.016646
HG03162	0.222861	0.010330	0.008911	-0.009871	-0.003579	-0.073939	0.014258	0.007014	-0.025492	0.003046
HG03163	0.224445	0.004560	-0.003056	-0.012681	-0.008103	-0.083753	0.011135	-0.004931	-0.015154	0.005482
HG03166	0.245861	0.017595	0.001444	-0.006073	-0.014964	-0.076683	0.014984	-0.000334	-0.021790	-0.001722
HG03168	0.225874	0.011634	-0.004416	-0.011558	-0.005983	-0.094148	0.012429	-0.022396	-0.019468	0.016945
HG03169	0.227650	0.008742	-0.004098	-0.013375	0.000662	-0.080077	0.012128	-0.014218	-0.026807	-0.009491
HG03172	0.231107	0.011159	-0.005516	-0.002600	-0.008332	-0.067666	0.008131	0.005028	-0.015358	-0.016726
HG03175	0.243709	0.014565	-0.005982	-0.003813	-0.028666	-0.111690	0.020743	-0.004699	-0.027560	-0.000109
HG03189	0.235533	0.014457	0.011235	0.003638	0.018259	-0.039919	-0.002647	-0.009239	-0.002609	0.027870
HG03190	0.241113	0.021081	0.004040	-0.004042	0.002414	-0.067287	0.012396	-0.018851	-0.013747	-0.000951
HG03193	0.231522	0.015568	0.000812	-0.000028	-0.006112	-0.061609	-0.001738	-0.007011	-0.021553	0.003746
HG03195	0.229343	0.021659	-0.004196	0.003265	0.003013	-0.074047	0.012724	-0.012650	-0.009667	0.002605
HG03196	0.251539	0.012920	-0.002590	0.004943	-0.010185	-0.062510	0.022595	0.014767	0.002307	0.027992
HG03198	0.224145	0.017100	-0.002708	-0.006158	-0.008495	-0.108743	0.015046	-0.005848	-0.041251	0.007109
HG03199	0.249086	0.017622	-0.001593	0.000967	-0.008493	-0.109475	0.003248	0.010312	0.008791	0.002835
HG03202	0.211169	0.018295	0.007510	-0.009152	0.014232	-0.089661	-0.000088	0.008061	-0.016735	-0.014344
HG03209	0.236854	0.012618	0.000097	0.010975	-0.066756	0.061714	0.009117	0.079384	-0.012965	-0.005475
HG03212	0.257757	0.013053	0.000645	0.005344	-0.077925	0.055778	0.000871	-0.023722	0.000038	-0.042340
HG03224	0.236334	0.013527	0.003246	-0.000298	-0.055438	0.041080	-0.002582	-0.002219	-0.011985	-0.015487
HG03225	0.220037	0.009294	0.006127	-0.008276	-0.069007	0.042692	0.002078	0.005319	-0.003692	0.002112
HG03228	-0.073838	-0.040868	0.092611	0.001919	0.004211	-0.002725	0.000337	0.003852	-0.002359	-0.001808
HG03229	-0.081444	-0.008156	0.114302	0.001462	-0.000009	-0.003350	0.001483	0.002420	-0.005638	0.000916
HG03234	-0.072453	-0.057975	0.052155	0.028015	-0.001542	0.003157	0.001578	-0.001339	0.004705	0.001630
HG03235	-0.069923	-0.028040	0.081630	-0.015498	-0.000194	0.003015	-0.002466	0.000292	0.002282	0.006927
HG03237	-0.073558	-0.045252	0.059045	-0.013774	-0.001581	0.004503	0.001714	0.000324	0.000952	0.004316
HG03238	-0.071933	-0.039743	0.066351	-0.013146	-0.000975	0.005746	-0.003350	-0.001388	-0.000904	-0.003043
HG03240	0.244130	0.019227	-0.003500	-0.001015	-0.071222	0.055144	-0.019448	0.007031	0.002129	0.022492
HG03241	0.228061	0.018276	0.013780	0.015854	-0.086146	0.110176	-0.011716	-0.008143	0.026726	-0.007349
HG03246	0.240860	0.014898	0.005591	0.004669	-0.057702	0.160945	-0.018156	-0.014513	0.032254	-0.019128
HG03247	0.236684	0.019453	0.002899	0.008663	-0.061909	0.074964	-0.001565	-0.012330	0.023840	0.011851
HG03258	0.228496	0.012046	0.016655	-0.001188	-0.068637	0.116304	-0.017307	-0.007799	0.026624	-0.000118
HG03259	0.241374	0.020226	-0.000573	0.008466	-0.055085	0.108529	-0.003906	-0.015252	0.007156	0.003353
HG03265	0.237126	0.018438	0.000642	-0.009273	-0.028713	-0.114043	0.023763	-0.006165	-0.017214	-0.010425
HG03267	0.232072	0.017897	0.000547	-0.001153	-0.025784	-0.049429	0.004173	0.007902	-0.012137	0.012390
HG03268	0.239350	0.015537	0.006700	-0.005235	-0.011583	-0.060357	-0.004304	0.023784	-0.013820	-0.001320
HG03270	0.252193	0.026043	0.000265	-0.000805	0.009926	-0.087198	0.009275	0.002001	-0.030077	-0.009600
HG03271	0.223781	0.006388	-0.008947	-0.011234	0.004020	-0.095674	-0.003492	0.001109	-0.030676	-0.023861
HG03279	0.225330	0.015069	-0.001716	-0.008408	-0.003957	-0.071568	-0.001746	-0.005481	-0.015943	-0.022042
HG03280	0.224452	0.020640	0.000265	-0.006589	-0.013214	-0.072852	0.007629	-0.005773	-0.028043	0.007960
HG03291	0.235198	0.016163	-0.010053	-0.003885	-0.021850	-0.070770	0.010963	-0.015665	-0.015130	-0.015406
HG03294	0.240830	0.013374	-0.000183	-0.002512	-0.002905	-0.037376	0.008728	-0.001131	-0.010231	0.001074
HG03295	0.242410	0.009882	-0.006199	0.000502	-0.018767	-0.053499	0.013137	0.015667	-0.021269	-0.020123
HG03297	0.242483	0.019872	0.012450	-0.005523	0.000619	-0.082105	-0.002781	0.012109	-0.022133	-0.009712
HG03298	0.230800	0.016866	-0.010287	-0.008365	-0.008975	-0.048573	0.007090	-0.011410	-0.007461	-0.008112
HG03300	0.231761	0.018405	0.004081	-0.000801	-0.009104	-0.048070	0.012414	-0.009269	-0.023234	0.006861
HG03301	0.252137	0.007959	0.004428	-0.009127	0.001585	-0.066141	0.012944	-0.001558	-0.012478	0.005796
HG03303	0.243024	0.021109	0.004450	0.004580	-0.032773	-0.046294	0.008804	0.012149	-0.006624	-0.002449
HG03304	0.250907	0.014217	0.010742	0.001427	-0.016669	-0.054190	-0.005987	-0.022710	-0.035244	0.005079
HG03311	0.223318	0.010059	0.000871	0.007846	-0.007836	-0.022738	0.003553	0.019016	-0.011181	0.010525
HG03313	0.237462	0.008325	0.000879	0.005899	-0.011361	-0.056871	0.008991	0.001392	0.011612	0.017838
HG03342	0.236609	0.010272	0.005664	-0.008389	-0.021217	-0.035440	0.005327	0.005198	-0.018468	-0.008572
HG03343	0.225779	0.011729	-0.003326	0.000483	-0.014291	-0.066877	0.002214	-0.001387	-0.027212	0.003864
HG03351	0.250120	0.017548	0.002607	-0.007787	-0.002429	-0.087111	0.013727	0.005160	-0.013861	-0.007185
HG03352	0.222483	0.020837	-0.001321	0.002487	0.000123	-0.088580	0.015075	-0.018132	-0.001989	-0.010477
HG03354	0.237524	0.018112	0.001745	0.005780	-0.012280	-0.045622	-0.007359	-0.009445	-0.007655	-0.024193
HG03363	0.227691	0.026316	-0.004115	0.003785	0.028189	-0.055074	-0.007212	-0.009233	-0.009090	0.014680
HG03366	0.232179	0.012168	-0.007344	0.004783	0.008654	-0.083833	0.016781	-0.000650	-0.013923	0.002586
HG03367	0.227678	0.013397	0.003769	0.000977	-0.018638	-0.067323	0.003562	0.003300	-0.018567	-0.001910
HG03369	0.259551	0.013647	0.005435	0.008203	0.008823	-0.043373	0.006631	0.000880	0.016818	0.022007
HG03370	0.230867	0.011676	0.008846	0.002549	-0.006155	-0.061751	-0.013385	0.023497	-0.025389	-0.020892
HG03372	0.239930	0.013583	0.008823	0.007907	-0.005044	-0.027754	0.003406	0.006381	0.000523	-0.019174
HG03376	0.245797	0.013464	0.006326	0.004364	-0.058088	0.021161	-0.005243	-0.009565	0.000349	-0.017595
HG03378	0.242201	0.012203	0.008014	0.004497	-0.069785	0.028052	-0.005946	-0.018109	0.028171	-0.016679
HG03380	0.236723	0.010960	0.004464	0.003126	-0.037829	0.009005	-0.010555	-0.012000	-0.020717	0.006500
HG03382	0.243796	0.013925	0.008507	0.006199	-0.081635	0.054027	0.001011	-0.001075	0.004011	-0.004010
HG03385	0.246954	0.024761	-0.005035	-0.002227	-0.031912	0.055301	0.009818	0.045438	-0.003149	0.015756
HG03388	0.235354	0.008234	-0.012448	-0.000357	-0.039236	0.026577	-0.001679	-0.009570	0.008485	-0.003888
HG03391	0.250272	0.011061	0.004044	-0.000313	-0.067087	0.015352	-0.017350	-0.021215	-0.023559	-0.034533
HG03394	0.227027	0.022364	-0.006887	0.015250	-0.043615	0.009405	0.001662	-0.020983	-0.038216	0.007337
HG03397	0.228906	0.011770	0.007041	-0.001695	-0.079462	0.045740	0.001229	-0.008051	0.007553	0.011783
HG03401	0.231578	0.019156	-0.002225	0.005956	-0.042416	0.102194	-0.032193	-0.018009	0.007486	-0.042846
HG03410	0.232441	0.016275	0.010303	0.003972	-0.061841	0.015421	-0.014294	-0.021059	-0.001588	0.006867
HG03419	0.213833	0.007757	-0.005550	0.002122	-0.053491	0.032187	-0.005594	0.015373	-0.000066	0.009676
HG03428	0.247384	0.005333	-0.004053	0.010535	-0.062471	0.031448	0.009758	0.040188	-0.009555	-0.002835
HG03432	0.246117	0.030870	0.005167	0.029715	-0.067301	0.078386	0.004144	0.024543	0.045850	0.030279
HG03433	0.240708	0.025501	-0.001725	0.008768	-0.068086	0.046212	-0.002588	-0.004284	-0.021602	-0.004618
HG03436	0.233019	0.013794	-0.003677	-0.002084	-0.043477	-0.031217	-0.006973	-0.008767	-0.030053	0.003729
HG03437	0.236227	0.007061	-0.003308	0.004628	-0.047137	0.059445	-0.031244	0.017090	0.018128	0.043823
HG03439	0.244963	0.026921	0.008704	0.003805	-0.087639	0.000879	-0.008589	-0.003243	-0.019288	0.013945
HG03442	0.254504	0.023957	0.001827	0.002311	-0.061098	0.018299	-0.003966	-0.022400	-0.020683	0.011024
HG03445	0.238945	0.018875	0.007108	0.010521	-0.041696	0.010707	-0.001443	-0.004402	-0.020838	0.000076
HG03446	0.250589	0.019874	0.006132	-0.007011	-0.038009	0.087776	-0.015707	0.030292	-0.005104	0.034953
HG03449	0.237614	0.029164	-0.000365	0.007214	-0.068697	0.063339	-0.006200	-0.034457	0.009762	0.001415
HG03451	0.246031	0.014863	-0.000984	0.002306	-0.042350	-0.003286	0.005416	0.010974	0.017874	-0.010119
HG03452	0.244692	0.018199	-0.006436	0.009365	-0.052393	0.051119	0.013042	0.018684	-0.031075	0.034812
HG03455	0.251228	0.020112	0.005432	-0.002460	-0.057453	0.036019	0.017367	-0.009834	-0.012705	0.001542
HG03457	0.229459	0.016637	-0.001759	-0.005036	-0.030091	0.062581	-0.012003	0.049679	-0.007044	0.002725
HG03458	0.247527	0.022420	0.005895	-0.004363	-0.043717	0.035404	0.007104	0.005893	0.004700	0.010031
HG03460	0.246445	0.012477	0.009444	-0.005626	-0.069329	0.054870	-0.009150	-0.007846	0.006486	-0.001032
HG03461	0.247156	0.009735	-0.003260	-0.008806	-0.060039	0.075675	-0.017758	-0.025608	0.018411	0.023181
HG03464	0.239427	0.010878	0.006807	0.001188	-0.073693	0.059750	-0.000660	-0.014047	-0.000081	0.005438
HG03469	0.250777	0.011991	0.003499	-0.002029	-0.059967	0.050174	0.023009	-0.005319	0.012212	0.004334
HG03470	0.249925	0.013378	0.008639	0.011550	-0.064228	0.041149	0.009456	0.013355	-0.010595	0.017462
HG03472	0.224361	0.010875	-0.002738	-0.006287	-0.061114	0.100913	-0.005213	-0.007804	-0.003826	0.023048
HG03473	0.236108	0.013301	-0.005574	-0.009932	-0.051680	0.054596	0.010144	-0.013680	-0.006837	-0.008355
HG03476	0.246441	0.013724	0.003309	0.002218	-0.072623	0.011334	0.002281	-0.012434	-0.008969	0.002569
HG03478	0.252602	0.011949	0.005310	-0.008392	-0.059546	0.064703	0.000167	-0.007254	0.016692	0.005432
HG03479	0.239132	0.015869	0.001801	0.006987	-0.054489	0.030465	0.005487	-0.001349	-0.005497	-0.007361
HG03484	0.229319	0.009270	0.000963	0.007441	-0.054926	0.038665	-0.000066	-0.014860	-0.009512	-0.005833
HG03485	0.227875	0.023203	-0.005442	0.005145	-0.077076	0.027107	0.001563	-0.012533	-0.002738	0.020250
HG03488	-0.072921	-0.044379	0.076885	-0.007147	-0.001710	-0.002489	0.000127	0.000503	-0.001179	-0.001160
HG03490	-0.076713	-0.053420	0.043746	0.030097	-0.002507	-0.007428	-0.000405	-0.003930	0.003575	0.001238
HG03491	-0.074759	-0.033314	0.081540	0.042606	0.004317	-0.004084	0.003856	0.002560	0.000915	0.000204
HG03499	0.235146	0.019790	-0.004941	0.004729	-0.019921	-0.082190	0.004362	0.025776	-0.043483	-0.029571
HG03511	0.236683	0.016117	0.006538	-0.001117	-0.014919	-0.083580	0.017179	-0.004267	-0.016876	0.018484
HG03514	0.227209	0.007437	0.002173	0.002287	-0.012243	-0.075028	0.026606	0.000862	-0.026229	-0.016098
HG03515	0.233643	0.011390	0.011963	0.010736	0.000060	-0.057000	0.011243	-0.001581	-0.020105	-0.016782
HG03517	0.233470	0.013034	0.005670	0.000992	-0.030124	-0.075504	0.013198	-0.005416	0.007589	-0.020384
HG03518	0.218145	0.015337	0.000114	0.003344	0.012897	-0.064599	0.010209	-0.000563	-0.011995	0.022538
HG03520	0.239181	0.015125	0.008695	-0.001620	-0.000043	-0.086052	0.004937	-0.002927	-0.041627	0.022280
HG03521	0.247117	0.009393	0.001971	0.010727	-0.022132	-0.025533	-0.001208	-0.003824	0.001835	0.001127
HG03538	0.230304	0.010106	0.001627	-0.002395	-0.059166	0.121327	-0.022266	0.005187	0.032866	0.036113
HG03539	0.218644	0.009133	0.002935	0.006624	-0.052593	0.102584	-0.006047	-0.016767	0.019725	0.006889
HG03547	0.219793	0.004838	0.002613	-0.009811	-0.053423	0.001527	0.003626	-0.023839	-0.015506	-0.009497
HG03548	0.273673	0.031280	-0.003963	0.002052	-0.094795	-0.002386	0.022733	-0.004357	0.016662	-0.018737
HG03556	0.233342	0.011396	-0.001709	-0.004044	-0.035304	0.029611	-0.004527	0.004631	0.025644	-0.016571
HG03557	0.240855	0.006426	0.005648	-0.003105	-0.065041	0.005770	0.014543	-0.000130	0.000412	0.000080
HG03558	0.224061	0.018023	0.001338	0.002969	-0.064167	0.028952	0.002016	0.026887	0.017054	-0.010831
HG03559	0.256572	0.016767	0.002422	0.000168	-0.053879	0.013067	-0.002007	0.003769	-0.012362	0.005825
HG03563	0.237223	0.017968	0.004058	0.003456	-0.041774	0.038491	-0.005432	0.003428	0.015192	-0.010219
HG03565	0.241806	0.017977	0.003998	0.006265	-0.059370	0.046538	-0.019801	-0.004949	0.026062	-0.028498
HG03567	0.225160	0.017533	0.004455	0.005357	-0.030499	-0.007399	-0.004065	0.011078	-0.033650	-0.000299
HG03571	0.223531	0.019275	0.002814	0.010863	-0.034692	-0.006879	-0.007582	0.006205	-0.000481	-0.024205
HG03572	0.233524	0.014435	-0.007181	-0.004099	-0.027334	0.031096	0.020129	0.001289	-0.029851	0.002237
HG03575	0.245235	0.013404	0.004550	0.001573	-0.065891	0.057542	-0.012659	0.007695	-0.018733	-0.031647
HG03577	0.235310	0.007200	0.010615	-0.005728	-0.049284	0.051690	-0.001395	0.015246	-0.005398	-0.008452
HG03578	0.237729	0.010582	-0.000987	-0.007757	-0.000889	0.000459	-0.006145	0.000669	-0.011865	-0.003899
HG03583	0.244749	0.020768	-0.006736	-0.001353	-0.068704	0.007400	0.005410	0.009394	-0.012594	-0.015116
HG03585	-0.077046	-0.041444	0.069205	0.025839	0.002131	-0.006116	0.000308	-0.002552	-0.002170	0.002613
HG03589	-0.081505	-0.010707	0.097814	0.017139	-0.002423	0.001776	-0.002168	-0.002879	0.004276	-0.002659
HG03593	-0.088815	-0.014048	0.091266	0.016767	-0.001413	0.005030	-0.000136	-0.002013	0.001641	0.000633
HG03594	-0.077620	-0.039373	0.099490	0.005415	-0.004020	-0.005050	-0.001538	-0.002585	0.000360	-0.003045
HG03595	-0.069837	-0.000418	0.097652	0.001038	-0.007707	-0.003618	-0.001987	-0.005869	-0.006496	-0.003440
HG03598	-0.080075	-0.023470	0.082888	0.018706	0.004773	0.004383	0.002461	0.000430	-0.002993	-0.004777
HG03600	-0.075528	-0.032562	0.148875	0.015913	-0.003976	0.003421	-0.003567	-0.000218	-0.002220	0.002028
HG03603	-0.078929	-0.014115	0.125819	0.014386	-0.003039	-0.006074	-0.001148	0.000081	-0.003686	-0.002219
HG03604	-0.080270	0.002050	0.076282	-0.003177	-0.005885	0.003483	-0.001378	0.001195	-0.001990	-0.002718
HG03607	-0.075412	0.001589	0.092161	0.009745	-0.004059	0.000744	-0.000965	0.001059	-0.003179	0.001452
HG03611	-0.078841	-0.024838	0.111314	0.040565	-0.003180	-0.000549	-0.001532	-0.004793	0.002378	-0.001647
HG03615	-0.076896	-0.020161	0.095759	0.019779	0.000745	0.002913	-0.000125	0.000566	0.005759	0.003972
HG03616	-0.085347	0.007524	0.083216	-0.001858	0.002862	0.001642	0.000410	-0.005748	-0.006205	-0.003177
HG03619	-0.064924	-0.073135	0.063954	-0.021223	-0.003052	-0.003277	-0.001506	-0.000151	0.000646	-0.004406
HG03624	-0.071919	-0.051361	0.079131	0.009097	0.001103	-0.003132	-0.002818	-0.000010	0.007606	-0.000555
HG03625	-0.068688	-0.049476	0.055867	0.018799	0.000328	0.000393	0.001525	0.002799	-0.001642	0.002011
HG03629	-0.077113	-0.029243	0.088713	0.017596	-0.002369	0.001179	0.001895	-0.001389	-0.005664	0.002757
HG03631	-0.070335	-0.042756	0.038730	0.029720	-0.002019	-0.007132	0.001514	-0.000592	0.004745	-0.000108
HG03634	-0.080220	-0.025760	0.077697	0.008922	0.001736	-0.002406	0.001276	0.000675	-0.001838	0.000576
HG03636	-0.079056	-0.042389	0.049171	0.026671	0.001184	-0.003662	0.000111	0.001989	0.002643	0.008586
HG03640	-0.075884	-0.006615	0.105689	-0.006311	-0.004326	0.002101	0.000217	-0.004817	-0.002107	-0.003700
HG03642	-0.073456	-0.004765	0.126525	0.017561	-0.001574	0.001381	-0.001995	-0.002060	-0.003963	-0.005103
HG03643	-0.081842	-0.028896	0.123737	0.051669	-0.000139	0.002748	0.000270	-0.000461	-0.003299	-0.000481
HG03644	-0.077014	-0.024045	0.136089	0.029828	-0.000719	-0.006726	-0.000769	-0.001702	-0.007770	-0.003695
HG03645	-0.072075	-0.033125	0.094455	0.015055	0.003579	-0.001398	0.000127	0.000226	-0.001567	-0.001768
HG03646	-0.080191	-0.006613	0.114517	0.003382	0.002251	0.001473	0.001781	0.001102	0.000216	-0.000684
HG03649	-0.076475	-0.038279	0.069843	0.015662	-0.000904	-0.000042	-0.001022	-0.002629	0.000105	0.001875
HG03652	-0.070519	-0.030784	0.089587	0.018051	0.004811	-0.000808	0.003628	0.001435	-0.002244	0.002305
HG03653	-0.072114	-0.028385	0.081496	0.020050	-0.002075	0.001895	-0.000411	-0.001382	0.004396	0.002857
HG03660	-0.070063	-0.029867	0.090670	0.005282	-0.001401	0.000359	-0.000203	0.001900	0.000115	0.002025
HG03663	-0.078649	-0.020424	0.116912	0.005396	-0.004914	0.000608	-0.004292	0.000330	-0.002898	-0.000801
HG03667	-0.076575	-0.014670	0.096966	0.007346	-0.004148	0.000540	0.000803	0.000131	0.004614	0.000423
HG03668	-0.073520	-0.036750	0.066804	0.026327	0.003758	-0.002803	0.000424	0.003930	0.001593	-0.002113
HG03672	-0.070540	-0.016060	0.101754	0.028872	-0.000466	-0.003387	-0.003021	-0.000909	0.004292	0.000786
HG03673	-0.075643	-0.034209	0.124645	0.046402	-0.002405	-0.006536	0.002900	0.004587	-0.008186	0.004727
HG03679	-0.070592	-0.029034	0.102540	-0.005630	-0.001364	0.003824	-0.002727	-0.004101	-0.001311	-0.001448
HG03680	-0.079587	-0.019917	0.102030	0.030329	-0.002014	0.000259	-0.004052	-0.003375	-0.004366	-0.005390
HG03681	-0.078396	-0.036127	0.137480	0.038685	-0.002715	-0.006797	0.003425	-0.004533	-0.005541	-0.001638
HG03684	-0.073945	-0.015947	0.135276	0.004076	-0.001714	-0.006858	-0.001173	-0.004454	0.002571	-0.003157
HG03685	-0.075009	-0.046081	0.089048	0.036293	0.000549	0.005310	-0.001256	-0.000812	0.002309	0.003564
HG03686	-0.066833	-0.012466	0.078538	0.019573	0.000828	-0.003007	-0.000624	0.000260	-0.003735	0.004820
HG03687	-0.084023	-0.019063	0.111703	0.024680	-0.003237	-0.003293	-0.000256	-0.000167	-0.005953	-0.001372
HG03689	-0.074419	-0.027499	0.098252	0.016996	-0.002538	0.000241	0.000928	-0.000041	0.003537	0.003499
HG03690	-0.077015	-0.044418	0.077350	0.023816	-0.000010	0.001328	-0.001398	0.000326	0.006111	-0.001526
HG03691	-0.081018	-0.023250	0.099848	0.016018	0.001774	-0.002853	-0.001397	-0.000450	-0.001585	-0.001034
HG03692	-0.081874	0.007758	0.111012	0.008313	-0.001593	-0.000680	-0.001220	-0.005045	0.000646	0.003923
HG03693	-0.078392	-0.015958	0.128556	0.032308	-0.005855	0.003539	0.002612	0.005224	0.001694	0.003253
HG03694	-0.078314	-0.040090	0.061521	-0.011733	-0.003747	0.007379	-0.004202	-0.002074	-0.002164	-0.001348
HG03695	-0.079715	-0.042151	0.091681	0.025080	0.003693	0.002251	-0.001354	-0.002186	-0.000511	0.001086
HG03696	-0.090456	-0.011295	0.095741	0.042832	-0.002108	-0.003556	0.000331	0.000884	0.002951	0.003161
HG03697	-0.083942	-0.021918	0.087095	0.041916	0.000477	0.001321	-0.001413	0.004269	0.000895	0.001630
HG03698	-0.070647	-0.019660	0.129333	0.012785	0.000842	0.005731	-0.003081	-0.000469	0.001144	-0.001752
HG03702	-0.076893	-0.029478	0.116842	0.004736	-0.000390	0.004857	0.000215	0.000419	-0.007528	-0.008012
HG03703	-0.076835	-0.021956	0.092297	0.016715	-0.004066	-0.005794	-0.003526	0.002183	-0.002731	0.002682
HG03705	-0.077048	-0.031069	0.094234	-0.004108	-0.004083	-0.001763	-0.003340	-0.002508	-0.004211	0.000982
HG03706	-0.067838	-0.016694	0.083892	0.000183	-0.005650	-0.001779	-0.001693	-0.000965	-0.004606	0.002705
HG03708	-0.074088	-0.031484	0.096939	0.046562	0.001327	-0.001869	0.001172	0.002293	0.003049	0.004243
HG03709	-0.084885	-0.000721	0.092512	0.017231	0.000529	0.006028	-0.003124	0.006328	-0.002745	-0.004636
HG03711	-0.076290	-0.038527	0.131594	0.033256	-0.000867	-0.005297	0.003055	0.002938	0.003431	0.007032
HG03713	-0.072490	-0.036647	0.098542	0.030746	-0.000225	0.000489	0.001221	0.004133	0.000469	0.000734
HG03714	-0.077784	-0.035259	0.057604	0.043364	0.000672	-0.002687	0.003321	0.000070	0.001325	0.005677
HG03716	-0.080181	-0.035133	0.082699	0.024324	0.001789	-0.003650	0.000227	-0.000918	-0.000952	0.005114
HG03717	-0.081557	-0.033654	0.099670	0.024383	-0.000031	0.000067	-0.000157	-0.001448	0.004830	-0.001637
HG03718	-0.084185	-0.028711	0.110547	0.010029	-0.000308	0.005347	-0.002702	0.002273	-0.004554	-0.001426
HG03720	-0.074120	-0.025978	0.112901	0.027801	-0.002173	-0.001139	0.005734	-0.001362	0.003066	-0.000203
HG03722	-0.076480	-0.010235	0.098619	0.035281	-0.006955	-0.006784	-0.001067	0.001830	-0.000694	-0.001825
HG03727	-0.077125	-0.044245	0.087962	0.034527	0.001466	0.002369	-0.001948	-0.004927	-0.006704	0.001232
HG03729	-0.073566	-0.019292	0.091769	0.010157	-0.001209	-0.000518	-0.000598	0.001976	0.002825	-0.001909
HG03730	-0.074216	-0.008281	0.098526	0.011448	-0.000681	0.003118	-0.002186	0.004439	0.002187	0.000496
HG03731	-0.082086	-0.023482	0.121495	0.013134	-0.005085	-0.005851	-0.000166	-0.001339	-0.004118	0.000448
HG03733	-0.074740	-0.035507	0.095008	0.008781	-0.003330	-0.001965	-0.000657	-0.003515	0.002906	-0.001981
HG03736	-0.074831	-0.044142	0.073143	0.002480	-0.006707	0.001090	0.000960	0.000708	-0.000425	0.000091
HG03738	-0.069360	-0.050851	0.105098	0.028587	-0.001519	-0.004888	-0.000869	-0.001956	0.002390	0.001946
HG03740	-0.076731	-0.009636	0.110874	-0.012075	0.003213	0.000763	-0.000347	-0.001280	-0.003989	0.001431
HG03741	-0.077168	-0.022357	0.110974	-0.010788	0.000155	-0.010398	-0.005548	-0.007280	-0.004362	-0.001815
HG03742	-0.072585	-0.020266	0.114775	0.015337	-0.001396	-0.004463	-0.003351	-0.002539	-0.001524	-0.004124
HG03743	-0.078564	-0.016086	0.097606	0.032741	0.002652	-0.005428	-0.003084	-0.000652	-0.009538	0.000709
HG03744	-0.082191	-0.023519	0.118719	0.009862	0.002273	0.000988	-0.000552	0.000676	-0.002183	0.008181
HG03745	-0.076340	-0.015989	0.081430	0.020204	0.004341	-0.001986	-0.001877	-0.002708	0.003151	-0.003495
HG03746	-0.079940	-0.034098	0.071098	0.021514	0.001991	-0.004530	-0.000679	0.000872	0.002241	-0.000076
HG03750	-0.070085	-0.042597	0.100754	0.031197	0.002460	-0.007333	0.003955	0.003678	-0.000817	0.001540
HG03752	-0.081223	-0.021671	0.105194	0.017209	-0.001743	-0.007814	0.000477	-0.003171	-0.004730	0.000198
HG03753	-0.077707	-0.030880	0.112684	0.012937	-0.004713	-0.001430	-0.002521	0.000543	-0.001463	-0.001963
HG03754	-0.073171	-0.042311	0.104399	0.021448	-0.000827	-0.005372	0.004375	-0.001288	-0.003743	0.005388
HG03755	-0.070397	-0.028184	0.099871	0.022634	0.002612	-0.004883	0.000921	-0.000556	0.004744	0.000871
HG03756	-0.069820	-0.027169	0.106976	0.020255	-0.002869	0.001939	-0.001423	-0.003441	-0.004808	0.001192
HG03757	-0.077131	-0.010910	0.120161	0.013626	-0.008587	-0.003003	-0.000523	0.001188	-0.008116	-0.004356
HG03760	-0.073940	-0.044905	0.114913	0.021493	-0.004081	-0.004269	0.002855	-0.003031	-0.002834	0.000582
HG03762	-0.075875	0.007636	0.066731	-0.003360	-0.004000	0.001305	0.000710	0.002375	-0.002500	-0.001439
HG03765	-0.079376	-0.018832	0.023106	0.017766	-0.001605	-0.004090	-0.000141	-0.000556	0.002194	0.003255
HG03767	-0.069408	-0.044444	0.061106	0.008110	-0.002657	-0.000629	0.003594	-0.006752	-0.003309	-0.006424
HG03770	-0.067423	-0.020637	0.114356	0.009552	-0.003775	-0.004911	-0.004441	-0.002847	-0.004314	-0.002454
HG03771	-0.083006	-0.013692	0.101484	0.005817	0.002298	0.006588	-0.004410	-0.003706	-0.003160	-0.002555
HG03772	-0.080004	-0.023243	0.128575	0.024354	-0.003376	-0.001015	0.003034	-0.000206	0.001811	-0.000457
HG03773	-0.074825	-0.025953	0.098613	0.013265	-0.000486	0.006352	0.000264	0.000914	-0.000198	-0.003202
HG03774	-0.070586	-0.035921	0.095235	0.006470	0.000143	0.004023	-0.000416	-0.003076	-0.005780	-0.003490
HG03775	-0.070878	-0.032107	0.115565	0.029068	-0.003537	-0.001581	-0.000941	0.003310	-0.000619	-0.000708
HG03777	-0.075367	-0.028428	0.107811	0.029900	0.002419	0.004811	0.002249	-0.002545	0.000108	-0.000385
HG03778	-0.074597	-0.025793	0.105870	0.040844	-0.005119	0.002326	-0.004913	0.003302	0.000340	-0.002585
HG03779	-0.074434	-0.026076	0.103213	0.013721	-0.001417	0.009108	-0.007676	-0.003203	-0.003512	-0.001817
HG03780	-0.085129	-0.039560	0.086996	0.025743	-0.001615	-0.003706	0.001345	0.004709	0.001053	-0.000708
HG03781	-0.066253	-0.032057	0.097089	0.019630	-0.001075	-0.002465	-0.000999	-0.001724	0.000052	-0.001567
HG03782	-0.067608	-0.035583	0.090013	0.003742	-0.000328	0.002712	-0.002739	0.000959	-0.007141	-0.001408
HG03784	-0.076105	-0.026271	0.116759	0.040380	-0.001140	-0.001056	-0.001862	0.001285	-0.000384	0.003060
HG03785	-0.072716	-0.009903	0.137661	0.019432	-0.003584	0.001477	-0.000073	0.000537	0.003292	-0.005134
HG03786	-0.083666	-0.013427	0.122762	0.012579	0.000916	0.004108	0.002296	0.002484	-0.001901	0.005916
HG03787	-0.070367	-0.020544	0.120538	0.003191	-0.000370	-0.000522	-0.001098	-0.000874	-0.005188	-0.003844
HG03788	-0.074809	-0.031218	0.113273	0.017417	-0.001952	-0.005375	-0.001467	-0.004680	-0.001914	0.000476
HG03789	-0.073485	-0.015707	0.097598	-0.005778	0.004323	0.001626	0.001562	0.001242	0.002715	-0.007025
HG03790	-0.073684	-0.038916	0.090491	0.008061	0.003504	0.001292	0.001408	-0.001674	0.000993	-0.003881
HG03792	-0.069106	-0.037915	0.099505	0.009914	0.000966	0.001562	-0.002928	-0.002235	-0.002440	-0.001329
HG03793	-0.076664	0.019768	0.102602	0.031016	0.007533	0.005316	-0.004494	-0.004015	-0.003848	-0.008191
HG03796	-0.073580	0.003235	0.089362	-0.000905	-0.007530	-0.001259	0.000034	0.001447	0.001667	-0.001773
HG03800	-0.080648	-0.008093	0.120848	0.025576	-0.002180	-0.000735	0.006725	-0.001363	0.007190	-0.000380
HG03802	-0.088396	0.007599	0.081257	0.012491	0.000958	-0.000380	-0.005515	-0.004488	0.000404	-0.003269
HG03803	-0.076425	-0.010932	0.098463	-0.008084	-0.000193	0.000055	0.000347	0.000191	0.000763	-0.002836
HG03805	-0.071883	0.015937	0.079109	-0.001710	-0.000871	-0.004368	0.001216	-0.002277	0.001798	-0.002193
HG03808	-0.071125	0.006297	0.062800	-0.017728	0.003364	-0.000149	0.000986	-0.000401	-0.008387	-0.004762
HG03809	-0.078049	0.002592	0.095333	0.005460	-0.001123	0.002495	-0.001316	0.001944	-0.000120	0.002816
HG03812	-0.070569	-0.007168	0.084993	-0.007660	-0.004384	-0.001620	0.000358	0.001013	0.001700	0.001111
HG03814	-0.085589	0.015258	0.084019	0.016047	-0.001008	0.001428	0.001821	-0.002760	-0.000814	-0.000937
HG03815	-0.077936	0.009941	0.062869	0.010397	0.002649	0.000922	-0.001494	-0.009131	-0.003910	-0.002994
HG03817	-0.071868	-0.042167	0.087569	0.019880	0.004467	-0.002524	0.002060	-0.001853	0.003823	-0.007023
HG03821	-0.073849	0.002477	0.103495	0.024162	0.003969	-0.000943	0.005489	-0.003985	0.003799	-0.000701
HG03823	-0.077163	-0.006776	0.085106	0.001901	-0.002528	-0.001543	-0.002124	-0.001199	-0.003704	-0.000303
HG03824	-0.076042	0.011316	0.072067	-0.002926	0.003978	-0.000187	-0.001792	-0.001079	0.001028	-0.004648
HG03826	-0.077712	-0.003472	0.092978	0.014369	-0.000092	-0.006526	-0.001466	-0.004448	-0.002049	0.000273
HG03829	-0.080474	-0.027469	0.076946	0.019685	0.002410	-0.000187	-0.000939	0.001088	0.005150	-0.003232
HG03830	-0.079255	0.010386	0.051727	-0.008740	-0.004112	-0.003236	0.003874	-0.002658	0.000602	-0.002962
HG03832	-0.081259	0.008298	0.095183	0.007409	-0.005907	-0.005265	0.002102	-0.004259	-0.001446	-0.001036
HG03833	-0.085420	-0.010985	0.084458	0.014955	-0.002828	-0.003849	-0.001185	-0.003403	-0.001776	-0.002148
HG03836	-0.082511	-0.026298	0.133535	0.002286	-0.001382	0.000081	-0.005616	-0.001825	-0.003694	-0.000480
HG03837	-0.076080	0.008171	0.090838	0.029633	-0.004460	-0.001130	-0.003112	0.002164	0.002090	-0.003568
HG03838	-0.075979	-0.030330	0.148323	0.022064	-0.001057	-0.003403	-0.003555	-0.000079	-0.000772	0.000396
HG03844	-0.078919	-0.030927	0.095374	0.021990	-0.003264	-0.001229	-0.000189	-0.002014	0.007183	-0.001941
HG03846	-0.074923	-0.019678	0.097868	0.005923	-0.001051	-0.000362	-0.000313	-0.002085	-0.007783	0.000905
HG03848	-0.069412	-0.016211	0.092713	0.026484	0.002230	0.000894	0.001363	0.000186	0.003756	0.003950
HG03849	-0.058789	-0.037204	0.119065	0.049637	0.005753	-0.009453	0.001058	0.002571	-0.001950	0.005411
HG03850	-0.079487	-0.040082	0.104185	0.040140	-0.001066	-0.001148	-0.000181	0.000793	0.004134	0.000771
HG03851	-0.082497	-0.024206	0.079296	0.008947	-0.004093	-0.000132	-0.000549	0.002459	0.000168	0.000635
HG03854	-0.080789	-0.020504	0.124099	0.041072	-0.002133	-0.004405	0.003946	0.002390	0.004424	0.001625
HG03856	-0.069303	-0.012416	0.101749	0.040272	0.002220	-0.000166	-0.000820	0.003786	0.000933	-0.005158
HG03857	-0.088093	-0.005386	0.094091	0.028072	-0.002443	-0.003062	-0.000450	0.001986	-0.001395	-0.002228
HG03858	-0.076599	-0.000286	0.092752	0.027898	0.000874	-0.000286	-0.001787	0.000018	0.001330	-0.001723
HG03861	-0.071801	-0.026461	0.111339	0.042375	-0.000796	0.003893	0.000823	0.002080	0.002611	-0.001881
HG03862	-0.075326	-0.029267	0.094355	0.009652	0.005076	0.000052	-0.000705	0.007627	0.005536	-0.000683
HG03863	-0.074741	-0.013883	0.115374	0.014446	-0.005889	-0.001422	-0.003781	-0.005087	-0.006491	-0.002205
HG03864	-0.078279	-0.035537	0.104954	0.010644	-0.005100	-0.002495	-0.002736	-0.000956	0.001445	-0.001135
HG03866	-0.079708	-0.028211	0.103410	0.007157	-0.001378	-0.001107	0.007050	0.000414	-0.005739	0.000365
HG03867	-0.065796	0.001977	0.128177	0.030540	-0.001462	-0.004349	0.004867	-0.001750	-0.003161	-0.000842
HG03868	-0.066011	-0.047274	0.096560	0.023110	0.004606	0.003502	-0.003017	0.002383	-0.004200	0.002754
HG03869	-0.082216	-0.016770	0.116349	0.035982	-0.002619	0.000407	-0.000120	-0.000937	0.001878	-0.000151
HG03870	-0.074202	-0.036354	0.094191	0.009977	0.000422	-0.002546	-0.000207	0.000176	0.000790	-0.003571
HG03871	-0.072657	-0.034525	0.105128	0.012986	-0.003179	-0.001610	-0.000353	0.000619	0.003384	-0.001090
HG03872	-0.076183	-0.025092	0.115067	0.014370	0.004426	0.007748	-0.000184	0.003540	0.004778	0.001260
HG03873	-0.083253	-0.008234	0.101102	0.012907	-0.004499	-0.004426	0.000416	0.004538	-0.005912	-0.002332
HG03874	-0.081810	-0.005909	0.079962	0.011385	-0.003236	-0.005620	0.002735	-0.001501	0.008123	-0.000662
HG03875	-0.069930	-0.049334	0.074243	0.000365	0.001883	-0.002959	-0.003491	0.000413	0.001267	0.000893
HG03882	-0.077175	-0.050357	0.091854	0.042918	0.008293	-0.007174	-0.000656	-0.003868	-0.003893	0.003539
HG03884	-0.070878	-0.027706	0.093783	0.008519	-0.007998	-0.001860	-0.004264	-0.005424	-0.000731	-0.001751
HG03885	-0.063077	-0.026091	0.094484	0.024827	0.005291	0.006584	0.000695	0.004423	0.004245	-0.004693
HG03886	-0.080853	-0.016266	0.100500	0.025395	-0.001478	0.004045	-0.003500	0.001087	-0.006321	-0.004864
HG03887	-0.079460	-0.030345	0.115181	0.031272	-0.003801	-0.000749	-0.001115	-0.005974	-0.007590	0.006156
HG03888	-0.078810	-0.036392	0.068624	0.018142	0.003303	-0.003455	0.001611	-0.000868	0.000481	0.003585
HG03890	-0.074989	-0.030734	0.105882	0.018400	0.001924	-0.003011	-0.002008	-0.001584	0.001712	0.003133
HG03894	-0.074395	-0.030437	0.099809	0.009755	0.000535	-0.002430	0.001019	0.003924	-0.001626	0.000594
HG03895	-0.079086	-0.017194	0.098417	0.016123	-0.000344	0.001116	0.001419	0.007624	0.000268	0.004926
HG03896	-0.078488	-0.036733	0.112920	0.009232	-0.002405	0.003498	-0.000034	-0.001467	-0.005843	0.001638
HG03897	-0.079021	-0.032500	0.081526	0.014695	0.002034	-0.003122	-0.003447	0.002555	0.000662	-0.002204
HG03898	-0.076455	-0.034231	0.099843	0.024376	0.000176	0.003643	-0.001842	0.003662	0.001711	0.003375
HG03899	-0.075684	-0.034110	0.092181	0.020210	-0.002600	0.001713	-0.002049	-0.001471	0.003933	-0.000673
HG03900	-0.080445	-0.028134	0.099196	0.024093	0.000051	-0.000008	0.001722	-0.005898	-0.003458	0.004061
HG03902	-0.081298	-0.020937	0.104027	0.013021	-0.003297	-0.001581	-0.001272	0.002488	-0.003381	-0.003323
HG03905	-0.086376	-0.004394	0.067642	0.025008	-0.005146	-0.002522	0.000259	0.000002	-0.005490	-0.002681
HG03907	-0.077722	0.021764	0.088881	0.003011	0.002766	0.007322	-0.007914	-0.000400	-0.006175	-0.002987
HG03908	-0.088129	0.000909	0.109709	0.023917	0.000425	0.004627	-0.000336	0.000899	-0.006186	-0.003745
HG03910	-0.081607	-0.014083	0.062285	0.008710	-0.003233	0.001329	-0.000391	-0.004019	-0.003574	-0.001465
HG03911	-0.081245	-0.021923	0.067192	0.021216	-0.004332	-0.005468	0.002285	-0.001236	0.001085	-0.004199
HG03913	-0.072682	-0.010149	0.055089	-0.003783	-0.000971	0.001384	-0.001118	0.000698	0.001605	-0.001167
HG03914	-0.074634	0.005900	0.072016	-0.008679	0.001270	-0.001569	-0.003853	-0.005380	-0.003669	-0.000668
HG03916	-0.075880	-0.016499	0.084416	0.019366	-0.003536	-0.005322	-0.002061	-0.004862	0.000782	-0.001472
HG03917	-0.079320	-0.023149	0.082937	0.027675	0.000201	-0.000437	0.000311	-0.001287	0.000805	-0.005066
HG03919	-0.083464	-0.011104	0.071313	0.017472	-0.004783	0.001974	-0.000404	-0.000727	-0.004620	-0.002652
HG03920	-0.083311	0.004807	0.087353	0.013139	-0.004221	-0.006923	0.000526	0.002828	-0.003279	-0.003298
HG03922	-0.084130	-0.000453	0.092659	0.017552	-0.001844	-0.003054	0.004580	-0.003285	0.002897	0.002393
HG03925	-0.080010	-0.028579	0.070689	0.020044	-0.000362	-0.004878	0.000790	0.000618	0.003286	-0.000105
HG03926	-0.075023	-0.004640	0.114161	0.029999	0.001874	-0.000862	0.001926	-0.002412	0.003255	0.005043
HG03928	-0.076941	-0.025602	0.071195	0.012969	0.002507	-0.000514	0.000129	0.001665	0.001111	0.001506
HG03931	-0.082961	-0.004044	0.060327	-0.004532	-0.004375	0.002934	-0.000961	-0.002062	-0.004655	0.002216
HG03934	-0.081250	-0.008138	0.086198	0.005116	0.001074	-0.002256	0.002113	0.001901	0.000193	0.001311
HG03937	-0.081807	-0.009091	0.108621	0.010998	-0.007743	0.000082	-0.001315	-0.000989	-0.001915	0.001410
HG03940	-0.074298	-0.006090	0.115862	0.012004	0.003319	0.002203	-0.002031	0.002488	0.004529	0.003389
HG03941	-0.074824	-0.019180	0.098724	0.023612	-0.000134	0.001675	-0.001954	-0.002197	-0.001650	0.001684
HG03943	-0.076706	-0.028402	0.083560	0.023457	-0.001522	0.001015	-0.002288	-0.001916	0.000939	0.000192
HG03944	-0.072336	-0.044877	0.088424	0.021314	-0.002607	-0.002934	0.002618	0.001695	-0.004765	0.001573
HG03945	-0.070930	-0.013948	0.110361	0.021606	0.003595	0.001334	0.000707	0.006065	0.000719	-0.003102
HG03947	-0.073665	-0.013823	0.096861	0.003758	-0.001770	0.002879	-0.001566	-0.000738	-0.000779	-0.000627
HG03949	-0.074670	-0.027826	0.104858	0.000599	-0.003655	-0.003170	0.001662	0.001060	0.005931	-0.002928
HG03950	-0.077758	-0.015668	0.120722	0.028124	-0.004519	-0.001212	-0.001792	0.004670	-0.007249	0.004389
HG03951	-0.076140	-0.028828	0.094206	0.012325	-0.002227	-0.000506	0.001414	-0.002502	0.002759	-0.001438
HG03953	-0.073384	-0.017935	0.091986	0.005929	-0.001534	-0.000964	-0.003282	-0.003316	-0.004815	-0.003079
HG03955	-0.079511	-0.020811	0.097604	0.017305	-0.004232	-0.002823	0.004231	-0.001531	0.003254	0.003535
HG03960	-0.069020	-0.027683	0.086424	0.034626	-0.000233	0.000163	-0.001776	0.003604	0.002899	-0.002127
HG03963	-0.076900	-0.022039	0.105260	0.042766	0.001063	-0.003050	0.001721	0.000220	0.003850	0.002212
HG03965	-0.071811	-0.015550	0.111287	0.037031	-0.004661	-0.005093	-0.001776	0.001192	0.003021	0.004180
HG03967	-0.076650	-0.029652	0.090755	0.013957	-0.000886	-0.005210	0.001608	-0.001062	-0.007533	0.007352
HG03968	-0.063930	-0.042805	0.084949	0.031059	0.005128	-0.001011	0.001132	-0.001925	0.000855	0.007770
HG03969	-0.082259	-0.011921	0.108820	0.047806	0.001436	-0.002151	0.002637	-0.000539	-0.000726	0.002129
HG03971	-0.075539	-0.019039	0.099637	0.016917	-0.001495	0.002239	0.000703	0.001232	-0.002850	0.002497
HG03973	-0.076496	-0.043660	0.109066	0.037380	0.000220	-0.001171	0.003499	-0.002008	0.002955	0.005278
HG03974	-0.082411	-0.037968	0.086371	0.024276	-0.001358	0.001282	-0.000623	-0.000098	-0.002055	0.004928
HG03976	-0.081022	-0.036660	0.110544	0.025706	-0.000938	-0.000626	-0.001842	0.002692	0.007608	-0.001599
HG03977	-0.065175	-0.011291	0.111167	0.028969	0.003124	-0.001737	0.001314	0.006803	0.005219	-0.002831
HG03978	-0.068896	-0.012053	0.111470	-0.000214	-0.004175	-0.001033	-0.003038	-0.001324	0.006073	0.000275
HG03985	-0.075638	-0.027248	0.103240	0.054776	0.000659	-0.003436	0.002063	0.002182	0.007296	0.003222
HG03986	-0.074093	-0.034800	0.088794	0.006929	-0.000197	-0.001421	0.000315	-0.000813	0.001540	0.001602
HG03989	-0.073257	-0.020700	0.080662	0.025858	-0.000762	0.004716	0.000152	0.005774	-0.002185	0.002433
HG03990	-0.072944	-0.037020	0.088032	0.014770	-0.004582	0.000170	0.002733	0.001955	0.000595	0.000974
HG03991	-0.077462	-0.016139	0.108819	0.019436	-0.006321	0.006708	-0.002994	0.001396	-0.002233	-0.000649
HG03995	-0.068820	-0.014055	0.110911	0.024158	0.002671	0.002736	0.000797	0.009856	0.004818	0.002107
HG03998	-0.072382	-0.029135	0.100897	0.010464	-0.002656	-0.001321	0.000652	0.006116	-0.004719	-0.002553
HG03999	-0.078543	-0.042046	0.102686	0.024436	-0.002930	-0.000557	0.000646	0.004383	-0.000138	0.003291
HG04001	-0.079261	-0.001792	0.100028	0.011921	-0.003160	-0.001841	-0.004566	-0.005699	0.002431	-0.002359
HG04002	-0.076028	-0.045324	0.100203	0.036658	-0.002939	0.000193	0.005416	-0.001111	0.000994	-0.004569
HG04003	-0.079057	-0.040281	0.080449	0.024499	-0.002235	-0.001456	0.002785	-0.001380	-0.002311	-0.001972
HG04006	-0.078355	-0.029029	0.091614	0.017582	-0.003657	0.005553	-0.004519	0.003256	0.003027	0.003592
HG04014	-0.074021	-0.017509	0.083571	0.009273	0.004103	0.000804	0.000744	0.001479	-0.005170	0.002893
HG04015	-0.086054	-0.001234	0.095159	-0.000721	-0.001745	0.001734	-0.000904	0.001348	-0.000283	-0.000789
HG04017	-0.078473	-0.019356	0.121523	0.030350	-0.000984	0.000913	0.002141	0.004392	0.001223	0.002947
HG04018	-0.078848	-0.040335	0.082684	0.010487	-0.005103	-0.001666	-0.001615	0.001419	-0.000533	-0.000985
HG04019	-0.070445	-0.028666	0.117538	0.009993	-0.002330	-0.000255	-0.001355	0.005673	0.003377	-0.004446
HG04020	-0.073748	-0.046845	0.053535	-0.003379	-0.006522	-0.001340	-0.000770	0.002037	-0.001729	-0.000019
HG04022	-0.079508	-0.019288	0.096287	0.018092	-0.004618	0.005082	-0.003674	-0.004192	-0.001234	0.000962
HG04023	-0.079621	-0.029184	0.111533	0.036462	0.003688	-0.000841	0.005330	0.001479	-0.001738	0.000941
HG04025	-0.083764	-0.003465	0.096659	0.012529	-0.000745	0.000668	-0.000758	0.001424	-0.004694	-0.002836
HG04026	-0.074794	-0.002856	0.127378	0.030056	-0.002242	0.002055	0.002531	-0.001385	0.005416	-0.003232
HG04029	-0.070185	-0.016555	0.109016	0.010659	-0.000446	0.002824	-0.001750	0.001369	0.002304	0.003825
HG04033	-0.077476	-0.021147	0.079948	0.047107	0.000598	0.002413	-0.001378	-0.000340	0.004919	-0.001690
HG04035	-0.080094	-0.001953	0.096744	0.007619	0.001557	-0.001864	0.000190	0.001653	-0.003262	-0.002121
HG04038	-0.081594	-0.019167	0.099181	0.021382	-0.000458	0.004305	0.000131	-0.004919	-0.002415	0.002920
HG04039	-0.077058	-0.024823	0.092337	-0.002735	-0.007652	-0.002978	0.000769	-0.004749	-0.004733	-0.005184
HG04042	-0.073649	-0.042324	0.073299	0.020221	-0.000648	-0.000446	0.000211	-0.000938	0.001927	0.000013
HG04047	-0.076855	-0.009094	0.130351	0.005875	-0.005046	-0.000749	-0.004881	-0.001457	0.001109	-0.000741
HG04054	-0.069572	-0.028146	0.106017	0.021227	0.000043	0.002151	-0.000078	-0.000799	-0.001360	-0.004324
HG04056	-0.076880	-0.027721	0.117749	0.029449	-0.003926	0.007313	-0.002415	0.003648	-0.003467	0.000924
HG04059	-0.064963	-0.045074	0.101446	0.017349	-0.003544	-0.001394	-0.000829	-0.003187	0.002367	0.002261
HG04060	-0.075772	-0.023952	0.085763	0.006883	0.000617	-0.001506	-0.001334	0.001494	-0.004316	-0.000530
HG04061	-0.069142	-0.015807	0.089941	0.016366	-0.002271	-0.002231	0.000755	-0.000133	0.001422	-0.000170
HG04062	-0.079953	-0.012304	0.067671	-0.013513	-0.000302	-0.003158	-0.000062	-0.002041	-0.005258	-0.000975
HG04063	-0.071836	-0.033129	0.115323	0.040430	0.002001	0.003034	0.002038	0.000953	0.000380	0.001144
HG04070	-0.066176	-0.029101	0.111036	0.004066	-0.002969	-0.000737	0.001227	-0.001702	-0.004944	-0.000483
HG04075	-0.076985	-0.020064	0.090171	0.004291	-0.001298	-0.002697	-0.000633	0.000898	-0.000875	0.002170
HG04076	-0.069357	-0.016691	0.116288	0.028758	0.003254	0.000604	-0.000445	0.000975	0.003924	0.003720
HG04080	-0.076459	-0.047835	0.098622	0.022720	0.000127	-0.001015	-0.000190	0.000862	0.001515	-0.000206
HG04090	-0.070069	-0.039476	0.086371	-0.004627	0.002128	0.000932	-0.002948	-0.001073	-0.003350	-0.000480
HG04093	-0.078512	-0.027093	0.097616	0.014860	0.003077	0.004983	-0.001715	0.000827	-0.000190	0.001178
HG04094	-0.081117	-0.007873	0.116058	0.013956	0.003260	0.003043	0.000301	-0.000511	0.003368	0.003064
HG04096	-0.072713	-0.023364	0.126492	0.045097	0.002741	-0.001168	0.005002	0.004524	0.001934	0.005809
HG04098	-0.079223	-0.030717	0.094958	0.010653	-0.002033	0.005474	0.000942	0.006220	0.000832	0.003594
HG04099	-0.075003	-0.035754	0.082857	0.022791	-0.002235	-0.010592	-0.000977	0.000407	-0.001194	-0.000302
HG04100	-0.070873	-0.029158	0.102683	0.022758	0.002556	-0.007037	-0.000090	-0.000571	-0.004342	0.000193
HG04106	-0.071195	-0.042804	0.093206	0.012080	0.000513	-0.001655	-0.002369	-0.000957	0.000689	-0.000049
HG04107	-0.078788	-0.042986	0.074923	0.001882	-0.003215	-0.000050	-0.000538	0.000661	-0.003568	-0.000268
HG04118	-0.076799	-0.010492	0.087157	-0.002675	-0.003855	0.000285	-0.002360	0.001103	0.000586	-0.000904
HG04131	-0.072064	-0.011111	0.077168	0.012578	0.002421	-0.001987	0.001530	0.001372	0.001706	0.003379
HG04134	-0.077773	-0.018730	0.061234	0.005477	-0.001814	-0.000911	-0.000002	-0.000358	0.001658	-0.001674
HG04140	-0.079124	-0.012708	0.093881	0.009227	-0.007043	0.001986	0.001805	0.000688	0.001448	-0.000663
HG04141	-0.075600	-0.025103	0.072543	0.034631	0.005276	0.000414	-0.004002	0.000054	0.004038	-0.012467
HG04144	-0.078396	-0.008978	0.081896	-0.004333	-0.000201	-0.002569	0.000020	-0.001925	-0.001971	-0.001854
HG04146	-0.076524	-0.013310	0.088759	0.020332	0.001587	0.001760	-0.002638	0.003962	-0.000110	-0.002636
HG04152	-0.077497	0.001203	0.115320	0.008667	-0.004584	0.000003	-0.001690	-0.000751	-0.002641	-0.006507
HG04153	-0.085982	-0.004548	0.096250	0.001694	-0.007963	-0.000790	-0.000651	0.001846	0.000800	0.001499
HG04155	-0.080044	-0.002511	0.070309	-0.002523	-0.005968	-0.005415	-0.001381	-0.004733	0.000197	0.002288
HG04156	-0.070373	-0.040604	0.058515	0.026170	-0.002546	-0.005731	0.002522	0.002314	0.004394	-0.006637
HG04158	-0.071217	-0.008873	0.087341	0.007130	0.002720	0.000838	0.002725	0.003988	-0.001272	0.001746
HG04159	-0.077479	-0.015462	0.093397	-0.002752	-0.001380	0.000358	0.003233	-0.001008	0.005752	0.001838
HG04161	-0.088637	0.032211	0.085708	-0.017729	-0.001827	0.001240	0.000212	-0.002864	0.001944	-0.003464
HG04162	-0.083011	0.001402	0.065323	-0.002327	-0.004796	0.002726	-0.000259	0.005234	-0.001639	0.002090
HG04164	-0.074528	-0.044409	0.093699	0.028432	0.000511	0.000252	-0.001350	-0.003301	-0.000461	-0.003945
HG04171	-0.081411	0.011097	0.078909	0.035079	-0.002186	-0.004805	0.001708	-0.002501	0.002366	-0.000229
HG04173	-0.074490	-0.024605	0.109205	0.019864	-0.005412	-0.002007	-0.000793	0.000267	-0.001022	-0.001390
HG04176	-0.084177	0.004025	0.080456	0.014805	-0.002606	0.000434	0.001500	0.003230	-0.002378	-0.001330
HG04177	-0.088488	-0.012396	0.096611	0.034215	-0.005919	0.003807	0.000041	0.002557	0.003270	-0.003903
HG04180	-0.084567	-0.016751	0.098507	0.028122	-0.003782	-0.000943	-0.000733	0.002498	0.003348	-0.001713
HG04182	-0.062598	-0.006394	0.073045	0.014328	-0.002056	0.004162	0.001985	0.005685	0.002968	0.004835
HG04183	-0.074320	0.015462	0.070853	-0.004007	0.002763	-0.002132	0.002460	-0.001531	0.003009	-0.000582
HG04185	-0.079608	-0.035727	0.103157	0.019498	-0.000539	0.000217	-0.000319	-0.001409	-0.002011	-0.002247
HG04186	-0.076092	-0.028473	0.095075	0.025362	-0.001166	0.000359	0.000757	-0.001550	-0.001464	-0.002331
HG04188	-0.071902	-0.017517	0.058488	0.000302	-0.000264	-0.004930	-0.002785	-0.002445	0.001851	-0.002089
HG04189	-0.078023	-0.018781	0.073128	0.012320	0.005437	-0.001684	0.003033	-0.003552	0.003248	-0.003445
HG04194	-0.079819	-0.011354	0.080539	-0.002668	-0.003558	0.000349	-0.000617	0.003194	0.001675	0.002937
HG04195	-0.084298	0.008158	0.100050	0.005908	-0.003850	0.001264	-0.001137	-0.001122	-0.000196	0.000467
HG04198	-0.084685	-0.039668	0.106550	0.024012	-0.006374	0.004334	-0.002083	-0.004058	0.007201	-0.004221
HG04200	-0.064155	-0.038774	0.088729	0.008025	-0.001404	-0.002145	-0.002227	-0.000202	-0.000286	-0.000664
HG04202	-0.076355	-0.020703	0.109108	0.031564	-0.002386	-0.001250	-0.002686	-0.000638	-0.000065	-0.003832
HG04206	-0.068763	-0.024227	0.105557	0.019633	-0.005399	-0.001786	-0.001407	0.002038	-0.003279	-0.001118
HG04209	-0.077893	-0.012488	0.121255	0.014550	-0.000113	0.001326	0.000867	-0.002580	-0.006959	-0.005843
HG04210	-0.075465	-0.011422	0.096116	0.015016	-0.001343	0.003085	0.003061	-0.001783	-0.003749	0.003029
HG04211	-0.074474	-0.024399	0.079637	0.024901	-0.006884	-0.005197	-0.006231	-0.004066	-0.003109	-0.002124
HG04212	-0.074805	-0.028582	0.104352	0.023184	-0.000561	-0.004005	-0.000806	-0.002776	-0.002869	-0.002709
HG04214	-0.084924	-0.022506	0.107073	0.017482	0.000821	0.007470	-0.003156	-0.002521	-0.001375	-0.003630
HG04216	-0.076172	-0.014905	0.089507	0.019168	-0.003353	-0.001879	0.001236	0.001582	0.003026	-0.000492
HG04219	-0.076942	-0.045404	0.100102	0.033637	0.002569	-0.002480	0.004602	-0.001120	0.003768	0.002412
HG04222	-0.071126	-0.034429	0.110572	0.035338	0.003642	-0.004565	0.002434	0.000866	0.002781	0.000609
HG04225	-0.079991	-0.015364	0.088982	0.014809	-0.001331	0.002172	-0.002352	0.002441	-0.008331	-0.000647
HG04227	-0.075966	-0.007971	0.088580	0.000289	0.001617	-0.000311	-0.002147	-0.000686	-0.003281	-0.003420
HG04229	-0.085579	-0.023684	0.097588	0.004033	-0.002628	0.006189	-0.000732	-0.000718	-0.007766	-0.000209
HG04235	-0.067054	-0.027759	0.087359	0.023031	0.001145	0.006807	-0.003252	0.003820	-0.002156	-0.005405
HG04238	-0.079111	-0.033025	0.087271	0.011218	-0.001288	-0.002857	-0.001100	-0.000443	-0.006436	-0.001527
HG04239	-0.086128	-0.010186	0.099650	0.021113	0.001581	0.002367	-0.002239	-0.002715	-0.004502	-0.000726
NA06984	-0.071808	-0.095825	-0.036201	-0.057645	-0.001597	-0.000959	0.000439	-0.002541	-0.000823	-0.000874
NA06985	-0.072615	-0.095478	-0.029918	-0.039629	0.001449	0.007498	0.000975	0.001541	0.002133	-0.005884
NA06986	-0.083919	-0.079926	-0.038659	-0.026800	0.000051	0.000973	0.000698	-0.002195	0.001895	0.000736
NA06989	-0.071311	-0.101238	-0.040072	-0.050808	0.000969	0.002895	-0.003432	0.002080	-0.000454	0.002022
NA06994	-0.077040	-0.094316	-0.049999	-0.015214	-0.001229	-0.000047	0.001025	-0.000482	0.002310	0.000353
NA07000	-0.073651	-0.085242	-0.021595	-0.028543	-0.003377	-0.006333	0.004694	0.003428	0.004758	0.000844
NA07037	-0.067100	-0.109668	-0.050222	-0.026620	0.000924	-0.009535	0.000907	0.000082	0.001502	0.005016
NA07048	-0.080334	-0.083994	-0.042184	-0.065468	-0.003786	-0.001232	0.000118	-0.002973	-0.002327	-0.000052
NA07051	-0.075317	-0.108496	-0.045883	-0.026660	0.002818	-0.007635	0.001936	-0.000857	0.005434	-0.001862
NA07056	-0.061538	-0.110876	-0.023436	-0.043519	0.000802	0.001717	0.004838	0.003583	0.005116	0.004042
NA07347	-0.069831	-0.100787	-0.042917	-0.051732	0.001390	0.000109	0.005015	0.001165	0.003765	0.006506
NA07357	-0.066692	-0.099130	-0.048114	-0.040399	-0.003338	0.001700	-0.003103	-0.002819	0.001951	-0.001382
NA10847	-0.070668	-0.101164	-0.024055	-0.013357	0.000100	-0.007056	0.001496	-0.001647	-0.000277	0.002719
NA10851	-0.074989	-0.087969	-0.045208	-0.047177	-0.001775	0.001876	0.002091	0.001469	0.000449	0.001413
NA11829	-0.065248	-0.103238	-0.042541	-0.049953	0.000780	0.001898	0.002110	-0.000174	0.003554	0.002561
NA11830	-0.057546	-0.089493	-0.041470	-0.045782	-0.000564	-0.002504	0.004938	0.000003	-0.003336	-0.000404
NA11831	-0.077928	-0.084332	-0.025389	-0.021743	0.000402	-0.002412	0.001922	-0.001832	-0.002969	0.001749
NA11832	-0.076855	-0.086309	-0.030165	-0.042939	-0.001927	-0.000445	0.000511	-0.003603	0.004376	-0.004124
NA11840	-0.078652	-0.095187	-0.034001	-0.041939	-0.005810	0.002316	-0.001263	-0.000251	0.002455	-0.001135
NA11843	-0.065300	-0.111456	-0.031368	-0.043547	0.006516	-0.004750	0.003130	0.008533	0.003228	0.001489
NA11881	-0.070873	-0.103909	-0.043477	-0.022461	0.000453	0.000094	0.002813	0.001254	0.001132	-0.004715
NA11892	-0.061438	-0.098148	-0.046701	-0.030095	0.000809	-0.003173	0.003821	0.000133	0.007774	0.000618
NA11893	-0.074728	-0.100757	-0.041820	-0.049169	-0.002315	-0.003534	0.001017	0.002144	0.002858	-0.000507
NA11894	-0.069404	-0.096657	-0.024735	-0.039188	0.002158	0.001864	-0.003216	-0.002741	0.001563	0.003131
NA11918	-0.066635	-0.098570	-0.025845	-0.047947	-0.001305	0.001083	-0.002515	-0.001133	0.001352	-0.007223
NA11919	-0.072815	-0.087541	-0.035471	-0.045507	-0.000129	0.004430	-0.001171	0.000077	0.002263	0.000770
NA11920	-0.072920	-0.105096	-0.027477	-0.024319	-0.001364	-0.004453	0.000800	-0.002849	-0.001980	-0.000752
NA11930	-0.070755	-0.089613	-0.031371	-0.051152	0.001019	-0.003286	0.002909	0.002069	-0.001952	0.003749
NA11931	-0.074668	-0.102346	-0.034263	-0.025975	0.001070	-0.005613	-0.000057	-0.002721	0.003532	-0.000471
NA11932	-0.076780	-0.093740	-0.034050	-0.050911	-0.001572	0.005908	0.001620	-0.000285	-0.001302	0.001332
NA11933	-0.064657	-0.097764	-0.028184	-0.028977	0.002634	-0.003580	0.001719	0.002626	-0.003184	-0.002580
NA11992	-0.074125	-0.074320	-0.033215	-0.029590	-0.001084	0.001898	0.001276	-0.001804	-0.002692	-0.001161
NA11994	-0.063655	-0.085590	-0.045075	-0.060453	0.004386	0.001491	0.003092	0.000934	-0.001493	0.002278
NA11995	-0.068153	-0.102220	-0.042726	-0.041606	0.002255	-0.004385	0.002421	0.003932	0.002257	0.003651
NA12003	-0.063636	-0.105800	-0.026755	-0.044347	-0.003918	0.002017	0.000893	0.003617	0.002049	-0.003126
NA12004	-0.063709	-0.101890	-0.039918	-0.042275	0.000691	-0.000126	0.002897	0.001937	0.002643	-0.000926
NA12005	-0.077523	-0.099368	-0.038712	-0.026838	0.003320	0.005240	-0.000482	-0.000901	0.003589	-0.000587
NA12006	-0.077625	-0.086921	-0.040419	-0.026227	-0.003539	-0.007004	0.001027	-0.000682	0.003007	-0.001518
NA12043	-0.072028	-0.093684	-0.033698	-0.043003	0.001923	-0.000483	0.002483	-0.000142	0.002321	-0.000918
NA12044	-0.073101	-0.087167	-0.052886	-0.046014	-0.001816	-0.001806	0.002159	0.002010	0.002028	0.000088
NA12045	-0.067975	-0.099643	-0.041702	-0.039029	0.002795	-0.005159	0.001181	0.001203	0.001071	0.003198
NA12046	-0.081656	-0.098499	-0.036061	-0.027058	0.000050	0.003237	-0.002127	-0.002053	0.000018	0.001489
NA12058	-0.071736	-0.090137	-0.035615	-0.038059	0.001550	-0.001829	0.002319	0.001277	0.002731	0.002354
NA12144	-0.069353	-0.105581	-0.037361	-0.020831	0.002407	-0.003783	0.001227	0.000802	0.000475	0.003034
NA12154	-0.066493	-0.096723	-0.044633	-0.062116	0.002543	-0.003823	0.000956	-0.002294	-0.005030	0.001580
NA12155	-0.080705	-0.094027	-0.027760	-0.040479	-0.000394	0.000851	0.002739	0.001501	-0.003150	0.004275
NA12156	-0.077942	-0.087701	-0.042155	-0.036955	-0.006711	-0.003343	-0.001676	-0.001298	-0.000020	0.000691
NA12234	-0.070594	-0.085564	-0.049033	-0.043360	0.003523	0.003160	0.000034	0.001604	-0.001986	-0.001760
NA12249	-0.079501	-0.102459	-0.044747	-0.016624	-0.001769	0.002738	-0.001489	0.000497	0.000927	0.000230
NA12272	-0.068426	-0.089498	-0.025538	-0.042824	0.001146	0.001309	-0.001445	-0.003670	-0.000694	-0.002421
NA12273	-0.070169	-0.086801	-0.048288	-0.042932	0.000627	0.003167	0.000847	0.002278	-0.000116	-0.000869
NA12275	-0.073747	-0.088923	-0.027752	-0.057543	-0.001777	0.006871	0.003735	-0.000194	0.002243	0.004235
NA12282	-0.063216	-0.101425	-0.062493	-0.059350	-0.001057	-0.003663	-0.001473	0.001077	0.002334	0.000444
NA12283	-0.078070	-0.086995	-0.036414	-0.018103	0.001408	-0.001430	0.002997	0.002723	0.002258	-0.000089
NA12286	-0.075364	-0.076666	-0.045250	-0.049814	-0.003538	0.000220	-0.001942	-0.001323	0.003296	-0.003484
NA12287	-0.067178	-0.084953	-0.023120	-0.022085	0.002965	-0.003431	0.003212	0.001053	0.008351	0.002962
NA12340	-0.071551	-0.094062	-0.031229	-0.024358	0.001648	-0.003706	0.000324	-0.005372	-0.001914	-0.000599
NA12341	-0.076175	-0.101550	-0.056237	-0.040917	0.001415	-0.001315	0.000424	-0.000171	-0.000358	0.002564
NA12342	-0.077189	-0.091601	-0.022488	-0.028867	-0.003501	-0.004393	0.001038	0.001169	0.000148	0.003012
NA12347	-0.072490	-0.099158	-0.048584	-0.041764	-0.004755	0.001907	0.002210	-0.001375	-0.000256	-0.002256
NA12348	-0.075922	-0.102050	-0.033365	-0.033547	0.001096	-0.002644	0.003394	-0.001618	0.005154	0.002971
NA12383	-0.070282	-0.098237	-0.034968	-0.046106	-0.001644	-0.004297	0.003038	0.003233	-0.001699	0.000979
NA12399	-0.081507	-0.089043	-0.036857	-0.026784	-0.004816	0.002186	0.000311	-0.000884	-0.002380	-0.002393
NA12400	-0.069899	-0.090560	-0.044592	-0.062202	-0.003407	-0.004535	0.001220	-0.000172	-0.002126	-0.000948
NA12413	-0.080850	-0.076250	-0.030813	-0.017831	-0.003583	0.003947	0.001500	-0.003022	-0.003937	-0.006437
NA12414	-0.067038	-0.100839	-0.029047	-0.052670	0.002216	0.000366	0.001751	0.000852	-0.001421	-0.002068
NA12489	-0.075733	-0.096623	-0.027641	-0.034096	0.001703	0.003482	-0.001553	-0.000167	-0.005423	-0.000832
NA12546	-0.065646	-0.094253	-0.029748	-0.035651	0.000592	-0.002074	0.003705	-0.002615	0.000347	0.002286
NA12716	-0.078119	-0.092814	-0.031141	-0.041158	0.000676	0.000772	0.000712	-0.000639	-0.000253	0.002627
NA12717	-0.072645	-0.099217	-0.028338	-0.024086	-0.001080	-0.002213	0.000427	-0.001377	0.001570	-0.001196
NA12718	-0.079388	-0.095767	-0.024500	-0.018358	-0.004520	0.001221	0.000614	0.000625	0.002243	0.002273
NA12748	-0.080032	-0.098411	-0.058190	-0.043453	0.000657	-0.003548	-0.002041	0.001029	0.000574	0.001981
NA12749	-0.071112	-0.109704	-0.042708	-0.049679	-0.004883	-0.002131	0.002755	0.001436	0.002398	-0.001519
NA12750	-0.069015	-0.091559	-0.059021	-0.049552	0.003164	0.008680	0.002526	0.004291	-0.002813	0.004360
NA12751	-0.075076	-0.105114	-0.030369	-0.023096	0.005653	-0.004305	-0.000221	0.002540	0.003880	0.004565
NA12760	-0.068381	-0.100200	-0.046057	-0.054103	-0.004831	-0.001642	-0.002132	-0.003061	-0.001114	-0.002874
NA12761	-0.072347	-0.097465	-0.036484	-0.042002	-0.000554	-0.002062	-0.001908	-0.003109	-0.001070	-0.001470
NA12762	-0.077785	-0.098085	-0.041223	-0.034121	0.001572	-0.000228	0.001420	-0.000910	0.000330	0.001083
NA12763	-0.074477	-0.092605	-0.030703	-0.048355	0.007390	0.003441	0.001738	-0.000580	0.002673	0.005995
NA12775	-0.074487	-0.091898	-0.034168	-0.052553	-0.003238	0.004844	-0.001551	0.006085	-0.005125	-0.000749
NA12776	-0.074849	-0.094521	-0.048518	-0.044481	0.000736	0.000360	0.003037	0.004122	-0.000268	-0.000141
NA12777	-0.068882	-0.094234	-0.031947	-0.053084	-0.005192	0.004475	-0.001291	0.005362	0.001487	0.001551
NA12778	-0.077922	-0.100986	-0.034606	-0.024937	-0.001317	-0.003048	0.002695	0.000684	0.000905	0.002011
NA12812	-0.078817	-0.093625	-0.018874	-0.036455	-0.002559	-0.003506	-0.000118	-0.002121	0.004123	-0.002862
NA12813	-0.070276	-0.104493	-0.025397	-0.004250	0.001878	-0.004981	0.003178	0.007779	0.005334	0.002303
NA12814	-0.063656	-0.101770	-0.030035	-0.029890	-0.000917	0.003858	0.000847	0.000624	-0.000379	0.001036
NA12815	-0.072605	-0.094667	-0.027699	-0.035946	-0.001658	0.003980	-0.000986	0.001076	0.001817	0.002631
NA12827	-0.078826	-0.104664	-0.034577	-0.043652	0.000534	0.005528	0.000208	0.001747	0.002421	0.001331
NA12828	-0.063288	-0.093172	-0.042842	-0.042295	-0.003151	-0.001419	-0.001326	-0.000034	0.002257	0.002930
NA12829	-0.064007	-0.095003	-0.055917	-0.029196	-0.004428	0.002938	0.000064	0.002239	0.000928	-0.004966
NA12830	-0.073127	-0.105665	-0.039408	-0.053522	-0.005580	-0.000717	-0.001496	-0.002231	0.002614	-0.005198
NA12842	-0.077334	-0.080706	-0.038524	-0.031845	-0.001183	-0.001253	0.001506	-0.000320	0.000334	0.001215
NA12843	-0.067116	-0.104014	-0.036090	-0.038055	-0.003207	-0.004190	0.001657	0.002233	0.001145	0.000175
NA12872	-0.072254	-0.090658	-0.041169	-0.042807	-0.002160	-0.002722	0.000988	0.004617	-0.000058	-0.004918
NA12873	-0.071570	-0.085231	-0.039097	-0.024141	0.002430	0.002648	0.004161	-0.002277	0.001945	-0.000166
NA12874	-0.051114	-0.086846	-0.043498	-0.046082	-0.008714	-0.008709	0.002630	0.001929	0.011482	-0.005550
NA12878	-0.071784	-0.092287	-0.045119	-0.022537	-0.001663	0.003974	-0.001481	0.004389	-0.000644	-0.003081
NA12889	-0.061158	-0.103177	-0.040884	-0.029930	0.003583	-0.004808	0.005366	-0.004442	0.002821	0.003522
NA12890	-0.066497	-0.085572	-0.034878	-0.058968	-0.003327	0.002421	-0.000688	-0.001273	-0.001154	0.000900
NA18486	0.225811	0.017190	-0.001932	-0.001888	-0.019946	-0.054132	0.015017	0.000040	-0.009104	-0.014397
NA18488	0.235875	0.020773	-0.006976	-0.008080	-0.008769	-0.110612	0.029660	0.006297	-0.009317	0.000460
NA18489	0.224154	0.011427	0.004658	0.002976	0.007168	-0.070471	0.005271	-0.017783	-0.060023	0.015276
NA18498	0.222387	0.013163	0.005642	0.000300	-0.021400	-0.055450	0.002553	0.010760	-0.012162	0.003515
NA18499	0.243434	0.015429	0.005879	-0.000664	-0.051860	-0.065795	0.000033	-0.013840	-0.025048	0.022709
NA18501	0.228010	0.019788	0.007557	0.003493	0.001179	-0.063528	0.029072	-0.017625	-0.012794	-0.006352
NA18502	0.232237	0.019897	0.005586	0.002012	0.009246	-0.059585	-0.002985	0.021103	-0.014527	0.005404
NA18504	0.238348	0.016697	-0.000149	-0.004160	-0.022368	-0.054261	0.013481	0.008220	-0.021914	-0.000866
NA18505	0.239595	0.015575	-0.008004	0.001449	0.003222	-0.119300	0.001760	0.023339	-0.049134	0.001128
NA18507	0.250335	0.010918	-0.000654	0.003420	-0.024935	-0.051066	0.008101	0.007618	0.009793	-0.008978
NA18508	0.238706	0.007201	-0.000779	-0.005659	0.001142	-0.040251	0.000129	0.003120	0.029309	-0.012596
NA18510	0.221380	0.014009	-0.007517	-0.002466	-0.038750	-0.034378	-0.003651	-0.022929	-0.019768	0.004373
NA18511	0.225625	0.018628	-0.001103	0.010608	-0.021208	-0.050672	0.019872	0.018960	-0.016457	-0.009077
NA18516	0.235042	0.015004	-0.001558	0.012546	0.005932	-0.058023	0.004797	-0.006606	-0.012197	-0.004927
NA18517	0.221785	0.011583	-0.006993	0.004839	-0.020855	-0.008419	0.000471	-0.005055	-0.007283	-0.003662
NA18519	0.236618	0.012047	-0.002023	0.003427	-0.008441	-0.028784	0.020981	-0.042663	-0.005465	0.006143
NA18520	0.241528	0.013773	0.004250	-0.003883	-0.010806	-0.064941	-0.000830	0.002538	-0.014665	0.024625
NA18522	0.224802	0.016807	0.002710	0.005178	-0.013484	-0.035786	0.012785	0.000366	-0.001778	0.004746
NA18523	0.233414	0.021656	0.003306	0.003188	-0.022605	-0.012404	0.000851	-0.010146	0.004047	-0.011934
NA18525	-0.101122	0.121245	-0.038466	-0.029674	-0.002719	-0.000404	-0.000637	-0.001924	0.001153	0.003904
NA18526	-0.097363	0.134386	-0.020670	-0.042444	-0.004757	-0.004647	0.001070	0.000205	0.002042	-0.001504
NA18528	-0.098068	0.109884	-0.002945	-0.003168	-0.003720	-0.002614	0.001308	0.000506	-0.004644	-0.001384
NA18530	-0.099492	0.130624	-0.015457	-0.015879	0.000035	0.000970	0.001488	0.000561	-0.001399	0.001385
NA18531	-0.099709	0.127483	-0.009470	-0.002134	-0.001534	0.001776	-0.000588	-0.001093	0.000039	-0.004019
NA18532	-0.096555	0.128390	-0.011085	-0.032249	-0.000456	-0.002321	-0.001060	0.003386	0.003460	0.002310
NA18533	-0.109968	0.130447	-0.010610	-0.010753	-0.001950	-0.001981	0.000938	0.001591	-0.001889	0.004803
NA18534	-0.094930	0.114866	-0.011751	-0.029641	-0.003216	0.001739	-0.001310	-0.000500	-0.000156	0.000895
NA18535	-0.104762	0.136565	-0.028635	-0.025331	0.000275	0.000025	-0.000354	0.001387	-0.001262	0.000626
NA18536	-0.096760	0.153296	-0.032740	-0.044016	0.001685	-0.000042	-0.001285	-0.002695	0.001103	0.000055
NA18537	-0.094053	0.120119	-0.013997	-0.014677	-0.003882	-0.005180	-0.000274	-0.003338	0.002132	-0.004892
NA18538	-0.096777	0.119975	-0.017672	-0.018257	0.003241	-0.004799	0.001484	-0.003521	-0.000536	0.000985
NA18539	-0.095681	0.115889	-0.018544	-0.007587	0.001251	0.001891	-0.000689	0.001702	0.000519	0.000908
NA18541	-0.099831	0.119130	-0.009988	-0.014773	0.001315	-0.002755	-0.002572	-0.002233	-0.000243	0.000967
NA18542	-0.104946	0.126032	-0.036067	-0.008988	0.000583	0.005813	-0.000788	0.001022	-0.004523	0.003139
NA18543	-0.101929	0.141109	-0.016830	-0.043216	-0.002086	-0.003154	-0.002350	-0.001372	0.003487	-0.000837
NA18544	-0.100528	0.122716	-0.009150	-0.001027	-0.001516	0.003144	0.000142	0.001038	0.001251	-0.000450
NA18545	-0.102740	0.155237	-0.019679	-0.019836	-0.003899	0.005948	-0.003147	-0.000971	0.005570	0.000595
NA18546	-0.099413	0.126774	-0.015813	-0.007814	0.001412	-0.002630	0.001659	0.000313	-0.001762	0.000488
NA18547	-0.100191	0.145187	-0.024067	-0.025948	-0.000788	0.003372	0.000297	-0.000457	-0.003237	0.001414
NA18548	-0.110747	0.133885	-0.032770	-0.014857	-0.002010	0.001900	0.000167	-0.002233	-0.002078	-0.000125
NA18549	-0.104800	0.160175	-0.024319	-0.033537	-0.002824	0.002397	-0.000589	-0.001827	0.004330	0.001576
NA18550	-0.097356	0.142321	-0.019247	-0.034067	-0.000803	0.005112	-0.000784	0.000063	0.003156	-0.002498
NA18552	-0.100988	0.121709	-0.007936	-0.013084	0.004240	-0.003485	0.000589	-0.000691	-0.001063	0.002773
NA18553	-0.103058	0.117225	-0.024072	-0.036620	-0.004582	0.000714	0.002492	0.004935	-0.003985	-0.000265
NA18555	-0.098830	0.127441	-0.011527	-0.021086	0.002222	-0.000256	0.000429	-0.000196	-0.004713	-0.002023
NA18557	-0.093126	0.131912	-0.006689	-0.016348	0.002127	-0.004915	0.000924	-0.004042	0.003005	-0.002406
NA18558	-0.099538	0.124058	-0.008897	-0.025583	0.001490	0.000803	-0.002139	-0.003144	-0.000700	-0.004845
NA18559	-0.096825	0.149914	-0.020686	-0.039336	-0.001583	-0.001027	-0.002752	0.004607	0.003656	-0.000282
NA18560	-0.097355	0.120769	-0.011594	-0.004412	-0.000693	0.000449	0.003908	-0.001207	-0.002338	0.000642
NA18561	-0.106987	0.131078	-0.025272	-0.037573	-0.003785	0.003110	-0.003660	-0.000402	0.003561	-0.002718
NA18562	-0.094625	0.110927	-0.006115	-0.009206	0.006635	-0.002937	0.004608	0.000602	-0.001581	-0.007623
NA18563	-0.105464	0.125223	-0.013311	-0.006003	-0.001581	-0.003545	0.001921	-0.004059	0.002696	0.000312
NA18564	-0.090757	0.097348	-0.020617	-0.011678	-0.001268	-0.003194	0.000882	-0.001007	0.001748	-0.000023
NA18565	-0.096143	0.140376	-0.024202	-0.028885	-0.000241	0.000963	-0.005214	-0.000508	0.002053	0.004534
NA18566	-0.105485	0.121184	-0.001174	-0.011749	0.000511	0.000377	-0.002924	-0.002945	-0.005659	0.003035
NA18567	-0.098128	0.141400	-0.026665	-0.037908	0.002620	0.000925	0.001559	0.005875	-0.004594	-0.002449
NA18570	-0.101735	0.128063	-0.019730	-0.051125	-0.000287	-0.007316	0.003470	0.000557	0.000182	-0.001098
NA18571	-0.102815	0.136631	-0.025438	-0.017349	-0.003765	-0.001180	0.000677	-0.001849	-0.002143	0.001827
NA18572	-0.099397	0.133820	-0.017223	-0.028817	0.001201	0.000585	0.001602	0.002066	0.001772	0.000416
NA18573	-0.102056	0.144030	-0.004108	-0.035560	0.000787	0.001282	-0.000853	0.001896	0.001092	0.003878
NA18574	-0.097706	0.123916	-0.013735	-0.012299	-0.001339	-0.002560	0.000590	-0.002525	0.004009	-0.000869
NA18577	-0.095467	0.122082	-0.025721	-0.022640	-0.002165	0.000686	0.001637	0.002167	0.002825	-0.000071
NA18579	-0.098440	0.137748	-0.013078	-0.018033	-0.000821	0.000921	-0.001298	-0.001876	0.001529	0.002826
NA18582	-0.101871	0.124799	-0.030055	-0.033230	0.005492	0.000214	0.002479	0.002034	0.004080	0.002849
NA18591	-0.100000	0.126350	-0.022358	-0.015992	0.002922	-0.001080	0.002460	0.001070	-0.001484	-0.000130
NA18592	-0.098457	0.121012	-0.011693	-0.041270	-0.003196	-0.003912	0.001737	0.000154	0.003452	0.003222
NA18593	-0.101531	0.140364	-0.019693	-0.037151	-0.000523	0.001731	0.000671	-0.001221	0.002834	-0.000916
NA18595	-0.099601	0.137729	-0.014331	-0.012157	-0.001718	0.003633	-0.000212	-0.001207	-0.001094	-0.000181
NA18596	-0.104820	0.153431	-0.017102	-0.026857	-0.000146	-0.001361	-0.000195	-0.002453	-0.003219	0.000421
NA18597	-0.089778	0.104716	-0.011561	-0.015338	-0.001523	-0.002486	0.004645	0.000491	0.002162	-0.001387
NA18599	-0.095802	0.129598	-0.023661	-0.029922	0.001099	0.003534	-0.000861	0.000164	0.002286	-0.005022
NA18602	-0.101762	0.137722	-0.007853	-0.021266	-0.000513	0.003397	0.000494	-0.001629	-0.000393	-0.002009
NA18603	-0.098686	0.143199	-0.016300	-0.025103	-0.000564	0.005967	-0.000678	-0.000965	0.001898	-0.000318
NA18605	-0.106258	0.143588	-0.033182	-0.035686	0.000227	0.000758	-0.001002	-0.004334	-0.004554	0.001044
NA18606	-0.100424	0.132380	-0.020724	-0.038403	0.003569	-0.003012	0.003078	0.000325	-0.001758	-0.001563
NA18608	-0.101560	0.102137	-0.006809	-0.014156	0.002184	0.003794	0.000401	0.002750	-0.002474	0.001039
NA18609	-0.099605	0.121294	-0.009683	-0.014624	0.002725	-0.003298	0.001042	0.000630	0.005690	-0.002110
NA18610	-0.100387	0.133491	-0.021194	-0.021047	-0.001345	0.001051	-0.001639	-0.000160	-0.004305	0.001870
NA18611	-0.094670	0.117603	-0.014770	-0.007083	-0.001617	0.001403	0.003486	0.004551	0.004639	-0.000829
NA18612	-0.099050	0.129588	-0.004463	-0.030815	-0.002649	-0.000443	0.000774	0.001560	-0.007707	0.000811
NA18613	-0.105785	0.132458	-0.020013	-0.011004	0.002790	0.001578	0.000858	-0.000967	0.001694	0.000629
NA18614	-0.098655	0.120203	-0.008832	-0.016814	0.000146	-0.000346	-0.000680	-0.000611	0.001500	0.001498
NA18615	-0.093356	0.127624	-0.018801	-0.030956	0.001225	-0.000133	-0.000971	0.000822	-0.000166	0.000298
NA18616	-0.097483	0.128387	-0.008879	-0.008665	0.000578	0.001996	0.003598	0.003433	0.007366	0.003831
NA18617	-0.105366	0.147836	-0.015849	-0.030874	-0.002837	0.003207	-0.001817	-0.003130	-0.002158	-0.002097
NA18618	-0.090598	0.111750	-0.018960	0.006468	0.001692	-0.000228	-0.001532	-0.000167	0.002646	-0.001824
NA18619	-0.095171	0.098659	-0.019445	-0.012517	-0.002245	-0.000609	0.000868	0.003039	0.000641	0.001343
NA18620	-0.103025	0.125352	-0.003859	-0.012614	-0.000687	-0.005140	-0.000358	0.000027	-0.002975	0.000735
NA18621	-0.106212	0.114242	-0.034884	-0.008842	0.002456	0.002034	-0.000438	0.002431	0.005298	-0.002994
NA18622	-0.099758	0.113702	-0.015318	0.001247	-0.000245	-0.003851	0.000067	-0.002713	0.010820	-0.002003
NA18623	-0.102035	0.132479	-0.015735	-0.011405	-0.003082	0.002123	-0.000064	0.001090	-0.003634	0.002366
NA18624	-0.105432	0.142087	-0.024479	-0.046892	0.000788	-0.001498	0.003019	0.003728	0.002386	0.001167
NA18625	-0.094229	0.129665	-0.025894	-0.020292	0.000187	-0.002608	-0.000216	0.000524	0.000185	0.000646
NA18626	-0.099520	0.107623	-0.017692	-0.002748	0.001206	-0.002718	0.000397	0.000977	0.001035	0.005369
NA18627	-0.099763	0.139622	-0.026550	-0.011610	0.002679	-0.000106	0.002260	-0.002586	0.002564	0.003078
NA18628	-0.100675	0.138225	0.005946	-0.022964	-0.001757	-0.000048	0.002040	0.001164	0.003489	-0.000345
NA18629	-0.092090	0.121408	-0.029615	-0.005790	0.004242	-0.003396	-0.001083	-0.002742	-0.001275	-0.000663
NA18630	-0.092480	0.114090	-0.019899	-0.032469	-0.000874	0.003038	-0.001427	0.004340	-0.000110	0.002756
NA18631	-0.097041	0.144305	-0.019735	-0.026731	-0.001062	-0.000600	0.001258	-0.005386	0.001225	0.000728
NA18632	-0.099152	0.136350	-0.011133	-0.026617	-0.004637	-0.004216	0.002181	0.000900	-0.001538	-0.001788
NA18633	-0.092327	0.140689	-0.021732	-0.025456	-0.002392	-0.001610	0.001771	-0.001302	0.002166	-0.001146
NA18634	-0.097650	0.125567	-0.018693	-0.041961	0.000183	-0.001345	-0.001216	-0.001912	0.003313	-0.000107
NA18635	-0.099316	0.123223	-0.028503	-0.025179	-0.000381	-0.004828	0.003147	-0.001117	0.000150	0.003215
NA18636	-0.106557	0.133515	-0.002298	-0.028193	-0.003159	-0.005584	0.001959	0.001596	0.001104	0.000761
NA18637	-0.097621	0.128262	-0.015537	-0.026226	0.001159	0.001067	0.001297	0.001339	-0.000545	0.000463
NA18638	-0.101863	0.147568	-0.016345	-0.032662	-0.004019	0.001005	0.000218	-0.002300	0.002941	0.003193
NA18639	-0.101872	0.147265	-0.014180	-0.036787	-0.002432	-0.001529	-0.000526	0.001782	-0.002323	-0.000532
NA18640	-0.100134	0.128860	-0.017103	-0.025254	-0.001040	-0.001595	-0.005720	0.002896	-0.008253	-0.006714
NA18641	-0.100115	0.141877	-0.008872	-0.021533	0.001425	-0.001467	0.003036	-0.001749	-0.003610	0.001546
NA18642	-0.097810	0.127875	-0.027758	-0.026415	-0.005051	0.002717	0.002768	-0.001053	-0.000446	0.000127
NA18643	-0.091307	0.131145	-0.029301	-0.024811	-0.001210	0.001824	-0.000074	0.002206	0.006123	0.002287
NA18644	-0.096527	0.135850	-0.026401	-0.017632	0.002066	0.001897	0.000175	0.000844	0.000522	-0.001503
NA18645	-0.103393	0.129830	-0.012472	-0.011816	0.001108	-0.000180	0.003189	0.003153	-0.001674	-0.001581
NA18646	-0.105455	0.122601	-0.016498	-0.022924	0.000988	-0.003596	0.004104	0.003941	-0.001988	0.001063
NA18647	-0.102676	0.134943	-0.025609	-0.023052	-0.002592	-0.002106	-0.000173	0.000230	-0.003576	-0.000630
NA18648	-0.092136	0.128352	-0.016940	-0.002459	0.002130	0.003560	-0.000871	-0.002066	-0.004169	-0.006055
NA18740	-0.094459	0.146601	-0.020425	-0.036517	-0.004626	0.005358	-0.001096	-0.000286	0.007011	-0.001232
NA18745	-0.098061	0.125228	-0.027603	-0.014983	0.004335	0.002311	-0.000967	-0.000090	-0.006303	0.001574
NA18747	-0.107080	0.135430	-0.027213	-0.022697	0.005968	-0.006952	0.002011	-0.002434	0.001338	0.000360
NA18748	-0.101964	0.131390	-0.034698	-0.018179	0.000652	-0.000779	0.001357	-0.002080	-0.000187	-0.002229
NA18749	-0.106419	0.125630	-0.032750	-0.028169	-0.000293	-0.002903	-0.000050	0.000410	-0.004368	0.000734
NA18757	-0.100696	0.138418	-0.032924	-0.028195	-0.002381	-0.001418	-0.000627	-0.000877	-0.002627	-0.001502
NA18853	0.222157	0.021928	-0.006376	0.004162	-0.017941	-0.028307	0.000641	-0.006480	0.001168	-0.001964
NA18856	0.227977	0.009648	0.000141	-0.005983	-0.008848	-0.020781	0.000147	-0.013081	0.037386	-0.020641
NA18858	0.229036	0.016129	0.001294	-0.001710	0.003369	-0.098642	0.014360	0.027963	-0.028700	-0.016805
NA18861	0.226108	0.023724	0.001116	0.013930	-0.012971	-0.021517	-0.000057	0.028156	0.013859	0.001245
NA18864	0.250431	0.011001	-0.001907	0.011046	-0.014861	-0.041285	0.014342	0.012648	-0.028723	-0.021801
NA18865	0.234128	0.008892	-0.000191	0.009177	-0.054814	-0.041892	0.016499	0.014976	-0.017364	-0.009008
NA18867	0.221101	0.015403	-0.000422	-0.010229	-0.017891	-0.035496	-0.005712	-0.009912	-0.024054	-0.020792
NA18868	0.241039	0.009403	-0.007336	-0.002827	-0.041740	-0.042540	0.022404	0.030488	0.007080	-0.009267
NA18870	0.235202	0.022665	-0.000291	-0.003322	-0.032326	-0.063293	0.002222	-0.003833	-0.004871	-0.024582
NA18871	0.239643	0.020532	-0.008718	-0.000656	-0.036016	-0.071565	0.009537	-0.007258	0.003363	-0.023753
NA18873	0.236391	0.018999	-0.002752	-0.003641	-0.015953	-0.046820	0.003847	0.003153	-0.017410	-0.018598
NA18874	0.221390	0.017394	0.004308	-0.002955	-0.010696	-0.081008	-0.009192	0.000084	-0.012158	0.015927
NA18876	0.252226	0.013340	-0.006941	0.010931	-0.012014	-0.080660	0.002035	0.011765	-0.004235	-0.031620
NA18877	0.227038	0.011440	-0.003495	0.007895	-0.004569	-0.037910	0.018004	-0.000740	0.013133	0.016377
NA18878	0.241270	0.020870	-0.002673	-0.001411	-0.032258	-0.063523	0.012318	0.004881	-0.020768	-0.005283
NA18879	0.234806	0.012057	0.006138	-0.002032	0.005380	-0.060129	0.021891	0.053383	-0.005142	0.009396
NA18881	0.228734	0.007884	0.000694	-0.005653	-0.000595	-0.019963	-0.008061	-0.030945	-0.017666	0.000964
NA18907	0.231702	0.008262	0.006237	0.003920	-0.021018	-0.077922	0.013841	-0.017990	-0.005841	-0.019803
NA18908	0.255051	0.015698	-0.010203	0.004814	-0.032408	-0.089065	0.026647	0.002539	0.007229	-0.030395
NA18909	0.228136	0.009237	0.000340	0.001293	-0.031514	-0.057798	0.011682	-0.000705	-0.013934	-0.004701
NA18910	0.227489	0.020494	0.006637	0.006294	-0.025996	-0.072735	0.011610	0.001620	0.005497	-0.014620
NA18912	0.245718	0.018389	-0.012489	0.010377	-0.031489	-0.059139	0.018256	0.027583	-0.025379	-0.018128
NA18915	0.229002	0.006634	-0.004287	-0.003182	-0.011726	-0.072355	0.001744	0.020925	-0.011448	-0.010456
NA18916	0.235967	0.007405	0.004858	-0.000713	-0.001251	-0.057623	-0.012587	-0.010008	0.014348	0.004191
NA18917	0.226616	0.018623	-0.005295	0.003408	-0.022826	-0.007050	0.004286	-0.011670	-0.005589	0.000836
NA18923	0.231856	0.002194	0.006923	-0.004669	-0.004320	-0.095290	0.009879	0.002076	-0.027618	-0.005934
NA18924	0.232873	0.006448	0.003194	0.000783	-0.023243	-0.070897	-0.000267	0.002738	-0.013233	-0.000286
NA18933	0.234334	0.018265	-0.000153	0.003376	0.009236	-0.066325	0.008493	-0.000762	-0.017379	0.012624
NA18934	0.229662	0.015169	-0.003313	-0.005152	0.000916	-0.073975	-0.001009	0.006782	-0.019800	-0.001181
NA18939	-0.099909	0.118016	-0.020685	-0.017501	-0.000794	-0.000393	-0.004599	-0.004711	-0.008497	0.000040
NA18940	-0.098810	0.121833	-0.014487	-0.041407	-0.001480	0.002824	-0.000334	0.002646	0.004406	0.006443
NA18941	-0.098983	0.112969	-0.031782	-0.021587	-0.002624	-0.002074	0.001444	-0.001463	-0.001983	0.001393
NA18942	-0.099708	0.117880	-0.014515	-0.025360	0.003956	0.003315	0.000935	0.003285	-0.001154	0.003694
NA18943	-0.099692	0.103821	-0.009471	0.006662	0.000212	-0.001212	-0.000817	0.000008	-0.007435	0.000557
NA18944	-0.101153	0.114581	-0.032154	-0.032388	-0.003276	-0.000947	0.003443	-0.000095	0.001981	0.000106
NA18945	-0.095748	0.124878	-0.014304	-0.020728	-0.001150	0.002131	0.001131	0.001150	-0.002395	0.001607
NA18946	-0.099693	0.121950	-0.019347	-0.020767	-0.003121	0.003860	-0.000513	-0.000225	0.002263	-0.003156
NA18947	-0.099874	0.117871	-0.013577	-0.016766	-0.002847	-0.003030	0.000517	-0.001014	-0.002180	-0.000130
NA18948	-0.099859	0.120308	-0.026385	-0.022530	0.001635	0.006343	-0.000571	0.002489	-0.004008	0.000750
NA18949	-0.098635	0.133043	-0.015929	-0.022754	-0.000317	-0.001941	0.002486	-0.001415	-0.002049	0.002547
NA18950	-0.102718	0.101200	-0.013690	-0.024817	-0.000262	-0.001571	-0.000515	-0.001196	-0.001317	0.003633
NA18951	-0.098152	0.126778	-0.022417	-0.009491	-0.002078	-0.001918	-0.000598	-0.001773	-0.004096	0.000748
NA18952	-0.100273	0.117670	-0.021727	-0.016924	-0.000282	0.002767	-0.000335	0.001392	-0.004489	0.001840
NA18953	-0.105220	0.123835	-0.009816	-0.013211	0.000574	0.000869	-0.000054	-0.001307	0.001111	-0.002600
NA18954	-0.095264	0.150775	-0.025924	-0.036120	-0.001364	-0.001098	0.001977	0.000526	0.000307	0.000690
NA18956	-0.103682	0.122741	-0.016997	0.002544	-0.000401	-0.001628	-0.002092	0.002197	-0.003751	-0.000468
NA18957	-0.100725	0.116128	-0.005082	-0.014846	-0.002318	-0.002615	-0.001680	0.004602	-0.004945	0.003044
NA18959	-0.101891	0.130319	-0.019739	-0.021038	0.000509	-0.000230	-0.001318	0.000159	-0.001843	0.005119
NA18960	-0.102562	0.141022	-0.020234	-0.034705	-0.001168	0.001652	0.002089	0.000774	-0.008407	0.001840
NA18961	-0.097137	0.103923	-0.020571	-0.021924	-0.001230	-0.000928	0.002742	-0.001417	-0.001651	-0.001038
NA18962	-0.092698	0.115155	-0.017902	0.008179	-0.002520	-0.004577	0.002360	0.002185	-0.001519	-0.002677
NA18963	-0.094303	0.130520	-0.016064	-0.029957	0.000545	-0.002893	0.002229	-0.000271	-0.004074	0.005988
NA18964	-0.103901	0.138736	-0.012609	-0.042838	-0.003796	0.003564	0.003546	0.002007	0.000600	0.001784
NA18965	-0.088053	0.119123	-0.033983	-0.022635	0.002118	-0.001375	0.000946	0.005066	-0.003245	-0.001888
NA18966	-0.103854	0.132419	-0.014752	-0.037568	-0.002348	-0.000325	0.000758	0.001327	-0.003504	0.004442
NA18967	-0.098808	0.119828	-0.008630	-0.015487	-0.002954	0.001235	-0.001470	-0.002626	-0.000038	0.002666
NA18968	-0.100982	0.133579	-0.022075	-0.016329	-0.003369	-0.002884	0.000312	-0.004934	0.002042	-0.005096
NA18969	-0.105212	0.113256	-0.025969	0.003776	0.000393	-0.003169	0.003676	0.000017	0.001152	0.000520
NA18970	-0.098522	0.139790	-0.023909	-0.027159	-0.000848	-0.002205	0.000658	-0.002036	-0.000976	-0.001968
NA18971	-0.101572	0.131055	-0.020313	-0.011278	-0.000729	0.002712	0.005354	-0.001950	-0.003882	0.000125
NA18972	-0.098877	0.115143	-0.035280	-0.031083	-0.005436	0.001095	0.000025	0.000742	-0.003421	0.002847
NA18973	-0.103357	0.117035	-0.034476	-0.005044	-0.000981	0.002640	0.002198	0.001094	-0.000341	0.001024
NA18974	-0.098356	0.123865	-0.030676	-0.027291	0.004399	0.000593	0.004491	0.001019	0.004353	-0.001521
NA18975	-0.097981	0.124094	-0.017772	0.008157	0.003885	-0.004817	0.003451	-0.000895	-0.001059	-0.002706
NA18976	-0.110184	0.136323	-0.023441	-0.014041	-0.002131	0.002831	-0.000334	0.001263	-0.007118	-0.000858
NA18977	-0.098552	0.129421	-0.019720	-0.017943	-0.001722	0.001463	-0.000381	-0.002632	-0.003271	0.000239
NA18978	-0.094466	0.112849	-0.027443	-0.014603	-0.001493	0.002691	-0.001951	-0.000091	-0.000907	0.000424
NA18979	-0.103244	0.118086	-0.034448	-0.029533	-0.000273	0.005951	-0.000413	-0.000522	0.000478	0.000145
NA18980	-0.101982	0.110482	-0.028382	-0.016668	0.001716	-0.000326	0.001680	-0.002451	-0.000274	-0.002221
NA18981	-0.099238	0.110344	-0.017447	-0.000505	-0.002703	0.000813	-0.001025	0.001535	-0.002975	0.003545
NA18982	-0.098431	0.104997	-0.004390	0.018712	-0.000766	0.000641	0.006199	0.002292	-0.003285	0.001667
NA18983	-0.103068	0.115311	-0.026458	-0.010403	0.002096	-0.000590	-0.000060	0.003362	-0.006133	0.001705
NA18984	-0.109442	0.134526	-0.007804	-0.005074	0.001930	-0.003975	0.001229	-0.002187	0.000148	0.006000
NA18985	-0.097121	0.120221	-0.022959	-0.016562	-0.005263	0.002370	-0.000435	-0.000728	-0.001699	0.003191
NA18986	-0.095380	0.124696	-0.027440	-0.031461	0.000930	-0.001328	0.002499	-0.000138	0.003553	0.001225
NA18987	-0.097957	0.127038	-0.032845	-0.016216	0.001859	-0.005127	0.000753	-0.000052	-0.001370	-0.001382
NA18988	-0.101161	0.131014	-0.021499	-0.009777	0.001837	0.000202	0.003359	-0.001463	0.000849	0.000952
NA18989	-0.104112	0.100198	-0.000904	-0.008950	0.000733	0.000886	-0.000415	0.002608	0.004748	0.004885
NA18990	-0.099767	0.135533	-0.018825	-0.013140	0.001375	0.002280	0.001640	-0.000687	0.000057	-0.000962
NA18991	-0.105293	0.133591	-0.031346	-0.009077	-0.003566	-0.003159	0.003021	-0.001034	-0.003312	0.001697
NA18992	-0.098210	0.110941	-0.017181	0.007673	0.004298	0.004069	0.000523	-0.004546	-0.001664	0.000835
NA18993	-0.095649	0.114888	-0.013417	-0.023566	-0.000531	0.000908	-0.000783	-0.002360	0.001898	-0.002473
NA18994	-0.097188	0.121822	-0.019684	-0.016718	-0.000798	-0.002138	0.000425	-0.001493	0.000208	0.000702
NA18995	-0.099381	0.129425	-0.036855	-0.030920	0.000006	0.003082	-0.000689	-0.001403	-0.002795	-0.001129
NA18997	-0.108117	0.120283	-0.020065	-0.019618	-0.000987	0.002754	-0.001227	-0.000370	0.002248	0.001520
NA18998	-0.101390	0.111263	-0.020768	-0.014274	0.000797	0.001718	-0.001252	-0.002079	-0.000588	-0.000773
NA18999	-0.105512	0.109472	-0.015562	-0.012325	0.003127	-0.004142	0.000097	0.001208	0.003079	0.001151
NA19000	-0.098199	0.119674	-0.022479	0.017521	-0.000375	-0.001463	0.004552	0.003012	-0.000910	0.003470
NA19001	-0.105605	0.143380	-0.026526	-0.024804	0.001987	-0.001637	0.001024	0.001580	0.000203	0.003222
NA19002	-0.100217	0.128663	-0.026915	-0.022224	0.002981	0.005170	-0.001502	0.001256	0.000175	-0.002763
NA19003	-0.099113	0.092742	-0.008884	-0.015232	0.000351	0.002217	0.000232	-0.003562	-0.003145	-0.003978
NA19004	-0.096734	0.126288	-0.033844	-0.011224	0.001537	0.002814	0.003966	0.002412	0.000276	0.002252
NA19005	-0.103538	0.125182	-0.019190	-0.011804	-0.003282	0.004458	-0.000459	-0.000487	0.001431	0.002348
NA19006	-0.105720	0.116652	-0.019531	-0.023135	0.000679	-0.000947	-0.001136	-0.003716	-0.003201	0.001673
NA19007	-0.102933	0.123493	-0.015695	-0.019763	-0.000616	0.002803	0.001197	-0.000071	0.001846	-0.000358
NA19009	-0.097942	0.131949	-0.011662	-0.013074	0.001261	-0.001633	0.002356	-0.001383	-0.000469	0.001152
NA19010	-0.109228	0.138990	-0.025129	-0.031403	-0.000310	-0.001162	0.001554	0.000677	0.001540	0.000109
NA19011	-0.096524	0.127410	-0.011985	-0.018890	-0.002681	-0.009630	0.000694	-0.004105	-0.003419	0.002774
NA19012	-0.103661	0.118430	-0.017379	-0.001566	0.000622	0.000154	0.004622	-0.001109	-0.005858	0.001531
NA19017	0.213584	0.011085	0.002708	0.005784	0.225581	0.098565	-0.095394	0.006689	0.065971	0.112097
NA19019	0.217386	0.000356	0.024911	-0.023826	0.207362	-0.029481	-0.017234	0.027640	-0.041001	0.186257
NA19020	0.218834	0.018628	0.007820	-0.009467	0.134076	-0.045336	-0.008640	0.025926	0.060263	-0.011232
NA19023	0.227092	0.015632	0.003860	-0.017565	0.279387	0.093639	0.064099	0.271841	-0.398622	0.037710
NA19024	0.231993	0.017105	-0.003746	0.006821	0.138853	-0.077623	0.033723	0.004604	0.141066	-0.107606
NA19025	0.242855	0.014858	-0.007362	0.007771	0.160645	-0.039785	-0.067688	0.000523	0.077450	0.076546
NA19026	0.207688	0.014712	-0.001921	0.000394	0.190465	0.007939	-0.048311	-0.023914	0.228368	-0.069078
NA19027	0.204545	-0.002635	0.018776	0.015109	0.140348	0.029752	0.028309	-0.021132	0.027674	0.063283
NA19028	0.195504	0.006128	0.002742	-0.002566	0.272006	0.188312	-0.009484	0.340174	0.226004	-0.415420
NA19030	0.224001	0.013537	0.012163	-0.002547	0.138621	0.010427	-0.010616	0.036061	-0.004275	-0.019466
NA19031	0.193751	0.002399	0.006502	-0.024845	0.204260	0.144273	0.007103	0.160614	-0.023540	0.247584
NA19035	0.230040	0.022583	0.001403	0.004180	0.126360	-0.016326	-0.013837	-0.014356	0.004420	0.039936
NA19036	0.209446	0.004089	-0.013736	0.001607	0.121771	0.005606	-0.006658	-0.040902	-0.002996	-0.011696
NA19037	0.224385	0.003560	0.004616	-0.002709	0.182561	0.019849	-0.036804	-0.035260	-0.012605	0.029848
NA19038	0.219399	0.014197	-0.007650	0.002255	0.148671	0.027991	-0.009815	0.039094	0.056993	0.066918
NA19041	0.210479	0.008011	-0.005721	-0.009838	0.307993	0.008269	-0.200851	-0.116419	0.529138	-0.306707
NA19042	0.176466	-0.006989	0.002125	0.009385	0.159670	0.095093	0.081270	-0.014869	0.039129	0.069448
NA19043	0.230678	0.008561	0.006375	-0.010883	0.183253	0.106685	-0.180538	-0.394078	-0.410730	0.216734
NA19054	-0.103190	0.129258	-0.025469	-0.020303	0.001331	0.003528	-0.000963	-0.001398	0.000774	0.000734
NA19055	-0.099801	0.113318	-0.008388	-0.027782	-0.000897	-0.001685	-0.001029	0.000912	0.003070	0.003949
NA19056	-0.103310	0.119475	-0.032123	-0.010586	-0.000064	0.001154	-0.001792	-0.001020	-0.001567	0.000160
NA19057	-0.098763	0.126283	-0.032459	0.005321	0.003866	0.003408	0.000799	0.000309	0.004923	0.005215
NA19058	-0.099600	0.122106	-0.017622	-0.023166	0.001970	0.000389	0.003888	0.004182	-0.000527	0.003065
NA19059	-0.102014	0.113528	-0.023171	-0.020656	0.000718	-0.000054	0.000303	0.001152	0.002202	-0.002171
NA19060	-0.097198	0.120145	-0.017571	-0.028921	-0.001329	0.000266	0.000752	0.000969	0.002386	0.002354
NA19062	-0.099994	0.126218	-0.027417	-0.013402	-0.001354	-0.000834	0.002824	0.003386	-0.001755	0.004057
NA19063	-0.095055	0.147813	-0.036501	-0.032981	-0.001231	0.001075	-0.003405	-0.001890	0.001383	-0.002255
NA19064	-0.105677	0.112823	-0.006540	-0.013679	0.001322	0.000971	0.003034	0.002908	-0.002002	0.003538
NA19065	-0.097105	0.126387	-0.022095	-0.027748	0.000450	0.003793	-0.001800	0.002296	0.002804	0.005672
NA19066	-0.098701	0.133262	-0.031067	-0.040836	0.003318	-0.003159	-0.001125	0.001014	-0.001774	-0.000793
NA19067	-0.104043	0.145435	-0.028598	-0.015782	0.003249	0.002037	0.000146	-0.000828	-0.000512	0.001738
NA19068	-0.104067	0.135876	-0.026598	-0.025314	-0.002406	0.002179	-0.001802	-0.002791	-0.005180	0.002366
NA19070	-0.099161	0.130537	-0.015731	-0.027166	0.000114	0.003866	-0.001124	-0.001761	-0.003278	-0.000117
NA19072	-0.101757	0.113935	-0.013108	-0.020634	-0.006995	0.005204	-0.001576	-0.000013	0.005395	0.000237
NA19074	-0.105511	0.108062	-0.031557	-0.001317	0.002227	-0.001312	0.001494	0.000211	0.002182	0.002061
NA19075	-0.104125	0.126451	-0.019954	-0.020578	0.004115	-0.000612	-0.003264	-0.002511	-0.003731	0.003040
NA19076	-0.102473	0.133534	-0.025620	-0.015327	-0.002813	0.001212	-0.000280	0.000281	-0.003975	-0.002215
NA19077	-0.097701	0.124438	-0.021062	0.009606	0.000742	-0.002254	0.001308	0.000746	0.001967	0.001014
NA19078	-0.094692	0.155335	-0.027212	-0.007385	0.000233	0.009836	-0.001580	-0.003016	-0.001517	-0.000922
NA19079	-0.092613	0.126969	-0.010438	-0.013326	-0.000055	-0.001913	0.000843	-0.001351	-0.001959	-0.001349
NA19080	-0.098703	0.099687	-0.014178	-0.014992	-0.003806	0.004746	0.001314	0.001938	0.006134	0.001048
NA19081	-0.101856	0.123665	-0.004227	-0.001143	0.001369	-0.000233	0.000104	0.003262	0.001471	0.000899
NA19082	-0.104937	0.135004	-0.023293	-0.024389	-0.000235	-0.001563	0.002687	-0.002834	-0.004020	0.003842
NA19083	-0.097559	0.117420	-0.020290	0.000135	-0.002142	0.000770	-0.000782	-0.003737	-0.004946	-0.001902
NA19084	-0.090987	0.113558	-0.022994	-0.028390	0.001067	0.000847	0.004153	-0.000195	0.003847	-0.002120
NA19085	-0.103112	0.119417	-0.005169	-0.022629	0.000669	0.000591	0.002400	0.000341	-0.003668	0.000235
NA19086	-0.100128	0.118053	-0.017391	-0.019137	-0.000838	-0.000837	0.002576	0.004894	0.000138	0.005766
NA19087	-0.099528	0.121672	-0.027234	-0.003483	0.001824	0.002190	0.004263	0.002204	-0.001883	0.007926
NA19088	-0.095803	0.122257	-0.029373	-0.017154	-0.000340	0.001482	0.001033	0.002363	0.004020	-0.000161
NA19089	-0.096441	0.117278	-0.014788	-0.015090	-0.002666	0.003971	0.000476	0.003171	-0.002161	0.000678
NA19090	-0.106014	0.137386	-0.022656	-0.020579	0.000558	0.000084	0.002941	0.001659	-0.002818	0.003572
NA19091	-0.100554	0.122946	-0.015765	-0.040122	-0.001355	0.002476	0.001659	0.000760	-0.002356	0.003178
NA19092	0.233770	0.011766	0.010289	-0.002677	-0.010094	-0.057240	0.029752	-0.014731	-0.030499	-0.009032
NA19093	0.239226	0.016407	-0.007908	-0.007995	-0.009414	-0.028649	-0.001513	0.001370	0.019243	0.019595
NA19095	0.239470	0.014830	-0.006285	-0.003601	-0.000263	-0.044985	0.009419	-0.004610	-0.029081	-0.009117
NA19096	0.253263	0.017458	0.009448	0.011515	0.004025	-0.119934	0.018161	-0.000524	-0.003355	-0.034606
NA19098	0.217416	0.017428	-0.005314	-0.008278	-0.018063	-0.037561	0.022569	-0.018204	-0.013517	0.004438
NA19099	0.245396	0.016878	0.003586	0.004107	-0.022687	-0.054433	0.002140	0.001673	-0.013476	0.011607
NA19102	0.231752	0.009845	-0.000460	-0.000061	-0.034829	-0.074896	0.001605	0.003412	0.012518	-0.014031
NA19107	0.245179	0.029896	-0.003297	0.007818	0.000559	-0.083489	-0.010042	0.011052	-0.004675	0.018893
NA19108	0.227303	0.019584	-0.004023	-0.002281	-0.020208	-0.084984	0.006899	0.004998	0.002304	-0.012218
NA19113	0.234601	0.010915	0.000645	-0.003659	-0.026697	-0.056492	-0.004078	0.000685	-0.016326	0.001379
NA19114	0.222173	0.020032	0.003115	0.002467	-0.023160	-0.064684	0.006923	-0.012042	-0.014582	-0.023989
NA19116	0.242718	0.012107	0.006887	0.002805	-0.004499	-0.087308	0.011150	0.019571	-0.008207	0.005025
NA19117	0.232931	0.007507	0.002775	-0.006723	-0.017198	-0.111446	0.013826	0.004384	-0.015159	-0.022184
NA19118	0.198325	0.011366	-0.000543	-0.008652	-0.009329	-0.010133	0.005557	-0.006226	-0.018727	0.006923
NA19119	0.242358	0.016701	0.004845	0.004997	-0.032366	-0.091507	0.014273	0.013789	-0.031390	-0.012504
NA19121	0.232042	0.017223	-0.002499	0.004688	-0.013916	-0.046732	0.003993	0.012093	-0.011657	-0.004758
NA19129	0.226179	0.005354	0.000979	-0.004114	-0.026076	-0.033784	0.002210	0.000882	-0.009087	0.002251
NA19130	0.235414	0.010895	-0.007885	0.002832	-0.002377	-0.055696	0.006763	-0.011707	-0.017417	0.005909
NA19131	0.245599	0.017408	-0.005286	0.004435	-0.047957	-0.046565	0.009183	0.030187	-0.001859	0.017488
NA19137	0.235187	0.014447	0.002063	0.008444	-0.012457	-0.049882	0.008729	0.009917	-0.017871	0.010437
NA19138	0.226501	0.019127	-0.001824	0.005206	-0.023925	-0.045997	0.000710	-0.002851	-0.002216	-0.002304
NA19141	0.235183	0.018825	-0.000075	-0.002696	-0.002355	-0.067490	0.001816	0.005241	-0.017204	-0.017604
NA19143	0.233742	0.012726	0.006625	-0.013302	-0.012557	-0.067310	-0.006984	-0.000261	-0.012734	0.006398
NA19144	0.252644	0.012799	0.000827	0.012074	-0.000461	-0.050255	0.018374	0.049704	0.013775	0.000220
NA19146	0.237400	0.013129	-0.003822	-0.007333	-0.015227	-0.071457	0.003373	-0.015140	-0.031476	0.022022
NA19147	0.240779	0.008276	0.007536	0.004658	0.012516	-0.053182	0.006022	-0.000362	0.031116	-0.022020
NA19149	0.232616	0.009476	0.002004	0.002192	-0.026727	-0.008051	-0.011127	0.002454	-0.011043	-0.012853
NA19152	0.243512	0.014753	-0.000502	0.017272	-0.036360	-0.028463	-0.003175	0.025733	-0.008403	0.022650
NA19153	0.218361	0.016930	0.004533	-0.002145	-0.008963	-0.054552	0.001111	-0.009559	-0.012156	-0.027912
NA19159	0.241355	0.014165	0.003881	-0.002591	-0.043121	-0.064714	0.014573	0.003850	-0.009486	-0.009079
NA19160	0.241704	0.014566	0.004693	-0.003221	-0.009420	-0.076767	0.012388	-0.003150	-0.042064	0.015740
NA19171	0.231486	0.016012	-0.006802	-0.007766	-0.015917	-0.042793	0.018838	-0.003717	-0.013408	-0.033446
NA19172	0.231782	0.006040	0.007883	-0.011055	-0.009324	-0.064595	0.009661	-0.002777	-0.029002	0.014613
NA19175	0.232196	0.019618	-0.001100	-0.004895	-0.019900	-0.044443	0.002692	0.000440	-0.025139	-0.009985
NA19184	0.247341	0.012620	-0.005377	-0.003842	0.006268	-0.073306	-0.013278	-0.000167	-0.000313	0.016475
NA19185	0.227352	0.016832	-0.007263	-0.002152	-0.001330	-0.078784	0.029522	0.009718	-0.019780	0.013928
NA19189	0.227451	0.016718	0.001174	0.012154	-0.011567	-0.049801	0.002401	-0.003938	-0.003489	-0.002249
NA19190	0.237929	0.017755	0.003819	0.003622	-0.023753	-0.045984	0.009040	-0.012255	-0.005892	-0.015112
NA19197	0.234550	0.007158	-0.001547	-0.006460	-0.003664	-0.076360	-0.012560	-0.012066	-0.027728	-0.004116
NA19198	0.226984	0.008305	0.002800	-0.010830	-0.030397	-0.057543	0.005963	-0.021086	-0.035328	0.017942
NA19200	0.216873	0.016959	0.002624	-0.004948	-0.013721	-0.042199	0.005577	-0.006285	-0.008861	-0.009390
NA19201	0.231283	0.017272	-0.002881	0.017798	-0.014410	-0.046054	0.002176	-0.002735	-0.015346	-0.001327
NA19204	0.229076	0.007400	0.000285	-0.007242	-0.020638	-0.103108	0.008295	0.007115	-0.025279	0.000677
NA19206	0.221158	0.008751	0.003541	-0.003533	-0.007695	-0.051608	0.004610	-0.008449	-0.021139	-0.014472
NA19207	0.233103	0.005306	0.005596	0.006578	-0.043227	-0.060847	0.012019	0.004514	-0.044187	-0.017409
NA19209	0.220533	0.005975	-0.000037	-0.009786	-0.008982	-0.034106	0.001043	-0.012391	0.002423	0.014045
NA19210	0.244598	0.014767	0.001178	0.007783	-0.010189	-0.054235	0.012214	0.008071	-0.007526	-0.021587
NA19213	0.232617	0.016844	-0.007031	0.004734	-0.032128	-0.072093	0.017966	0.003423	-0.008104	-0.027661
NA19214	0.245835	0.010310	0.001642	0.008445	-0.040886	-0.037628	0.025699	0.037137	-0.018883	0.030079
NA19222	0.254162	0.018421	0.006243	-0.006001	-0.002980	-0.017163	0.009151	0.006373	-0.012549	-0.014166
NA19223	0.245294	0.016710	0.014085	0.002686	-0.015284	-0.028905	0.005679	0.012552	-0.016484	-0.011969
NA19225	0.260128	0.018371	0.006796	0.003649	-0.059368	-0.070362	0.013584	-0.002816	-0.038957	-0.009280
NA19235	0.238194	0.001403	0.006847	0.008328	-0.038734	-0.032563	0.026844	-0.000831	-0.010738	-0.012028
NA19236	0.216616	0.015165	0.003521	-0.005346	-0.013895	-0.026559	0.004087	-0.015042	-0.010488	0.019032
NA19238	0.235476	0.017003	0.002616	0.006294	-0.003611	-0.086176	0.016228	-0.005502	-0.013208	-0.009397
NA19239	0.246377	0.020395	-0.005328	0.006261	-0.026975	-0.056763	0.014515	-0.004649	-0.012451	-0.001651
NA19247	0.225083	0.019518	0.004301	0.010746	-0.004881	-0.041878	0.019432	0.020210	-0.002825	-0.006506
NA19248	0.240321	0.017195	0.007044	0.015827	-0.010944	0.023341	-0.005991	0.030382	0.013045	0.045915
NA19256	0.230788	0.004746	-0.003116	-0.001413	-0.029145	-0.021496	0.018343	0.006400	-0.019639	-0.018987
NA19257	0.241507	0.015090	0.002152	0.005387	-0.028766	-0.057445	0.000923	-0.004116	-0.018190	0.002207
NA19307	0.181911	0.008735	0.005435	-0.029577	0.323826	0.240669	-0.355256	-0.431835	-0.427833	-0.513041
NA19308	0.222198	0.016135	-0.004064	0.006972	0.110688	-0.021472	-0.001314	0.014757	0.020601	0.047709
NA19309	0.217067	0.013770	-0.000510	-0.001402	0.135847	0.011171	-0.048270	-0.015789	0.015619	0.050816
NA19310	0.210349	0.014642	-0.001669	0.020302	0.180069	-0.031632	0.125332	-0.029325	0.085305	-0.057903
NA19312	0.198564	0.016721	0.005548	-0.036297	0.265912	0.187462	-0.293271	-0.360902	-0.395958	-0.363946
NA19314	0.220018	0.011815	-0.000399	-0.009601	0.144761	-0.000543	0.010147	-0.019105	0.038045	0.038287
NA19315	0.208067	0.004032	0.004059	-0.009783	0.121755	-0.000078	-0.003234	-0.001930	0.000804	0.044458
NA19316	0.223651	0.009625	-0.002969	0.003346	0.187255	0.006232	-0.048459	-0.068993	-0.014685	-0.014809
NA19317	0.248089	0.029464	0.007280	-0.003285	0.139025	-0.024655	-0.037662	-0.031859	0.006811	0.046472
NA19318	0.227663	0.024778	0.010124	-0.002380	0.161399	-0.003943	-0.003875	0.063171	0.000771	0.017588
NA19319	0.208023	0.012469	0.005752	-0.009756	0.123704	0.003890	0.001539	0.054389	-0.001412	-0.007022
NA19320	0.236575	0.026454	0.005413	0.000666	0.240277	0.026936	-0.071814	-0.033583	-0.114248	0.065341
NA19321	0.214875	0.018395	0.001323	-0.002985	0.110393	-0.005233	0.010700	0.051944	-0.016517	0.023706
NA19323	0.232237	0.016296	0.004775	0.001254	0.193132	0.018181	-0.103316	-0.104261	0.046999	0.003280
NA19324	0.215636	0.005973	0.001591	-0.003453	0.120313	-0.006420	-0.005246	-0.005031	0.025296	0.057263
NA19327	0.202484	0.014831	0.001526	-0.002023	0.163218	0.003038	-0.051924	0.033676	0.001887	0.000344
NA19328	0.242492	0.016905	0.010776	0.003155	0.109485	0.020186	-0.017908	0.011174	0.046446	-0.003843
NA19331	0.233550	0.022028	0.007006	0.005049	0.183375	-0.164932	0.102694	-0.119168	0.612372	-0.575814
NA19332	0.235736	0.008256	0.006961	0.003638	0.173521	-0.031213	-0.043283	-0.040931	0.032933	0.091899
NA19334	0.230713	0.023031	0.010010	0.004731	0.171401	-0.155026	0.104927	-0.116045	0.583668	-0.541062
NA19338	0.234129	0.007949	0.011451	-0.005320	0.149450	0.038939	-0.048093	-0.064978	-0.041045	-0.024394
NA19346	0.222975	0.016908	-0.000496	-0.008631	0.324373	0.159543	-0.070762	-0.070828	0.341841	0.578660
NA19347	0.239475	0.012713	0.008433	-0.002694	0.239266	0.033264	-0.075340	-0.073960	-0.094349	0.041855
NA19350	0.227940	0.019113	-0.002245	0.008216	0.268955	0.134000	0.125728	0.517987	-0.209890	-0.177602
NA19351	0.231658	0.018682	-0.004812	0.013503	0.124614	0.001694	-0.013000	-0.021293	0.001079	0.060244
NA19355	0.189372	-0.004316	0.008128	-0.019996	0.276704	0.047792	-0.134134	-0.217954	-0.248372	-0.250879
NA19360	0.198322	0.003912	0.002386	-0.028375	0.279376	0.169933	-0.289854	-0.332489	-0.298852	-0.347015
NA19372	0.242808	0.017684	0.001120	-0.000790	0.161679	0.038101	-0.063446	0.014811	0.039610	0.133059
NA19374	0.197978	0.014639	0.004201	0.014794	0.332040	0.316883	1.528969	-0.553954	-0.108861	-0.034374
NA19375	0.203087	0.004490	0.011284	-0.002046	0.179532	0.006182	0.052580	0.003974	-0.068438	0.049485
NA19376	0.213126	0.014315	0.010775	0.005444	0.253668	0.197658	0.160330	0.778852	-0.274045	-0.254184
NA19377	0.222661	-0.002164	0.009330	-0.005362	0.132921	-0.019069	-0.034002	-0.049665	-0.036495	0.105589
NA19378	0.253459	0.015812	0.008532	0.015695	0.241156	0.053337	-0.024354	0.035310	0.163466	0.286782
NA19379	0.232794	0.015891	0.012185	-0.006944	0.087734	-0.006517	-0.000062	-0.035911	0.010031	0.028617
NA19380	0.231307	0.013481	0.012019	-0.002707	0.220200	0.062254	0.042275	-0.038042	-0.053170	0.127148
NA19383	0.233305	0.019114	-0.000385	-0.002758	0.237025	0.136500	-0.063294	0.262119	0.306096	-0.067703
NA19384	0.228700	0.009737	-0.010317	0.004841	0.097524	-0.048959	-0.034400	-0.004384	0.074949	0.029928
NA19385	0.217650	0.001116	0.006513	-0.021533	0.202994	0.012090	-0.091009	-0.027408	0.188403	0.229725
NA19390	0.233008	0.009173	0.013584	0.016156	0.121930	-0.008182	-0.017250	0.026952	0.016902	0.014109
NA19391	0.233192	0.021189	-0.004129	-0.000803	0.118414	-0.032914	0.023661	0.051254	-0.020536	0.025853
NA19393	0.237062	0.025891	0.004728	-0.000802	0.155504	0.021981	-0.031261	-0.016374	-0.006398	0.058485
NA19394	0.224302	0.017509	0.003741	-0.000082	0.148508	0.014118	-0.066910	-0.034398	0.070801	0.131802
NA19395	0.226776	0.004422	0.008720	-0.009321	0.152436	0.003998	-0.029675	-0.043350	0.020132	0.082422
NA19397	0.194746	0.010580	0.009018	0.002587	0.242535	0.166629	0.174279	0.698630	-0.277826	-0.258799
NA19399	0.224324	0.008720	0.007080	0.012120	0.146241	0.025632	0.086447	0.099124	-0.042645	0.016897
NA19401	0.227025	0.015710	0.000856	0.004007	0.103362	0.010883	-0.022730	0.016474	0.003574	0.055965
NA19403	0.220768	0.004723	0.016840	0.014446	0.116407	0.013370	-0.033909	0.015230	0.040567	0.029931
NA19404	0.205318	0.007734	-0.001144	-0.005617	0.160513	0.020538	-0.065246	-0.036076	-0.005955	-0.019403
NA19428	0.198783	0.009564	0.011697	0.002992	0.269032	0.101290	-0.076176	-0.067624	0.109687	0.146449
NA19429	0.235370	0.021245	0.002001	0.007481	0.117751	-0.004044	0.001397	-0.019196	0.033878	0.078488
NA19430	0.229092	0.008031	0.007834	-0.003099	0.189956	0.039230	-0.076421	0.065894	0.141397	-0.014818
NA19431	0.226347	0.022547	0.005750	-0.001407	0.116021	-0.025376	-0.010688	0.008365	-0.028493	0.055492
NA19434	0.210826	0.011816	0.005538	-0.019439	0.113522	0.000090	-0.041182	-0.012445	-0.016295	0.057516
NA19435	0.202489	0.009998	0.007028	0.011332	0.148919	0.024754	0.024462	-0.007086	0.037826	0.018623
NA19436	0.185580	0.015384	0.010263	-0.005457	0.105704	0.009611	-0.023674	-0.023903	-0.011801	-0.022276
NA19437	0.209840	-0.005712	0.003077	0.006771	0.163170	-0.004164	-0.030143	-0.011816	0.140290	0.184308
NA19438	0.209207	0.007701	0.002889	-0.009910	0.113896	-0.013986	-0.006566	-0.031289	-0.034872	0.062462
NA19439	0.231317	0.006272	0.012791	-0.016481	0.137733	0.021103	-0.047032	-0.066758	0.089034	0.096750
NA19440	0.203748	0.017422	0.006054	-0.016795	0.113463	0.030263	-0.027517	-0.010027	-0.023832	-0.000831
NA19443	0.238265	0.019816	0.005245	0.002536	0.142235	0.001100	0.002111	-0.019148	-0.026411	0.020963
NA19445	0.221686	0.012863	0.006687	-0.001584	0.148597	0.011155	-0.032554	0.045860	0.040044	0.009037
NA19446	0.244657	0.009935	0.006917	-0.015106	0.117527	-0.007702	-0.004321	-0.009528	-0.017894	0.073961
NA19448	0.211409	0.008469	0.004163	0.000765	0.116871	0.073560	-0.016101	0.006939	-0.004345	0.054442
NA19449	0.240467	0.011988	0.015956	0.004283	0.128262	-0.030837	0.006627	-0.021241	0.028092	0.069572
NA19451	0.215729	0.011161	-0.007591	-0.005896	0.143399	-0.013930	-0.016795	0.000778	-0.014385	0.029813
NA19452	0.198144	0.012468	-0.002503	-0.001876	0.135064	-0.029646	-0.019996	-0.001202	-0.048247	0.046276
NA19454	0.218113	0.008283	-0.001721	-0.002141	0.228330	0.106800	0.028158	0.100504	-0.018054	0.202799
NA19455	0.213120	0.005734	0.005813	-0.005195	0.153885	0.001637	-0.024549	0.027790	0.038124	0.057662
NA19456	0.206423	0.015652	0.000756	-0.000025	0.158424	0.029655	-0.005066	0.058846	0.064262	0.096731
NA19457	0.217111	0.010047	-0.000684	-0.000045	0.120185	-0.021436	-0.020580	0.041972	0.056154	0.101195
NA19461	0.194203	0.006803	-0.005288	0.000764	0.096874	0.014896	0.006676	-0.005123	-0.021579	-0.000853
NA19462	0.220067	0.017931	0.008347	0.000988	0.140306	0.023011	-0.033300	0.028457	0.057426	0.116764
NA19463	0.224226	0.006317	-0.013075	0.006010	0.140815	-0.009503	-0.033865	0.011787	0.009529	0.084577
NA19466	0.201363	0.011009	0.006186	-0.015676	0.114213	0.004039	-0.006768	-0.006985	0.014379	0.025276
NA19467	0.223590	0.010174	0.009765	-0.004656	0.111178	0.040492	-0.074604	-0.030138	-0.005150	0.016621
NA19468	0.208707	0.010831	0.005953	-0.004641	0.194408	0.067976	-0.054977	-0.036985	-0.019378	0.017788
NA19471	0.196305	0.006675	0.013611	0.003865	0.136747	0.040047	0.009266	-0.054050	0.012678	-0.042373
NA19472	0.232341	0.005181	-0.003010	-0.001410	0.141271	-0.034550	-0.075625	-0.028028	0.082935	0.037629
NA19473	0.221330	0.007335	0.000779	-0.007465	0.111862	-0.006199	-0.007142	0.046107	0.024609	0.011990
NA19474	0.151807	0.002517	-0.001746	-0.007150	0.103982	-0.009948	-0.022814	0.002211	0.016967	0.028380
NA19475	0.214990	0.020172	0.004757	-0.003667	0.147381	-0.006750	-0.026353	0.010032	-0.029231	0.053254
NA19625	0.064337	-0.040557	-0.036957	-0.007525	-0.008488	0.011810	-0.004180	0.018531	0.004854	-0.006237
NA19648	-0.074899	-0.087031	-0.036182	-0.031468	-0.003753	0.001244	0.002224	-0.001204	-0.000942	-0.000652
NA19649	-0.072627	-0.092639	-0.044527	-0.016334	0.002386	0.004203	-0.002005	-0.000450	-0.003036	-0.005407
NA19651	-0.085483	-0.064397	-0.058595	0.104780	-0.002754	-0.004976	-0.001195	-0.001192	0.001529	0.005213
NA19652	-0.067311	-0.061156	-0.051688	0.028609	-0.000811	-0.000817	-0.003509	-0.000122	-0.005131	-0.002227
NA19654	-0.078578	-0.031994	-0.052557	0.091305	0.001726	-0.004407	-0.001075	-0.005201	-0.005470	0.001518
NA19655	-0.075449	-0.034561	-0.056535	0.111720	0.002782	-0.010308	0.003202	-0.003734	0.002773	-0.001351
NA19657	-0.077380	-0.013071	-0.065787	0.107107	0.000266	-0.001576	-0.001829	-0.001720	0.001669	-0.000139
NA19658	-0.044391	-0.011046	-0.061213	0.113151	-0.004545	0.005881	0.000662	0.002652	-0.002419	-0.001574
NA19661	-0.086140	-0.022471	-0.065766	0.103850	0.000351	-0.000898	-0.001256	-0.000437	-0.001804	0.000331
NA19663	-0.079350	-0.009166	-0.071263	0.119329	0.001767	-0.000529	0.001370	-0.001115	-0.001545	0.000941
NA19664	-0.078802	-0.034344	-0.050893	0.021426	0.001203	-0.002448	-0.002525	-0.000249	0.000545	0.005056
NA19669	-0.080457	-0.012847	-0.059160	0.047059	0.001305	0.004555	-0.004904	-0.004590	-0.000026	-0.001254
NA19670	-0.027927	-0.016137	-0.058891	0.106960	0.002993	0.004347	-0.002418	-0.011746	-0.004087	-0.008443
NA19676	-0.082980	-0.052285	-0.057771	0.008703	0.000526	0.000852	-0.002224	0.002786	-0.002056	0.002520
NA19678	-0.061039	-0.049540	-0.056707	0.002834	0.001715	0.005794	-0.002166	0.002766	-0.007083	0.003646
NA19679	-0.066758	-0.066901	-0.026632	0.002306	0.001683	-0.001732	0.001555	0.000252	0.000232	0.000265
NA19681	-0.084668	0.009563	-0.059742	0.117578	0.004905	-0.001357	-0.003282	-0.005260	-0.001086	-0.004406
NA19682	-0.065978	-0.018864	-0.053057	0.102768	0.003299	-0.004701	-0.003659	-0.002210	-0.005855	-0.002198
NA19684	-0.070765	-0.062511	-0.056752	0.077244	0.000644	-0.001599	-0.000688	-0.002416	-0.000519	0.000081
NA19700	0.128410	-0.023384	-0.016181	-0.011983	-0.017817	-0.001915	-0.015529	-0.006312	-0.010013	-0.011578
NA19701	0.206634	0.020912	-0.001604	0.012302	-0.038336	-0.065675	0.012622	-0.018899	-0.039765	-0.016835
NA19703	0.221749	0.007991	0.008407	-0.007516	0.061233	-0.125351	-0.016237	0.002096	-0.001623	0.010135
NA19704	0.235030	0.014823	-0.010781	-0.001280	-0.028273	0.017793	-0.009186	-0.008533	0.008097	-0.000747
NA19707	0.066992	-0.040357	-0.031191	-0.024752	-0.006406	-0.029536	-0.000584	-0.001025	-0.018223	-0.010442
NA19711	0.192928	-0.003518	-0.006855	-0.001346	-0.021762	-0.023588	0.007192	0.003291	-0.018242	-0.000734
NA19712	0.144001	-0.010951	-0.008200	-0.002020	-0.002201	-0.037983	0.000070	-0.006011	-0.003559	-0.016400
NA19713	0.167228	-0.006058	-0.018256	-0.022854	0.030561	-0.058822	0.022184	0.006665	-0.018211	-0.007487
NA19716	-0.079013	-0.049150	-0.050261	0.066706	0.001580	0.000394	-0.000627	0.001173	-0.001211	-0.000288
NA19717	-0.100552	0.011450	-0.073517	0.189868	-0.000102	-0.000284	-0.002557	-0.001148	-0.001335	-0.001770
NA19719	-0.059653	-0.056780	-0.057429	0.046465	0.005571	0.002759	0.001839	0.001786	0.000894	-0.006096
NA19720	-0.063779	-0.022900	-0.062449	0.081248	-0.001472	0.003554	-0.003606	-0.002198	-0.007263	-0.000681
NA19722	-0.008185	-0.039098	-0.039350	0.019978	-0.016695	0.018524	0.001153	0.003589	0.009245	-0.003405
NA19723	-0.079146	-0.008522	-0.054409	0.129864	-0.000051	0.005024	-0.001275	-0.001556	-0.003281	0.005565
NA19725	-0.033161	-0.045526	-0.047440	0.004829	0.004645	0.003974	0.003081	-0.010465	-0.013866	-0.002449
NA19726	-0.097211	0.027058	-0.084300	0.182700	0.001811	-0.005845	-0.000810	-0.003321	-0.000606	-0.003033
NA19728	-0.065523	0.003646	-0.052220	0.112531	0.009114	-0.004233	-0.003531	-0.000948	0.005301	0.006253
NA19729	-0.089092	-0.062935	-0.044712	0.082807	-0.005895	-0.005018	-0.002483	-0.004482	0.000111	-0.000502
NA19731	-0.091663	0.006533	-0.060603	0.145580	-0.001086	0.000453	-0.003020	-0.006566	-0.002950	0.000836
NA19732	-0.101882	0.019373	-0.078523	0.189273	0.004187	0.000672	-0.001885	-0.004331	-0.003170	-0.000756
NA19734	-0.084866	-0.031912	-0.045802	0.071017	-0.004920	-0.003352	0.000715	0.001137	0.001500	0.002848
NA19735	-0.090403	-0.027803	-0.049799	0.105440	0.006269	-0.000449	-0.005498	-0.005194	-0.002596	0.003617
NA19740	-0.074883	-0.029323	-0.050724	0.062945	0.006696	0.002338	-0.003932	-0.001950	-0.006602	-0.002340
NA19741	-0.097289	0.052106	-0.065567	0.165565	0.001317	-0.002587	-0.001441	-0.007867	0.000865	0.006033
NA19746	-0.062932	-0.029230	-0.061858	0.054342	0.002868	-0.009974	0.001662	-0.001304	0.000684	-0.006150
NA19747	-0.083392	-0.005112	-0.050723	0.112624	0.002109	-0.002271	-0.001741	-0.004582	-0.002565	-0.001676
NA19749	-0.098403	0.059196	-0.019723	0.032099	0.004131	0.002774	0.002184	-0.000262	-0.000654	0.002973
NA19750	-0.065236	-0.077422	-0.049098	0.009070	-0.002315	-0.006336	0.005534	-0.005278	0.003520	0.001568
NA19752	-0.080983	-0.025247	-0.065878	0.100750	0.004941	-0.004675	-0.000173	-0.002181	-0.004262	-0.002270
NA19755	-0.081653	-0.025327	-0.052212	0.066063	0.002677	-0.001562	-0.001545	-0.003793	-0.001539	-0.002913
NA19756	-0.050514	-0.014938	-0.059233	0.092874	0.003865	0.002348	-0.002538	0.004073	-0.004290	-0.004738
NA19758	-0.088481	0.010149	-0.066275	0.112289	0.001617	-0.000795	-0.005090	-0.000935	0.002082	-0.000532
NA19759	-0.097837	-0.000604	-0.074511	0.136705	-0.000818	-0.004806	-0.001188	-0.002506	0.000139	0.000647
NA19761	-0.090588	0.001633	-0.063322	0.138753	0.002379	0.001356	-0.003982	-0.000490	-0.005077	0.001569
NA19762	-0.077365	-0.036796	-0.051649	0.084802	0.004618	-0.002240	-0.000533	0.003521	0.002371	-0.001580
NA19764	-0.082917	0.018386	-0.055553	0.170185	-0.000693	-0.007062	0.000441	-0.008711	-0.002261	-0.001995
NA19770	-0.081836	-0.037187	-0.060036	0.135345	0.001708	0.004480	-0.000985	0.001348	0.000641	-0.000991
NA19771	-0.068981	-0.053563	-0.045764	0.008983	0.001314	0.002941	0.003152	0.003834	-0.007198	0.004642
NA19773	-0.073350	-0.048871	-0.046934	0.004925	-0.001528	0.004569	-0.002427	-0.002508	0.002328	-0.004833
NA19774	-0.041890	-0.021731	-0.052385	0.121267	-0.001879	-0.013293	-0.000335	-0.003588	-0.004263	-0.002188
NA19776	-0.053287	-0.020809	-0.060505	0.069088	0.005159	0.012877	-0.004641	-0.005889	0.013942	-0.009011
NA19777	-0.064305	-0.047058	-0.056106	0.115958	-0.005652	-0.003454	-0.002129	-0.000982	-0.001217	-0.001111
NA19779	-0.076681	-0.052126	-0.064717	0.074042	0.000169	0.000484	-0.000382	-0.005230	-0.001103	-0.000033
NA19780	-0.057937	-0.072823	-0.041750	0.001230	-0.002005	0.004193	-0.006015	0.000281	-0.001329	-0.000366
NA19782	-0.088235	-0.009414	-0.060945	0.135685	-0.000524	-0.003153	-0.000775	-0.001944	-0.001519	0.000232
NA19783	-0.098638	0.036101	-0.092103	0.209115	0.004493	-0.001077	-0.003466	-0.005205	-0.007888	-0.000895
NA19785	-0.069891	-0.045550	-0.064346	0.053391	0.001870	0.000934	-0.001710	0.002835	-0.003510	0.000309
NA19786	-0.076948	-0.022421	-0.067768	0.146200	-0.003131	-0.002867	-0.002369	-0.006038	-0.005915	-0.002281
NA19788	-0.087607	0.012256	-0.069765	0.181660	0.004067	0.002903	-0.001236	-0.003300	0.003487	-0.002599
NA19789	-0.068173	-0.017489	-0.051778	0.071960	0.003419	0.004854	0.000717	0.002783	-0.009938	-0.000169
NA19792	-0.034475	-0.053121	-0.019303	-0.005696	-0.000038	0.010500	-0.002890	0.002841	0.004321	0.004465
NA19794	-0.070163	-0.029394	-0.059561	0.108969	-0.003517	-0.002364	0.000357	-0.000117	-0.001194	-0.000856
NA19795	-0.094557	-0.015752	-0.084270	0.141625	0.004626	-0.002903	0.000396	-0.000208	-0.004500	0.004343
NA19818	0.208936	0.016798	-0.007069	0.005616	-0.025655	-0.020389	-0.011563	-0.024787	-0.012891	-0.038150
NA19819	0.177958	0.005317	0.000049	-0.013369	-0.014089	0.005728	-0.016319	-0.016262	0.012732	-0.031429
NA19834	0.152752	-0.015175	-0.010032	-0.024604	-0.026278	-0.008249	-0.011162	0.009424	-0.011604	0.015727
NA19835	0.156458	-0.005396	-0.009597	0.020730	0.032588	-0.062008	0.004421	0.001237	-0.012815	0.024432
NA19900	0.195421	-0.003668	-0.015216	0.021440	-0.011123	0.024718	-0.020831	0.001095	-0.009783	0.005235
NA19901	0.129031	0.018382	-0.025612	0.087115	0.043962	-0.016645	0.019540	0.042790	-0.043783	0.006115
NA19904	0.243750	0.013180	-0.000755	0.007287	-0.024752	-0.040671	0.012033	0.003894	-0.025164	0.012161
NA19908	0.193904	-0.010781	0.013452	-0.007946	-0.008432	-0.009626	0.002589	0.023554	-0.011349	0.011782
NA19909	0.225704	0.013935	-0.015890	-0.000756	-0.015812	-0.048537	0.001837	-0.000548	-0.003617	-0.010604
NA19913	0.225536	0.011900	-0.000058	-0.007775	-0.005514	-0.011235	0.014347	0.002692	-0.014392	0.012496
NA19914	0.180959	0.017954	-0.008507	-0.006579	0.003877	0.005076	0.020774	-0.029554	-0.000847	-0.008794
NA19916	0.240983	0.010259	0.002252	0.009888	0.091395	0.077239	0.003169	0.004708	0.080159	0.107323
NA19917	0.214522	0.014854	0.002413	-0.001745	-0.032109	0.002706	0.000364	0.010844	-0.008305	0.005392
NA19920	0.227073	0.027429	-0.007073	-0.008257	-0.019277	-0.038308	0.024058	0.049104	-0.039935	-0.040901
NA19921	0.071181	-0.033861	-0.023232	-0.033178	-0.022014	-0.017245	0.001046	0.007794	-0.007248	-0.013000
NA19922	0.205581	-0.017290	-0.013251	-0.008906	-0.003891	-0.041731	0.014274	-0.008589	0.001439	-0.005519
NA19923	0.098879	-0.044650	-0.007685	-0.013605	-0.007530	0.036829	-0.013108	0.000171	0.001179	0.006067
NA19982	0.070719	-0.036745	-0.026888	-0.021697	-0.010592	0.014595	-0.008193	0.001321	0.005069	0.002740
NA19984	0.208079	-0.001441	-0.003352	-0.011583	-0.007990	0.002691	0.001752	-0.009491	0.003888	-0.007642
NA20126	0.091362	-0.032908	-0.012571	0.010550	-0.023082	-0.010555	-0.004854	-0.008455	-0.011012	-0.004001
NA20127	0.032830	-0.063662	-0.025159	-0.030866	0.001221	-0.012169	0.003208	0.002592	0.011553	0.000617
NA20274	-0.072406	-0.028836	-0.034837	0.063918	-0.002988	-0.002045	-0.002831	-0.002635	-0.002620	-0.002235
NA20276	0.122032	-0.037609	-0.002109	-0.021714	-0.002394	0.002802	-0.001319	-0.007988	-0.012019	-0.009016
NA20278	0.080418	-0.039481	-0.013657	-0.013981	-0.031364	0.002777	-0.001437	-0.003545	-0.007612	-0.008173
NA20281	0.225778	0.008197	-0.005144	-0.002523	0.006765	0.000185	-0.013626	-0.002837	-0.006854	0.017244
NA20282	0.057248	-0.052856	-0.032817	-0.024717	-0.024830	0.020461	-0.004522	0.001153	-0.016333	-0.005453
NA20287	0.202128	0.005633	-0.006445	0.011606	-0.005592	-0.021211	0.003654	-0.009243	-0.020781	-0.032400
NA20289	0.028025	-0.064820	-0.008782	0.010479	0.000798	-0.023499	0.005052	-0.002452	-0.001292	0.002097
NA20291	0.248305	0.017256	-0.001621	0.005041	-0.036440	0.056473	0.007458	0.067564	-0.005093	-0.026040
NA20294	0.127091	-0.026028	-0.015952	-0.006317	-0.007400	-0.024669	0.001813	-0.014750	-0.015387	-0.004681
NA20296	0.116184	0.012059	0.010815	-0.012076	0.014301	-0.025759	0.005900	0.010251	0.010284	0.002494
NA20298	0.192095	0.000811	-0.001043	-0.018489	-0.012155	-0.021893	-0.014499	-0.018224	-0.009799	-0.024989
NA20299	0.009513	-0.017624	-0.037574	0.050130	-0.007358	0.002803	-0.003809	-0.011833	0.011230	0.023720
NA20314	-0.087099	-0.040955	-0.063726	0.102289	-0.001740	-0.002127	-0.000463	-0.003975	-0.003969	0.003037
NA20317	0.130149	-0.024049	-0.015166	-0.021845	0.047233	-0.025158	-0.005398	0.015372	0.013240	0.006712
NA20318	0.118089	-0.023498	-0.006135	-0.022176	0.006630	-0.021016	-0.001989	0.008279	-0.000182	-0.008038
NA20320	0.127630	-0.013599	-0.005314	-0.010621	-0.026159	-0.030968	0.017741	-0.017036	-0.003600	-0.014427
NA20321	0.218851	0.018915	0.002963	-0.002580	-0.038113	-0.038459	0.012609	-0.028563	-0.000204	-0.023175
NA20332	0.138763	-0.007007	-0.010027	-0.012815	-0.000425	-0.015371	0.003630	0.008660	-0.016078	-0.020661
NA20334	0.047284	-0.041924	-0.010417	-0.012281	-0.003249	-0.022686	-0.002727	0.002087	0.000041	-0.009899
NA20339	0.242874	0.026361	0.001473	0.006412	0.031332	-0.052934	0.013785	-0.002600	0.025559	-0.008247
NA20340	0.241491	0.009196	0.006369	0.000320	0.013944	-0.009127	-0.025970	-0.017087	-0.011260	0.020201
NA20342	0.105211	-0.029870	-0.011101	-0.018827	0.017881	-0.045696	0.006576	-0.008233	0.016277	-0.028427
NA20346	0.154120	-0.014030	-0.016240	0.014647	-0.006470	-0.006564	-0.004675	-0.010004	0.011870	0.014930
NA20348	0.217671	0.016796	-0.011495	0.004243	-0.028862	0.036281	0.006160	-0.010239	-0.001792	0.021462
NA20351	0.145326	-0.016430	-0.010697	-0.012148	0.005476	-0.059982	0.008263	-0.002690	0.003778	-0.013079
NA20355	0.165093	-0.015986	-0.000397	-0.007323	-0.015031	-0.001060	-0.005506	0.007843	0.013132	0.011007
NA20356	0.193595	0.001906	0.001295	0.001691	0.022351	-0.050775	-0.002654	-0.018008	-0.001918	0.025857
NA20357	0.143488	-0.024555	-0.014546	-0.006208	-0.010665	0.008512	0.009991	-0.019288	-0.007950	0.001000
NA20359	0.223066	0.006794	-0.008277	0.002644	0.005316	-0.041037	0.009328	0.013114	-0.015393	0.020354
NA20362	0.188824	-0.014600	-0.008163	-0.004684	0.007370	-0.023890	0.009357	0.020414	-0.003221	0.020651
NA20412	0.151348	-0.024480	-0.004678	-0.018998	-0.015463	0.008957	0.007482	-0.010374	-0.001980	0.010192
NA20502	-0.070034	-0.101969	-0.017923	-0.020357	0.002050	0.004481	-0.001304	0.004898	-0.000677	0.003026
NA20503	-0.061362	-0.087984	-0.015126	-0.025837	0.002492	-0.003057	0.003130	0.004047	0.006161	-0.002697
NA20504	-0.067310	-0.093165	-0.040914	-0.057975	0.001551	0.000619	0.002086	-0.000615	-0.001072	0.001157
NA20505	-0.066535	-0.103374	-0.022527	-0.026985	0.002154	0.002068	0.001206	-0.001273	0.001483	-0.001090
NA20506	-0.073797	-0.092659	-0.043870	-0.054712	-0.000687	-0.001960	-0.002156	-0.000114	-0.003465	0.000309
NA20507	-0.073788	-0.079789	-0.041970	-0.013438	0.002814	0.001781	-0.001501	0.002615	0.000398	-0.001122
NA20508	-0.070894	-0.097659	-0.033053	-0.026650	0.000564	0.006548	-0.000754	0.006571	-0.005277	0.001793
NA20509	-0.074356	-0.092128	-0.028117	-0.046967	0.002537	-0.002973	-0.001066	-0.002589	-0.001175	0.004305
NA20510	-0.070562	-0.098891	-0.050956	-0.040191	-0.000519	0.000317	-0.001604	-0.002439	-0.008304	0.001135
NA20511	-0.069675	-0.090201	-0.036711	-0.009707	0.001621	0.006285	0.000319	-0.000383	0.008314	0.002299
NA20512	-0.067327	-0.084103	-0.028410	-0.030021	-0.000787	0.007530	-0.000124	0.003257	-0.000879	-0.001242
NA20513	-0.062764	-0.091828	-0.038449	-0.041812	0.003109	0.001298	0.001984	0.004079	-0.000407	-0.001163
NA20514	-0.069998	-0.095576	-0.025587	-0.044076	0.004947	0.004721	-0.003587	0.000065	0.003238	0.000886
NA20515	-0.071973	-0.101094	-0.051239	-0.052561	0.001871	0.001982	0.001242	0.002155	0.002370	-0.000348
NA20516	-0.078583	-0.073457	-0.041098	-0.055683	0.000383	0.003359	-0.003484	0.001563	0.001740	-0.007926
NA20517	-0.071051	-0.105643	-0.035454	-0.044899	-0.004623	-0.000239	-0.000894	-0.001116	0.003104	0.000708
NA20518	-0.060652	-0.090826	-0.032000	-0.036518	0.002710	0.000090	0.005049	-0.004275	0.003495	0.002940
NA20519	-0.068468	-0.083714	-0.023154	-0.024116	0.001537	0.005188	0.000974	0.002105	0.001026	-0.002328
NA20520	-0.067214	-0.102959	-0.029175	-0.038532	0.005260	0.006105	0.000963	0.001100	0.003158	0.004271
NA20521	-0.061543	-0.089088	-0.043190	-0.033231	-0.000293	0.004840	0.002132	0.005763	0.000053	0.004058
NA20522	-0.065680	-0.082415	-0.030124	-0.035382	-0.001138	0.007183	0.001270	-0.001983	-0.006675	0.002135
NA20524	-0.073528	-0.095830	-0.035579	-0.050932	-0.001415	-0.005460	-0.001239	-0.000805	0.001248	0.001251
NA20525	-0.070307	-0.086861	-0.035001	-0.021937	0.002913	0.002635	0.003869	-0.000110	0.004329	-0.000047
NA20527	-0.076681	-0.094076	-0.019909	-0.006225	0.000019	0.001217	0.002637	-0.000125	0.000135	0.005751
NA20528	-0.069534	-0.101285	-0.029152	-0.027384	-0.000210	-0.001953	0.003787	-0.000471	-0.000674	0.002012
NA20529	-0.070685	-0.107111	-0.037593	-0.066057	-0.003513	-0.001829	0.001521	0.001566	0.004998	-0.000617
NA20530	-0.064087	-0.103218	-0.041078	-0.068638	0.000888	-0.002957	-0.001038	0.000566	0.001685	-0.001497
NA20531	-0.073710	-0.092207	-0.037779	-0.026287	0.000756	-0.000231	0.004574	0.004894	0.008858	0.001092
NA20532	-0.066672	-0.099280	-0.046970	-0.024736	-0.002198	-0.004920	0.001791	0.001444	0.004193	0.004120
NA20533	-0.072240	-0.095256	-0.028490	-0.012120	0.002264	-0.004951	0.000310	0.000450	0.004744	0.000478
NA20534	-0.075385	-0.082682	-0.009122	-0.032314	-0.001357	0.002068	-0.003894	-0.003037	0.001904	-0.000897
NA20535	-0.064848	-0.085825	-0.040284	-0.062147	0.001971	0.001323	0.000213	-0.001352	-0.003717	-0.000256
NA20536	-0.073558	-0.097075	-0.036318	-0.029099	-0.003227	-0.001213	0.004030	-0.000652	-0.001996	0.002716
NA20538	-0.067895	-0.097992	-0.030548	-0.029665	-0.000999	-0.008211	0.001039	0.002237	-0.000672	0.003858
NA20539	-0.066292	-0.101508	-0.035442	-0.026124	-0.001103	0.007038	0.002240	0.000303	-0.000857	-0.000641
NA20540	-0.073029	-0.085486	-0.024571	-0.005900	0.002766	-0.002385	0.000786	0.002522	0.002742	0.002717
NA20541	-0.064469	-0.082646	-0.046637	-0.067155	0.001451	-0.000704	0.000138	0.001656	0.001526	0.003290
NA20542	-0.064269	-0.096911	-0.044331	-0.029620	0.000415	0.005250	-0.000535	0.002668	0.005531	-0.000099
NA20543	-0.071030	-0.100442	-0.042553	-0.030326	0.001523	0.000846	-0.002348	-0.002637	-0.001590	0.000980
NA20544	-0.066522	-0.087040	-0.036544	-0.033466	-0.000968	0.003415	0.000093	0.000607	-0.000401	0.000666
NA20581	-0.073791	-0.090645	-0.047531	-0.057844	-0.004858	0.000709	-0.000295	-0.003130	-0.002501	-0.002070
NA20582	-0.070739	-0.080404	-0.034372	-0.050143	0.001139	0.002021	-0.002018	0.000834	0.000545	-0.001197
NA20585	-0.064764	-0.091570	-0.040827	-0.062895	0.003399	-0.002467	0.001820	-0.002344	-0.001345	0.001276
NA20586	-0.063210	-0.104772	-0.039028	-0.023014	0.007378	0.006411	0.003552	0.008177	0.002477	0.005737
NA20587	-0.068465	-0.093449	-0.037248	-0.042900	0.000297	0.000918	0.002549	0.001706	0.003360	-0.000645
NA20588	-0.054671	-0.086569	-0.038704	-0.029936	0.004005	0.005955	0.000368	-0.001499	0.002079	0.003340
NA20589	-0.066775	-0.098238	-0.032493	-0.023784	0.002018	0.001172	0.002657	-0.000660	0.001339	0.003772
NA20752	-0.067484	-0.085949	-0.039204	-0.063037	-0.001208	0.000519	-0.001278	0.000060	0.000229	0.001972
NA20753	-0.059951	-0.099836	-0.032249	-0.045192	0.001280	0.003756	0.000003	0.002603	0.000058	-0.000128
NA20754	-0.061908	-0.093227	-0.041601	-0.065511	-0.004787	-0.000329	-0.000920	0.006049	0.001485	0.003820
NA20755	-0.071288	-0.099392	-0.042890	-0.027487	0.002445	-0.004458	0.000517	0.001826	0.002977	0.004838
NA20756	-0.070644	-0.100779	-0.040495	-0.045380	-0.003278	0.001619	-0.001029	0.001823	0.003472	0.001273
NA20757	-0.065858	-0.088975	-0.021167	-0.045751	-0.000273	-0.007282	-0.001458	-0.005356	0.001275	-0.006624
NA20758	-0.068547	-0.089355	-0.032473	-0.053799	0.004312	-0.000643	-0.001933	-0.000740	0.005963	0.000927
NA20759	-0.069174	-0.086564	-0.019511	-0.049543	-0.000842	-0.000163	-0.003300	0.002960	-0.001040	0.006175
NA20760	-0.067449	-0.086810	-0.033624	-0.038259	0.001365	0.000416	0.000673	0.000677	0.003855	0.002863
NA20761	-0.075657	-0.098859	-0.036698	-0.037927	0.000090	-0.001860	0.001401	0.002806	0.001088	0.000474
NA20762	-0.065250	-0.096101	-0.027900	-0.027610	0.003622	-0.003363	0.001673	0.001147	0.004315	0.003190
NA20763	-0.058682	-0.073163	-0.041584	-0.057944	-0.003187	0.003637	0.000063	0.000406	0.000084	0.005461
NA20764	-0.069336	-0.086984	-0.045281	-0.039364	-0.000381	-0.001670	0.002192	0.000968	0.005575	-0.002437
NA20765	-0.064084	-0.080870	-0.040293	-0.041426	0.004279	-0.000049	0.001433	0.002391	0.003609	-0.002068
NA20766	-0.067415	-0.100285	-0.040798	-0.033176	0.001949	0.001046	0.001722	0.004611	0.001764	0.001674
NA20767	-0.068834	-0.093888	-0.036854	-0.043298	-0.000934	-0.005739	0.001402	-0.001212	0.004257	0.001854
NA20768	-0.065480	-0.098124	-0.046801	-0.056236	-0.000690	0.000844	0.001861	0.002340	-0.000948	-0.001838
NA20769	-0.060183	-0.093972	-0.030982	-0.036345	0.000086	0.004045	0.000549	-0.001075	-0.000872	0.002012
NA20770	-0.058152	-0.099829	-0.047113	-0.026692	0.003687	0.013834	-0.000768	0.004536	-0.001960	0.003568
NA20771	-0.075812	-0.095384	-0.057839	-0.049549	-0.000135	0.003037	-0.000281	0.005003	0.000347	0.006071
NA20772	-0.065561	-0.100071	-0.028177	-0.046672	-0.003769	0.003372	0.001194	-0.000154	-0.002281	-0.004114
NA20773	-0.077276	-0.081960	-0.021515	-0.038195	-0.003811	0.000483	-0.001491	0.002073	0.003387	-0.000738
NA20774	-0.065990	-0.076414	-0.039662	-0.042706	-0.003912	0.005479	0.000675	0.001674	0.001324	0.002267
NA20775	-0.070715	-0.078408	-0.026896	-0.044115	-0.001787	0.000773	-0.004605	-0.004996	-0.004511	0.001197
NA20778	-0.060516	-0.087898	-0.027142	-0.052598	0.001591	0.000765	0.000179	0.004009	-0.007225	-0.000439
NA20783	-0.067374	-0.104986	-0.024062	-0.037309	-0.004332	-0.000084	0.002581	0.003817	0.004787	-0.001261
NA20785	-0.071940	-0.091620	-0.028106	-0.034501	0.002315	0.001067	-0.000005	-0.000493	-0.000574	0.000510
NA20786	-0.066377	-0.097592	-0.054472	-0.030035	0.004145	0.003251	0.002319	0.000997	-0.003159	-0.003849
NA20787	-0.061919	-0.100451	-0.037895	-0.047336	0.003054	0.000159	-0.002259	-0.000769	0.001641	0.000467
NA20790	-0.080350	-0.094296	-0.029436	-0.047737	-0.005240	0.002726	-0.000606	-0.000811	-0.004859	-0.002258
NA20792	-0.062570	-0.074312	-0.037703	-0.053461	0.002516	0.002507	-0.002355	-0.002239	-0.000474	-0.005099
NA20795	-0.065505	-0.087487	-0.045061	-0.043825	-0.002314	0.000309	-0.000282	-0.000554	0.003944	-0.001658
NA20796	-0.064740	-0.099571	-0.032473	-0.033604	0.004855	0.004987	0.001438	0.001105	-0.003243	0.007378
NA20797	-0.067786	-0.097523	-0.027408	-0.048146	0.001912	0.002973	-0.004034	0.002999	-0.003109	0.002667
NA20798	-0.070529	-0.094218	-0.020078	-0.029465	0.000376	-0.001776	-0.000827	0.004146	0.002891	-0.000568
NA20799	-0.073744	-0.086463	-0.038728	-0.075365	0.002224	-0.001512	-0.002770	-0.002468	-0.005227	-0.000992
NA20800	-0.072465	-0.098496	-0.049325	-0.052046	0.000622	0.001271	0.001860	0.002550	0.000792	-0.001763
NA20801	-0.059051	-0.101476	-0.033936	-0.051756	0.001946	-0.001758	0.001513	-0.001383	0.000440	0.000467
NA20802	-0.064059	-0.078245	-0.029793	-0.050180	-0.002894	-0.006202	-0.000619	0.004549	-0.004722	0.005133
NA20803	-0.066575	-0.112259	-0.042450	-0.046118	0.003850	0.001598	0.001386	0.000712	0.005236	0.003769
NA20804	-0.071688	-0.082721	-0.033120	-0.049806	0.000981	-0.001848	0.002250	0.003084	0.002024	0.000704
NA20805	-0.067767	-0.093906	-0.039640	-0.035981	-0.002621	-0.001719	0.002426	0.002439	0.003680	0.002122
NA20806	-0.075771	-0.109464	-0.027640	-0.033825	-0.005462	0.003196	0.001628	-0.003143	-0.002418	-0.000503
NA20807	-0.068769	-0.093396	-0.024835	-0.044260	-0.000435	-0.001828	0.002100	0.002097	0.005156	-0.001513
NA20808	-0.070392	-0.100947	-0.040966	-0.050008	0.000896	0.001423	-0.001884	-0.000065	-0.004196	0.002043
NA20809	-0.066191	-0.095796	-0.031802	-0.049800	-0.001562	0.002452	0.000344	0.003448	0.000624	0.000519
NA20810	-0.069103	-0.097136	-0.010143	-0.027065	0.002146	0.001320	0.000893	0.004359	0.002872	0.002171
NA20811	-0.064152	-0.086822	-0.023164	-0.016224	0.001703	0.000817	0.000890	-0.005123	-0.002039	-0.004040
NA20812	-0.063050	-0.085974	-0.043649	-0.036542	0.005376	-0.000471	-0.003743	0.003132	-0.001548	-0.002922
NA20813	-0.057820	-0.087528	-0.038573	-0.035715	0.002660	0.001676	0.001658	0.001670	0.001679	0.003235
NA20814	-0.060255	-0.085383	-0.038818	-0.051038	0.000269	0.003157	0.002543	0.000619	0.000976	-0.000335
NA20815	-0.072642	-0.078509	-0.030510	-0.038655	-0.000167	-0.000031	0.005001	0.001405	0.007865	0.002467
NA20818	-0.080119	-0.091435	-0.035647	-0.038063	-0.000028	0.005724	0.001521	0.001194	0.003940	0.003128
NA20819	-0.068058	-0.090616	-0.023765	-0.021130	0.003527	0.001161	0.001429	-0.004180	0.003901	0.003556
NA20821	-0.069663	-0.088370	-0.031175	-0.033933	-0.000083	0.002106	-0.002083	0.004920	-0.002468	0.001188
NA20822	-0.061683	-0.092971	-0.032643	-0.049446	0.004667	-0.000458	0.000527	0.002859	0.001440	-0.003906
NA20826	-0.069878	-0.093901	-0.037933	-0.055091	-0.000381	0.001416	-0.000028	-0.000372	-0.003342	-0.001154
NA20827	-0.067570	-0.087420	-0.023576	-0.046792	0.000774	0.006748	0.000301	0.000856	0.002324	0.003953
NA20828	-0.064228	-0.081391	-0.014524	-0.021182	0.001410	0.004296	0.004225	0.002212	0.006048	0.004614
NA20832	-0.068770	-0.080131	-0.026938	-0.038013	0.001053	0.004259	-0.003350	0.000712	0.003701	-0.002174
NA20845	-0.082588	-0.036362	0.092290	0.038769	-0.000448	-0.003618	0.000940	-0.001616	0.002110	0.000996
NA20846	-0.075825	-0.046784	0.064386	0.015798	0.000457	-0.004259	0.001197	0.000558	0.002526	0.002803
NA20847	-0.079127	-0.047442	0.080531	0.001734	-0.001897	-0.000004	-0.000153	0.001723	0.004050	0.003423
NA20849	-0.065056	-0.024066	0.097617	0.018610	0.001672	-0.001071	0.000454	0.003503	0.000894	-0.003989
NA20850	-0.074675	-0.055536	0.065441	0.033821	-0.002594	0.005448	-0.001025	0.000645	-0.005155	0.000469
NA20851	-0.073473	-0.038657	0.112722	0.025435	0.003166	0.002649	-0.001548	0.003751	-0.001368	0.000180
NA20852	-0.077183	-0.025102	0.070981	0.039902	0.000034	-0.000595	-0.001138	-0.000491	-0.000105	-0.002935
NA20853	-0.076066	-0.029972	0.117393	0.029013	-0.000706	0.001598	-0.000044	0.005621	0.002250	0.001529
NA20854	-0.075279	-0.037840	0.081715	0.016941	0.002702	0.000793	0.003212	-0.000973	0.004144	0.005044
NA20856	-0.078944	-0.037166	0.081570	0.020565	0.003133	0.001365	0.000515	-0.001710	0.002746	-0.003607
NA20858	-0.074578	-0.064650	0.026406	0.009497	0.002939	-0.004120	-0.000414	0.001842	-0.000697	-0.000240
NA20859	-0.074758	-0.051814	0.090597	0.035108	0.001767	-0.000913	-0.000445	-0.001631	0.003043	-0.002715
NA20861	-0.078629	-0.027994	0.114066	0.028568	-0.002647	-0.003817	0.001246	0.001019	0.000945	-0.001927
NA20862	-0.071067	-0.044030	0.047282	0.037982	-0.000035	0.001746	-0.000629	0.000709	0.002063	0.001010
NA20863	-0.081827	-0.023068	0.126328	0.029260	-0.000292	-0.001094	0.002268	-0.003743	0.003505	-0.003593
NA20864	-0.074632	-0.038473	0.077474	-0.006506	-0.000611	-0.003413	-0.001485	-0.002745	0.002653	-0.002348
NA20866	-0.072283	-0.060738	0.089078	0.015378	-0.000990	0.003961	-0.003893	0.003306	0.005049	-0.000345
NA20867	-0.073405	-0.029691	0.107559	0.011395	0.000887	-0.000883	-0.000842	0.000383	-0.003263	0.005159
NA20868	-0.077362	-0.044938	0.110532	0.033099	0.003879	-0.001263	0.002079	0.000011	-0.002156	0.002362
NA20869	-0.071743	-0.022837	0.089274	0.021694	0.004819	-0.000050	-0.001351	0.000768	0.005140	-0.002153
NA20870	-0.071917	-0.079342	0.034121	0.010950	0.000880	0.001167	-0.001192	0.002593	0.000216	0.001948
NA20872	-0.081660	-0.041510	0.083856	-0.001684	-0.002919	-0.000352	0.000671	-0.001719	-0.000042	-0.000275
NA20874	-0.076705	-0.041162	0.045053	0.013857	0.002796	-0.001341	0.003489	0.003089	0.006019	-0.005427
NA20875	-0.082613	-0.039056	0.115293	0.015445	0.001306	0.004460	0.002188	0.000508	0.003211	-0.003716
NA20876	-0.072345	-0.040529	0.073967	0.025124	0.000038	0.001156	-0.000199	0.004956	0.002319	-0.000270
NA20877	-0.078148	-0.036949	0.096034	0.048865	-0.002667	-0.002564	0.000419	-0.000218	-0.000820	0.002558
NA20878	-0.070763	-0.030172	0.094370	0.018365	-0.000310	0.000284	-0.004172	-0.003755	-0.002475	0.000025
NA20881	-0.073426	-0.036424	0.077966	-0.011024	0.002260	0.001552	-0.000382	-0.001800	0.000454	-0.002736
NA20882	-0.079515	-0.038029	0.060757	0.016539	0.001782	-0.001748	-0.000166	-0.001442	0.004500	-0.001160
NA20884	-0.072423	-0.010947	0.093178	-0.008683	0.005131	0.007321	-0.002240	-0.001576	0.001185	-0.003341
NA20885	-0.070069	-0.070585	0.049781	0.017893	-0.001562	-0.000787	0.001714	0.002815	0.004873	0.002270
NA20886	-0.078882	-0.042068	0.083519	-0.004486	0.000579	-0.002281	0.002377	0.002445	-0.000416	0.002242
NA20887	-0.085733	-0.037812	0.083036	-0.009984	-0.003624	-0.005531	-0.000378	0.000662	-0.000573	-0.000938
NA20888	-0.081642	-0.039248	0.096779	0.014837	0.000267	-0.002031	0.002605	0.001453	-0.001546	0.001481
NA20889	-0.080754	-0.033566	0.098907	0.033317	-0.000878	-0.003493	0.003699	0.003507	0.003140	0.000282
NA20890	-0.077966	-0.048628	0.072850	0.042278	0.010165	0.006333	0.001119	0.002969	-0.001307	-0.007669
NA20891	-0.077745	-0.035628	0.073604	-0.027814	-0.000451	0.002801	-0.001378	0.000443	-0.003349	-0.003089
NA20892	-0.076052	-0.038095	0.127593	0.022173	-0.006011	-0.003040	0.002494	0.000008	0.001789	-0.000485
NA20894	-0.072189	-0.035574	0.073657	0.011164	-0.006061	0.001571	-0.001963	0.002138	-0.003864	-0.005600
NA20895	-0.080650	-0.043420	0.071716	0.005205	-0.003213	0.002189	-0.002235	0.003816	0.003558	0.001635
NA20896	-0.076287	-0.045538	0.118409	0.044791	0.001558	0.000539	0.004525	0.002641	0.002799	0.004112
NA20897	-0.068725	-0.020416	0.090608	0.002943	-0.002724	-0.000027	-0.002611	0.000851	-0.001929	0.000158
NA20899	-0.078153	-0.037107	0.119803	0.035779	-0.001138	-0.005299	-0.000901	-0.000641	0.000572	-0.005225
NA20900	-0.079593	-0.025226	0.086527	-0.007534	-0.000232	0.001587	-0.002084	-0.002358	-0.000595	-0.002374
NA20901	-0.089251	-0.034091	0.090453	0.034914	0.000402	0.000716	0.001635	-0.004501	0.003138	0.005119
NA20902	-0.065508	-0.035962	0.079993	-0.000170	0.000472	0.001809	-0.003368	-0.003670	0.001939	-0.001494
NA20903	-0.080726	-0.041940	0.061663	0.017543	-0.002581	-0.001493	-0.000291	0.000429	0.005998	0.001030
NA20904	-0.074209	-0.032098	0.058544	-0.004046	-0.002248	-0.001298	0.001001	-0.000954	-0.002744	-0.001539
NA20905	-0.080052	-0.034591	0.094894	0.004709	-0.001380	-0.002445	-0.000715	0.000762	0.000360	-0.002193
NA20906	-0.079790	-0.017297	0.097988	0.028914	0.001292	-0.001045	-0.001355	0.003483	-0.002585	-0.000229
NA20908	-0.080321	-0.006617	0.116789	0.030652	-0.001708	-0.004150	-0.002583	-0.003480	-0.000631	0.002466
NA20910	-0.083543	-0.057157	0.051628	0.019541	-0.003347	-0.001335	-0.002010	0.000586	-0.000558	0.000377
NA20911	-0.071252	-0.028130	0.105711	0.019021	-0.002862	-0.004081	0.000247	0.000549	0.001978	0.000206
NA21086	-0.077989	-0.052654	0.091600	0.022209	0.000841	-0.003458	0.002009	0.001486	0.004073	-0.000388
NA21087	-0.075326	-0.048175	0.075867	0.005368	-0.004885	-0.005717	0.001943	0.000684	0.003532	0.000417
NA21088	-0.080555	-0.023386	0.121752	0.012426	-0.000440	0.002792	-0.000903	-0.001403	-0.001557	0.001952
NA21089	-0.086996	-0.026063	0.086042	-0.012635	-0.002670	0.003153	0.000576	-0.000870	-0.005570	-0.001372
NA21090	-0.077368	-0.018465	0.110574	-0.000350	-0.003322	0.001798	-0.001527	-0.000612	-0.001084	0.001184
NA21091	-0.065975	-0.029212	0.082050	0.009240	-0.000284	0.002023	0.000819	0.000449	-0.000990	-0.004567
NA21092	-0.073224	-0.044023	0.088343	0.025517	0.002954	0.000487	0.001533	0.002762	-0.002342	-0.001998
NA21093	-0.070045	-0.048195	0.091139	0.023058	0.002866	0.002393	-0.000827	0.004337	-0.000791	-0.001436
NA21094	-0.069582	-0.036391	0.099941	0.031176	-0.000248	0.003642	-0.000256	0.002943	0.002096	-0.005514
NA21095	-0.084362	-0.029646	0.105388	0.011828	-0.001853	-0.003297	0.003000	0.000755	-0.002490	0.000960
NA21097	-0.076241	-0.016325	0.114379	0.022182	-0.002408	0.002455	-0.001799	-0.000876	0.000118	-0.007024
NA21098	-0.074508	-0.025791	0.090488	-0.006606	0.002472	-0.003113	0.001265	0.002190	0.003755	0.004612
NA21099	-0.073865	-0.043073	0.075538	0.021217	-0.002177	-0.004615	0.000139	-0.000156	0.005879	0.000295
NA21100	-0.071470	-0.035531	0.097005	0.027626	0.001483	0.000354	-0.000809	-0.002835	0.002224	-0.003143
NA21101	-0.073691	-0.034363	0.106826	-0.000243	-0.003049	0.003103	0.000137	-0.002089	0.001767	-0.002437
NA21102	-0.077301	-0.049146	0.112994	0.022816	-0.003272	-0.000759	-0.000632	-0.000192	0.001858	-0.002064
NA21103	-0.077727	-0.037967	0.085958	0.039010	-0.000836	-0.001086	0.001167	0.001325	0.007342	-0.004334
NA21104	-0.078140	-0.024226	0.081407	0.024673	0.000211	0.002378	-0.001465	0.003919	-0.000522	-0.001466
NA21105	-0.080155	-0.039936	0.102181	0.031987	0.001267	0.000566	-0.000173	-0.002970	-0.004782	-0.000560
NA21106	-0.076777	-0.045076	0.111300	0.006877	-0.004119	-0.011670	-0.000447	0.000058	0.000614	-0.001683
NA21107	-0.069089	-0.045110	0.086899	0.021807	-0.002851	-0.005271	0.002930	-0.001935	0.000192	-0.000945
NA21108	-0.079302	-0.056807	0.062762	-0.000190	-0.003104	-0.002861	-0.000060	-0.000176	-0.000697	0.003957
NA21109	-0.076270	-0.040323	0.075724	-0.016316	0.001012	-0.005481	0.000626	-0.000647	-0.000342	-0.000167
NA21110	-0.074064	-0.039775	0.105064	-0.000548	-0.001450	0.002511	-0.000913	0.004155	0.001795	-0.000191
NA21111	-0.066916	-0.035061	0.101393	0.040362	-0.002314	-0.005144	0.001717	-0.001327	0.004604	-0.001974
NA21112	-0.065397	-0.034797	0.119980	0.023666	0.000213	-0.000436	0.003010	-0.002353	0.003186	-0.000401
NA21113	-0.075665	-0.037883	0.121217	0.015838	-0.000448	0.001145	-0.004005	-0.005694	-0.003511	0.001711
NA21114	-0.072843	-0.048054	0.098568	0.041860	-0.001553	-0.006471	0.002289	0.002122	0.001774	0.003755
NA21115	-0.069599	-0.030601	0.123763	0.028635	0.002238	-0.000821	-0.001138	-0.001918	-0.001983	0.006538
NA21116	-0.073430	-0.040553	0.093285	0.020864	-0.001158	-0.003949	-0.000555	-0.005063	-0.003967	0.000110
NA21117	-0.076380	-0.043174	0.100649	0.014580	0.000777	0.000383	0.000447	-0.000537	0.000554	0.002284
NA21118	-0.075149	-0.036435	0.121803	0.024374	-0.002620	-0.002286	-0.002739	0.000220	0.004255	-0.001269
NA21119	-0.078071	-0.046883	0.090997	0.026594	-0.002739	-0.004123	0.002017	-0.001141	0.002515	-0.006372
NA21120	-0.073651	-0.021870	0.084923	0.006510	-0.001191	-0.005107	0.000697	0.001640	-0.000403	0.002603
NA21122	-0.076383	-0.040738	0.115303	0.012382	-0.003608	-0.000394	0.001873	0.000013	0.002227	0.001870
NA21123	-0.078961	-0.031822	0.119297	0.019555	-0.001664	-0.000002	-0.000907	-0.001938	-0.003948	-0.001798
NA21124	-0.077373	-0.039869	0.113477	0.043410	0.000139	0.000031	-0.001340	0.001121	-0.002372	-0.001818
NA21125	-0.076859	-0.043770	0.117902	0.012509	-0.003406	0.001127	0.003161	0.000619	0.004685	0.000825
NA21126	-0.082073	-0.052977	0.064571	0.019741	-0.007890	-0.000920	-0.000831	0.000723	-0.001030	0.001852
NA21127	-0.077624	-0.043287	0.090545	0.018786	-0.003806	-0.001465	-0.002245	-0.003497	0.001837	0.001160
NA21128	-0.073399	-0.045940	0.110370	0.015564	-0.003777	-0.001597	0.001928	-0.001531	-0.000879	-0.004503
NA21129	-0.085838	-0.027463	0.117467	0.009304	0.005003	0.003659	-0.001779	-0.004579	-0.001303	-0.003568
NA21130	-0.086777	-0.037668	0.087642	0.015440	0.001419	0.000727	-0.002418	0.000747	0.000750	0.001112
NA21133	-0.072433	-0.047393	0.101507	0.007954	0.002175	0.003329	-0.001336	0.001714	-0.000716	0.000787
NA21135	-0.080540	-0.040549	0.090971	0.007185	-0.002751	0.000374	0.002027	0.003907	0.003170	-0.001570
NA21137	-0.069963	-0.017983	0.101607	0.019414	-0.004624	0.006558	-0.003281	0.006233	0.001815	0.002949
NA21141	-0.082270	-0.025050	0.110329	0.018427	0.000687	0.003400	-0.001680	0.002273	0.000558	0.002365
NA21142	-0.076262	-0.024533	0.106999	0.028824	-0.003003	-0.004137	0.002667	0.001355	0.003580	0.001170
NA21143	-0.070659	-0.020830	0.137668	0.022435	-0.002091	-0.006190	0.005528	0.002605	-0.000909	0.002950
NA21144	-0.080734	-0.043099	0.101108	0.035597	0.000467	0.001604	-0.000545	0.000230	-0.002063	0.003278
