#IID	PC1	PC2	PC3	PC4	PC5	PC6	PC7	PC8	PC9	PC10
HG00096	-0.0100698	-0.0281763	-0.0166247	-0.0287376	0.000928706	-0.00401166	0.00171059	-0.00286499	0.00551494	0.00173139
HG00097	-0.0118197	-0.0230893	-0.0116617	-0.0178193	3.42995e-05	-0.000365559	-0.00148868	-0.000883989	-0.000785043	0.000934265
HG00099	-0.0104365	-0.0259317	-0.00705787	-0.017975	0.00160803	0.00141919	-0.000117069	-0.00262519	0.00225936	-0.00307951
HG00100	-0.0104113	-0.0277902	-0.0157441	-0.027394	9.97989e-05	0.000266196	-0.00063456	-0.0031004	-0.000139896	0.000608097
HG00101	-0.0101768	-0.0224121	-0.0136818	-0.0118822	-0.000834676	8.47491e-05	0.00129174	-0.00146506	-0.00022488	-0.00025247
HG00102	-0.010152	-0.0267149	-0.015378	-0.0154676	-0.00192093	0.00197286	0.00159946	0.000600183	0.000240701	-0.000967488
HG00103	-0.00991854	-0.0261517	-0.0141983	-0.0105803	0.000862977	0.00185919	0.000679376	0.000742868	-0.000244099	-0.000203042
HG00105	-0.0112129	-0.0255573	-0.0155352	-0.0161595	-0.00012285	-0.000855189	-0.00196468	-0.00182952	-0.000237876	0.000539791
HG00106	-0.0112711	-0.0223255	-0.0127409	-0.0173593	0.0012269	-0.00166846	-0.00021804	-0.00125229	0.00011124	-0.00174497
HG00107	-0.0106505	-0.0235565	-0.0143772	-0.0120298	0.0023629	0.00079016	0.000724644	-0.00148892	-0.000673822	-2.55986e-05
HG00108	-0.0101789	-0.0205464	-0.0107854	-0.00661373	0.000814696	0.00180183	0.00188751	0.00243432	0.00118496	-0.00236235
HG00109	-0.0103056	-0.0238821	-0.0134969	-0.0156321	-0.000592331	0.000101811	0.0017143	-0.000936258	-0.00141097	-0.00150542
HG00110	-0.0103658	-0.0261865	-0.0113566	-0.0219843	0.00147873	3.59678e-05	-0.00170832	0.000509371	-0.000745844	0.00213813
HG00111	-0.0110005	-0.0233377	-0.0126928	-0.00876884	0.000724957	0.000777953	0.00129685	0.00173238	-0.00205159	-0.00204612
HG00112	-0.0117871	-0.0264876	-0.0151411	-0.0144452	0.00101828	-0.000864623	-0.000665865	-0.000316988	0.002089	0.00148787
HG00113	-0.00950393	-0.0313049	-0.00896482	-0.0197655	0.00113131	0.00137363	-0.00140137	0.00155762	-0.00109253	0.000671827
HG00114	-0.0116134	-0.0209094	-0.00961523	-0.0134727	-0.000195277	0.00131683	0.0015035	0.003474	0.000420354	0.00223511
HG00115	-0.0099282	-0.0246919	-0.0109595	-0.0123269	-0.00152333	0.00236226	0.00336023	-2.03618e-05	-0.00260605	-0.00315156
HG00116	-0.0118051	-0.0241342	-0.018175	-0.0170025	-0.00111487	0.00119054	0.00094649	0.000851296	0.00203939	0.00103569
HG00117	-0.0114994	-0.0244775	-0.0103206	-0.0172927	0.00174973	0.000977635	-0.000897589	-0.00148412	0.000416079	-0.00104739
HG00118	-0.0103191	-0.0253802	-0.0087234	-0.013452	-0.000538129	0.000692002	-0.000466867	0.000579225	-0.0006889	-0.00252872
HG00119	-0.0116371	-0.0255773	-0.0126597	-0.0213545	0.000733516	-0.00191781	0.000282474	-1.37977e-05	-0.000700213	-0.00190658
HG00120	-0.0115926	-0.0263059	-0.019311	-0.0202295	-0.0013303	0.00134371	0.00153902	0.00258298	0.00105068	0.000705535
HG00121	-0.0092324	-0.0288168	-0.016709	-0.0268398	0.000758685	0.00415683	-0.00222411	-0.00292264	0.000532255	0.00125556
HG00122	-0.0106952	-0.0242864	-0.0101583	-0.0213484	0.00137284	-0.00316872	-0.000656553	0.00258598	0.000751161	0.000686052
HG00123	-0.0108353	-0.0271064	-0.0168041	-0.0244259	0.000838888	-0.000550646	-0.000133526	-0.00019385	0.000770047	0.000842102
HG00125	-0.0110846	-0.0265266	-0.018977	-0.0153183	0.000661512	-0.00115907	-0.00191487	-0.00200911	-6.60479e-05	0.00154561
HG00126	-0.0116769	-0.0257757	-0.0244612	-0.0169933	0.0010623	-0.00185269	0.000438748	0.00136166	-1.65911e-05	0.00202969
HG00127	-0.0122231	-0.0233889	-0.00948444	-0.0231523	0.00112355	0.000398382	0.00114823	-0.000401799	-0.00145888	-0.00109858
HG00128	-0.0111334	-0.0258331	-0.0135346	-0.0142337	0.00042842	-0.00273397	0.00405532	0.00134383	0.00194673	0.00136293
HG00129	-0.0123314	-0.0267692	-0.0123713	-0.00210145	-2.42697e-05	0.00161623	0.00345744	0.000737147	-0.000300375	-0.00246979
HG00130	-0.0107488	-0.0211828	-0.0100055	-0.0153156	0.00139586	0.00252519	1.26888e-05	0.000823672	0.0009501	-0.00269058
HG00131	-0.0100554	-0.0226464	-0.0157761	-0.0236305	-0.000530467	0.000618988	0.000321495	0.000939661	-0.00332399	-0.000659637
HG00132	-0.0107113	-0.0234167	-0.018741	-0.0183452	0.000147702	0.000260016	-3.74256e-06	-0.00112523	0.000279686	0.000708109
HG00133	-0.0103808	-0.0241486	-0.0200112	-0.0209647	-0.00178928	0.00364646	0.00113182	-0.000198482	0.00054953	-0.00162777
HG00136	-0.00995899	-0.0252554	-0.0135131	-0.00937493	0.00117826	-0.00106915	0.00265842	-0.000270873	0.000253633	-0.000985725
HG00137	-0.0118511	-0.0256095	-0.0154679	-0.0163022	-0.00105909	0.00215056	0.000666871	-0.000722085	0.000915667	-0.000383647
HG00138	-0.0098956	-0.0280074	-0.00815458	-0.00762625	0.00136223	0.000939905	0.00307406	0.0026362	0.00042965	-0.000431049
HG00139	-0.0115273	-0.0247562	-0.0152447	-0.0254915	-0.00176002	-0.00125517	0.00235118	-0.000761292	-0.00179989	-0.000242058
HG00140	-0.0115225	-0.0234268	-0.0102228	-0.0174474	0.00136907	0.00156055	0.00183496	-0.00266921	-0.0001858	-0.000218961
HG00141	-0.0117382	-0.0240542	-0.0137792	-0.0230407	0.00075696	-0.00304079	-0.000842781	-0.00146849	0.00279027	0.00087066
HG00142	-0.00928255	-0.0214449	-0.0108311	-0.0249657	-0.000701581	0.00256526	6.78096e-05	-0.00144955	0.00122639	-0.000805052
HG00143	-0.0119294	-0.0253775	-0.0106638	-0.0240043	0.00304793	5.46162e-05	-0.000211103	0.00132803	0.000289294	-0.0007382
HG00145	-0.0114818	-0.0262255	-0.01511	-0.0238846	0.00211133	-0.000690511	0.00159438	0.000531549	0.0014279	-0.00165356
HG00146	-0.0109248	-0.0271147	-0.0109683	-0.0253069	0.000886161	0.000553727	-0.00105268	0.00228352	-0.000875669	0.00190163
HG00148	-0.0107421	-0.0279497	-0.0127211	-0.00990163	-0.000576192	0.00144425	0.00283281	0.0005296	-0.000485103	-0.00324031
HG00149	-0.00828186	-0.0227572	-0.0167715	-0.0235013	-0.00109057	-0.00471386	-0.00234711	-0.00155889	-0.0027177	-0.00556506
HG00150	-0.01042	-0.0221416	-0.0116321	-0.018527	-0.000223563	0.00059771	0.00196122	0.00152466	-0.00230031	-0.00187591
HG00151	-0.0116937	-0.0272094	-0.00852067	-0.0153568	0.00131978	0.00162734	-0.00323571	0.00176651	0.000542836	0.00169528
HG00154	-0.0110685	-0.0248483	-0.00834805	-0.00992044	0.00242436	4.4247e-05	0.00151041	-0.00247631	0.000901865	-0.00308919
HG00155	-0.0108752	-0.027828	-0.016294	-0.0131682	0.00132322	0.000499038	0.000892147	-0.000978343	-0.00158282	-0.000213317
HG00157	-0.0112567	-0.0254535	-0.0104582	-0.021859	-0.00102408	-0.000652243	0.000787585	-0.000169132	0.00265595	0.00156278
HG00158	-0.0107082	-0.0219714	-0.0154955	-0.0116672	-0.00208026	-0.0004401	0.00214532	-0.00163244	0.000911814	-7.49334e-06
HG00159	-0.0106151	-0.0263523	-0.00836618	-0.0191213	0.000889892	0.0018485	-0.00238285	-0.000844673	0.00174004	-0.00123857
HG00160	-0.0112176	-0.0298354	-0.0143434	-0.0133595	-0.000383346	0.000893948	0.00108294	-0.00166946	-0.00135604	-0.000938308
HG00171	-0.0127468	-0.0200618	-0.0116269	-0.0123978	0.00095116	0.00266372	-0.000413054	0.00249314	-0.000454671	0.00158163
HG00173	-0.0110983	-0.0178909	-0.0128678	-0.0222092	0.00222008	-0.00135497	-0.00164293	-8.05747e-05	0.0020857	0.00207437
HG00174	-0.010336	-0.0243906	-0.00846825	-0.0202874	0.000359765	0.000176628	-0.000176998	-0.00113132	0.0013407	0.00293741
HG00176	-0.0118033	-0.0209654	-0.0121469	-0.0147741	1.80855e-05	0.00351499	-0.00102218	-0.0010996	-0.000529145	0.000936405
HG00177	-0.0115325	-0.0213627	-0.00966122	-0.0177541	0.00174327	0.000258201	-0.00187887	-0.00133315	-0.000773412	0.000842742
HG00178	-0.011295	-0.0253973	-0.00868062	-0.00343905	0.00144673	-0.00128965	0.0026823	0.00160344	0.000377662	0.00106755
HG00179	-0.0115487	-0.0220943	-0.00748761	-0.0149391	0.000843563	0.00119324	-0.00087308	-8.33719e-05	-0.000364992	0.00140991
HG00180	-0.0109156	-0.0261016	-0.00524945	-0.012956	0.00179821	0.00238632	-0.000870037	-0.00171766	-0.00184751	-0.00020508
HG00181	-0.00967544	-0.0213279	-0.0149964	-0.0151889	0.000900041	-0.00222857	-0.000621044	0.00234682	-0.000371172	-0.00067856
HG00182	-0.0108222	-0.0167002	-0.0109321	-0.00836815	5.55578e-05	0.000555713	-0.000169184	-0.000558158	0.000635368	0.000736401
HG00183	-0.0124678	-0.0155906	-0.0168722	1.96815e-06	-8.84541e-05	0.00227274	0.000299372	0.00155502	-0.000782342	-0.000125671
HG00185	-0.0117923	-0.0177882	-0.0210798	-0.0152257	-0.000313476	0.00185829	-0.0005462	0.00124324	-0.00132087	0.00198762
HG00186	-0.0122677	-0.0238616	-0.0148753	-0.0147954	0.00127247	0.00104745	-0.00162049	-9.70059e-05	0.00197276	0.0016097
HG00187	-0.0108701	-0.0223375	-0.014668	0.00119191	0.00117224	-0.000551167	0.00112591	0.00354077	-0.000831938	-3.12708e-05
HG00188	-0.0109165	-0.0227731	-0.0107439	-0.0201301	0.000337543	0.000156489	0.000135306	4.25396e-05	0.00225662	0.00309618
HG00189	-0.0103924	-0.0247262	-0.0136681	-0.0149215	-0.000138003	0.00136713	0.00235093	0.00164206	-0.000477098	-0.000553178
HG00190	-0.0108097	-0.0258433	-0.0120347	-0.00676426	0.00229253	0.00247944	0.00236026	0.00197637	-0.000596617	-0.00208135
HG00231	-0.0109886	-0.0231865	-0.0101906	-0.0164722	0.00134292	0.0007915	0.00103379	0.000705361	-0.00194767	0.00129733
HG00232	-0.0107088	-0.0274887	-0.0115571	-0.0166683	0.000473155	0.00155931	0.000377903	0.000953803	0.00140111	0.000459014
HG00233	-0.0106427	-0.0245951	-0.0142564	-0.0188527	0.00050226	-0.00118974	0.00051003	-0.00165445	0.00272742	0.00223558
HG00234	-0.00988023	-0.0250754	-0.00566787	-0.0129646	-0.000849953	-0.00251438	-0.00188861	-0.000671637	-0.000584179	0.00175457
HG00235	-0.00953988	-0.0247282	-0.00471607	-0.0222761	0.00170675	-0.00060318	-0.00166816	0.00142578	0.000975611	0.00208445
HG00236	-0.0105536	-0.0249039	-0.014201	-0.0203151	0.000775419	1.4106e-05	0.00333099	0.00223322	0.00196244	0.00257784
HG00237	-0.0110876	-0.026697	-0.0175904	-0.02577	-0.000349092	-0.000434249	0.00148324	-0.00270068	-0.000591204	-0.00246184
HG00238	-0.0103733	-0.0257881	-0.0092698	-0.0187778	0.00109724	0.000246198	0.00135165	-0.000100233	-6.56586e-05	-0.00145357
HG00239	-0.0105599	-0.0252959	-0.00420844	-0.0188321	0.000100248	0.000627753	0.00195578	0.00317839	0.00227236	-0.000385063
HG00240	-0.0118088	-0.0259997	-0.0134605	-0.0248704	0.00096033	-0.00130884	0.000141878	-0.0012531	-0.000891563	2.90454e-05
HG00242	-0.01244	-0.0240432	-0.00615247	-0.000179191	0.000123413	-0.00123756	0.00202684	0.00196391	-0.000236999	-0.00146303
HG00243	-0.0117182	-0.0237873	-0.0100355	-0.0108563	0.0028808	0.000374189	0.00141081	-0.000911984	0.000871282	-0.00112128
HG00244	-0.0106994	-0.0237677	-0.00989806	-0.0244286	5.434e-05	-0.000832157	-8.07524e-06	0.000436189	0.00106202	0.00200696
HG00245	-0.0108044	-0.0187428	-0.0135105	-0.0154078	0.00253626	-0.00056816	-0.00104624	0.0023191	0.00177928	0.00176597
HG00246	-0.0112009	-0.0210195	-0.0117774	-0.0150651	-0.00210637	0.000842537	0.000266406	0.00274717	-0.000437803	-0.0016739
HG00250	-0.011354	-0.0238624	-0.0139913	-0.0185088	0.000906206	0.000327039	-0.000207643	0.00116178	0.00142803	0.00145198
HG00251	-0.010592	-0.0234925	-0.00889828	-0.0212192	0.00199329	-0.000778513	0.00228304	-0.000233832	0.000364038	0.00223468
HG00252	-0.0125657	-0.024374	-0.0131446	-0.0240545	0.00313361	-0.00197757	-0.00222715	0.00146272	0.0023906	0.0012224
HG00253	-0.0111882	-0.026315	-0.00779876	-0.0126923	0.00160439	0.0034459	0.0019562	0.00137286	-6.36368e-06	-0.000829938
HG00254	-0.0118206	-0.0253356	-0.0186839	-0.0240906	0.00077475	-0.00204666	0.00117092	-0.000649077	0.00328678	-0.000265921
HG00255	-0.0114693	-0.0239761	-0.0162227	-0.0165325	5.59868e-05	0.00195871	0.00169115	0.00273615	-0.000152737	0.00252762
HG00256	-0.00994207	-0.0239587	-0.0126711	-0.0218554	-0.00242034	0.00113058	0.00492354	-0.000924603	-0.000511413	-0.000992163
HG00257	-0.010284	-0.0274376	-0.0161393	-0.014937	0.0023849	-0.000788164	-0.00137227	0.00180653	5.23901e-05	0.000238362
HG00258	-0.0120094	-0.0246617	-0.0161154	-0.0105174	0.00121412	0.00242014	0.00141628	-0.00118006	-0.00163548	-0.000161784
HG00259	-0.0114301	-0.0259669	-0.0091592	-0.0185504	0.00286652	0.00412419	0.000855079	0.000808445	-0.000725058	0.00090611
HG00260	-0.0106959	-0.0272714	-0.0110892	-0.0189498	0.00086208	0.00195283	-0.000933667	0.00264616	0.00132202	0.000409694
HG00261	-0.012626	-0.0281039	-0.015136	-0.00367273	-0.00032967	0.000454503	0.00268404	0.000101999	-0.00439922	0.00091129
HG00262	-0.0109964	-0.0211464	-0.0171213	-0.0208894	0.00047147	0.00130427	-8.05334e-05	0.000353818	0.0022218	0.000803035
HG00263	-0.0107502	-0.0258109	-0.0116998	-0.0180465	2.12562e-05	0.00427068	0.00380816	0.00365687	0.00115485	0.00207927
HG00264	-0.0108353	-0.0240134	-0.0107767	-0.0238437	-1.09923e-05	0.00066067	0.00213787	0.00230272	-0.000170686	-0.00195372
HG00265	-0.0115732	-0.025576	-0.0140241	-0.0213184	-0.000231427	0.00165565	0.000386087	6.0011e-05	0.000586558	-0.000849857
HG00266	-0.0113989	-0.0151263	-0.00899796	-0.0128727	-0.000321867	0.000181772	-0.00064152	0.00114087	-0.00362582	-0.00135437
HG00267	-0.0115457	-0.0186879	-0.014181	-0.0167754	0.000696788	-0.000509224	-7.9775e-05	0.00172391	0.000502716	-0.00067569
HG00268	-0.0115722	-0.0244668	-0.0127909	-0.0123984	4.02672e-05	0.000503891	0.00131105	0.00140953	-0.0012943	-0.000445374
HG00269	-0.0127798	-0.0190057	-0.00834839	-0.0207376	0.00104883	0.00226453	-0.00208507	0.000937807	-0.000674113	0.00165644
HG00271	-0.0108019	-0.0228171	-0.017285	-0.0232067	0.00163132	-0.000741083	0.00213332	0.00152744	-0.00127012	0.00219973
HG00272	-0.0118901	-0.0203233	-0.0110579	-0.00481995	0.00220213	0.00166564	0.000970862	0.001147	-0.000638928	-0.000104393
HG00273	-0.0112456	-0.0229137	-0.0168554	-0.0246073	0.00116343	-0.00211592	0.00349614	-0.000186085	0.00245596	0.00195372
HG00274	-0.0121902	-0.0180449	-0.0148255	-0.0182034	0.000614848	-0.00126862	-5.33278e-05	-0.000193508	-0.000733804	0.00173126
HG00275	-0.0105303	-0.0195566	-0.00968388	-0.0195077	0.000513843	0.00163289	0.000605285	0.000186967	-0.00102429	-0.000307327
HG00276	-0.0111692	-0.0171723	-0.00577664	-0.00796479	0.00114086	0.00134667	-0.000318705	0.00055043	-0.00170287	0.000526006
HG00277	-0.0106323	-0.0249863	-0.0102542	-0.0184627	0.0023394	0.000421068	-0.00127153	0.00189793	0.00123651	0.00329949
HG00278	-0.0123853	-0.0180777	-0.0147721	-0.0241083	0.0016748	0.000458352	-0.00137626	0.00253971	0.00096629	0.00105583
HG00280	-0.0116421	-0.0166844	-0.0148555	-0.00385007	-0.00033736	0.0028008	-0.00155997	5.45483e-06	-0.00242683	-0.00170566
HG00281	-0.0118754	-0.0191917	-0.0106083	-0.0109836	0.000866417	0.00257401	-0.000634407	0.00266247	-0.00219669	0.00183491
HG00282	-0.0101201	-0.0210393	-0.0111171	-0.0207902	0.00172856	-0.00126514	0.001029	0.000631973	0.000759416	0.00189415
HG00284	-0.0128726	-0.0179279	-0.0139795	-0.0222961	0.00264087	0.000396041	-0.0012281	0.00242299	-0.00150238	0.00114607
HG00285	-0.0109205	-0.0221454	-0.0100694	-0.0179754	0.00174295	0.00259837	0.000105469	-0.00143188	0.00188041	-0.000365822
HG00288	-0.0119361	-0.0218627	-0.0131908	-0.0195463	0.000330975	-0.00200105	-0.00176956	0.000847567	0.00120199	0.000947231
HG00290	-0.0100786	-0.0206032	-0.00801702	-0.0211257	-0.00123071	0.00131773	-0.000706198	-0.000819715	0.000399896	-0.000434585
HG00304	-0.0115092	-0.0200823	-0.0095442	-0.0108053	0.0027495	0.00254681	0.000614343	0.00211951	0.00127759	0.00103518
HG00306	-0.0105946	-0.0214541	-0.0103936	-0.023697	0.00134553	0.0017546	0.000608577	-0.000330517	2.87504e-05	0.00216923
HG00308	-0.0115429	-0.0224831	-0.0142912	-0.0181333	0.00200583	0.00127974	0.000396059	-0.000490085	0.00174242	0.00168861
HG00309	-0.010461	-0.0233527	-0.00475161	-0.0158253	0.000975835	0.00339823	-0.00057397	0.000814195	0.00296018	0.00310574
HG00310	-0.0114411	-0.0180067	-0.0134012	-0.0165859	-0.000222769	-7.64525e-05	-0.00259145	0.00405668	0.000313444	0.00189526
HG00311	-0.011413	-0.0240358	-0.012465	-0.0134974	0.00139513	0.000524676	0.000503514	-0.000207994	5.27406e-05	0.0015111
HG00313	-0.0111406	-0.0210422	-0.0138834	-0.0173732	0.00106397	0.000807437	0.001301	0.00381011	0.000645939	0.000817963
HG00315	-0.0115826	-0.0158058	-0.0104458	-0.017735	0.00167539	-0.000822528	0.000425281	-0.00215374	0.000287003	0.000362614
HG00318	-0.010598	-0.0204068	-0.0100758	-0.0175107	0.000945945	0.000774431	-0.00130469	0.000265916	0.000355747	-0.000866723
HG00319	-0.0116148	-0.0186913	-0.0135517	-0.0281405	-0.000258356	0.00192837	-0.000495636	-0.00109328	-0.00196979	0.00109714
HG00320	-0.0118727	-0.0111426	-0.00798523	-0.0111508	0.000152694	0.00320038	0.00100446	-0.00130681	2.10046e-05	-1.05434e-05
HG00321	-0.0126108	-0.0198855	-0.0127253	-0.0100241	0.00145752	0.000705752	0.00162584	0.00123071	-1.43443e-05	-0.00143783
HG00323	-0.011531	-0.0212317	-0.0120559	-0.0104301	0.000955593	0.000775956	0.00204788	0.00315672	0.00133382	0.000929179
HG00324	-0.0113144	-0.017847	-0.0139339	-0.0226458	0.0013435	-0.00303083	0.00145102	-0.000782622	0.00189817	0.00233033
HG00325	-0.0114761	-0.0208699	-0.0129704	-0.0149563	0.00117314	0.00184458	0.000712553	0.00244958	0.00109083	0.00169347
HG00326	-0.0119116	-0.0183962	-0.011203	-0.0124262	-0.00030958	-0.00187244	-0.00111168	6.49184e-05	-0.000718031	3.4564e-05
HG00327	-0.0120521	-0.0217598	-0.0140168	-0.0187983	0.000425155	-0.00290265	0.000523492	0.00122361	-0.000652344	0.000601598
HG00328	-0.0117251	-0.0225726	-0.0147889	-0.00902371	0.00270567	1.57912e-05	-0.00120488	-2.72483e-05	0.000957736	0.00150451
HG00329	-0.0122748	-0.01869	-0.0145196	-0.00550156	-0.000229612	0.00121883	-0.00143323	-0.00048732	-0.00134227	9.87503e-05
HG00330	-0.0117201	-0.0236081	-0.010774	-0.0134298	0.000675878	0.00255784	0.0019688	0.00107328	0.00190574	0.00180554
HG00331	-0.0114427	-0.0186986	-0.0144248	-0.0167532	0.000139044	0.000340205	0.00196906	0.0031649	0.000229652	0.000947972
HG00332	-0.0118764	-0.0186649	-0.01373	-0.0208026	0.00125355	0.000144408	-0.001103	0.000187922	-0.000172698	0.000449823
HG00334	-0.0116087	-0.0234507	-0.0139168	-0.0211129	0.00107128	0.0025266	0.000117159	0.00147336	-0.000321483	0.00185393
HG00335	-0.0115278	-0.0245955	-0.0149839	-0.0116343	0.000246751	0.00228967	-0.000239557	0.00145992	0.00103629	-0.0019454
HG00336	-0.0110429	-0.0251298	-0.00901352	-0.0109389	0.00186825	0.0017916	0.00142418	0.00180302	-0.0011919	0.000519006
HG00337	-0.00971651	-0.0198424	-0.0115991	-0.0193528	0.000805461	0.00183894	0.0010356	0.00198305	0.000928858	-0.000723511
HG00338	-0.0101014	-0.0185906	-0.0112739	-0.0204834	0.00122569	-0.000582106	-0.000713792	-0.000121089	0.00177489	6.6269e-05
HG00339	-0.0119253	-0.0203331	-0.0121674	-0.0156557	0.00213214	-0.00369216	-0.000412091	0.00394981	0.00165246	0.000685624
HG00341	-0.011581	-0.0182258	-0.011916	0.00193646	0.00136825	0.00214594	0.00177144	0.000223584	-0.000710571	-0.000307955
HG00342	-0.0132677	-0.0177142	-0.017977	-0.0198477	0.00339943	0.0009016	-0.000299275	0.00144082	0.000416055	0.00116174
HG00343	-0.00962575	-0.0237281	-0.00834717	-0.0243636	-0.000344972	-6.46264e-05	0.00077795	0.000988545	0.00010534	0.000625618
HG00344	-0.0110477	-0.0217797	-0.0132323	-0.0230482	0.000441813	-0.00335336	0.00197756	-0.00250002	0.00197672	0.000281694
HG00345	-0.0115528	-0.0213352	-0.0132743	-0.0115505	0.001498	-0.00143599	0.000852981	0.00111299	0.00172846	0.000992104
HG00346	-0.0113277	-0.0219874	-0.0119238	-0.0147771	0.00133083	0.00197251	-0.00145881	0.000787839	-0.000516443	0.000459592
HG00349	-0.0122442	-0.0222853	-0.0107766	-0.0142837	0.00178209	0.000544538	-0.000626375	0.00511562	0.000858687	0.000916445
HG00350	-0.0110902	-0.0272901	-0.0116433	-0.0230371	0.00104655	-0.001413	-0.000690102	0.00201322	-0.000318162	0.00253792
HG00351	-0.01186	-0.0159102	-0.00847637	-0.0181923	0.000695991	0.00337358	0.00196611	0.00112481	0.00161953	0.00161178
HG00353	-0.0105314	-0.023709	-0.0130782	-0.0236033	0.000458913	0.00219349	-0.000233818	0.00106139	0.000928366	0.00116182
HG00355	-0.0114023	-0.0200651	-0.00715701	-0.022436	0.00293908	0.00220185	-0.000260965	0.000734181	0.00108441	0.00108864
HG00356	-0.0103843	-0.0227703	-0.0119759	-0.023825	0.000766292	0.000375115	-0.000271718	0.00140246	-0.000215388	-0.00121059
HG00357	-0.0130274	-0.0186887	-0.010935	-0.0229973	0.00217845	0.000326382	-0.000165241	0.000215924	-0.000860347	0.000623114
HG00358	-0.0110763	-0.0235987	-0.0122333	-0.0250104	0.000653149	0.00631384	-0.000532734	0.0015771	0.000150367	0.00104409
HG00360	-0.0112535	-0.0172605	-0.00883727	-0.00694163	0.00116773	-0.00237817	0.000478679	0.00202714	0.001622	0.00143599
HG00361	-0.0118778	-0.0217845	-0.0120756	-0.0160669	-0.0025295	-0.0020602	-0.00466191	-0.000524256	-0.00077888	0.00425413
HG00362	-0.0113777	-0.0193271	-0.00856245	-0.0165041	0.00022355	-0.00100775	0.000129335	0.00076541	0.000773071	0.000526729
HG00364	-0.0124677	-0.0208359	-0.0118719	-0.0186396	0.00103195	0.00478799	-0.0017004	0.000807076	-0.000259065	0.00251675
HG00365	-0.0124866	-0.0176601	-0.01486	-0.0179848	0.00215287	0.00136009	0.000135053	0.00165	0.00165866	0.00136878
HG00366	-0.0110775	-0.0237745	-0.00988206	-0.00316145	0.0017683	0.00219844	0.0021919	0.00248741	-0.00366396	0.00049046
HG00367	-0.0118342	-0.0170586	-0.0167384	-0.015186	-0.000536801	0.00163693	-0.00175794	4.03257e-05	-0.00218913	0.00235125
HG00368	-0.0108942	-0.0244795	-0.00799625	-0.0126161	0.00105537	-0.00034743	-6.09372e-05	0.000421462	0.000109581	0.000700602
HG00369	-0.0115262	-0.0217357	-0.011963	-0.02397	0.00101466	0.00188159	9.59378e-05	-0.000457437	0.000252879	0.000765426
HG00371	-0.0120162	-0.0206776	-0.00868931	-0.0188935	0.00297176	8.83892e-06	-0.000935043	0.00509442	0.00162482	0.00220688
HG00372	-0.0116634	-0.0236893	-0.0127114	-0.0224152	0.000978281	0.00220147	0.000517559	-0.0016513	0.000114618	-0.000305268
HG00373	-0.0125747	-0.0205317	-0.00947584	-0.0188421	0.0012261	-0.00133427	0.000491273	0.000825115	0.00234442	0.00143459
HG00375	-0.0125226	-0.0205333	-0.0104582	-0.00759923	0.00164975	0.00262941	0.000382028	0.00197188	0.00018626	-0.000505247
HG00376	-0.0117638	-0.02309	-0.0148718	-0.0237153	0.000761439	-0.000104502	0.00160078	0.000590636	2.90859e-05	-1.71518e-06
HG00378	-0.0105276	-0.0203718	-0.0128175	-0.0030774	0.00109783	0.000880871	0.00064194	0.0035134	-0.000161531	0.00123281
HG00379	-0.0110066	-0.0161689	-0.012145	-0.00579763	-8.57568e-05	-0.00130188	0.00212725	0.00146647	-0.000455498	0.00140928
HG00380	-0.0128105	-0.0190159	-0.01092	-0.00923901	0.00117778	-0.0016269	0.00115247	-0.000929782	0.00208854	0.00229961
HG00381	-0.0125137	-0.0227507	-0.0110452	0.00165176	-0.00128031	0.000148007	0.00384352	-0.00150004	0.00146022	-0.00370526
HG00382	-0.0110793	-0.0231064	-0.011668	-0.0186383	0.0019725	-0.000964904	0.00242532	0.00028721	-0.00138905	0.000532974
HG00383	-0.0114687	-0.0177615	-0.0176891	-0.0225236	0.00141398	0.00154681	-0.00379184	-0.00132342	-0.000251569	-0.00141083
HG00384	-0.011893	-0.0238137	-0.011138	-0.019319	0.00106733	4.07812e-05	-0.00151647	0.0015478	0.00200506	0.00131022
HG00403	-0.0145323	0.0313793	-0.00381943	-0.0171567	0.0002513	-0.00183817	-0.00256939	-0.00131443	-0.00179293	0.00134995
HG00404	-0.0146429	0.0397953	-0.00893751	-0.0166608	-0.00118021	0.000395596	-0.00232357	-0.000136358	-0.00112759	0.000852178
HG00406	-0.0146776	0.0297587	-0.00822955	0.00506853	-0.00102122	-0.000639088	0.00244455	0.000473775	-0.000603221	0.000619372
HG00407	-0.0148285	0.0324717	-0.00408155	-0.00664454	-4.35105e-05	0.00335964	0.000120743	-0.000165508	0.000545038	0.0010884
HG00409	-0.0142413	0.0391268	-0.00962152	-0.016367	0.000654473	-0.00225232	0.00320426	0.0022242	0.00109186	-0.0030047
HG00410	-0.0137915	0.0332567	-0.00635877	-0.000487495	0.00237032	-0.00194504	0.00231715	0.00108714	-0.00350215	-0.00228185
HG00419	-0.0151667	0.035246	-0.00383715	-0.0148831	0.00145411	1.76242e-05	-0.000143771	0.0004197	-0.00203541	-0.000764762
HG00421	-0.0152607	0.0365831	-0.0117333	-0.0163744	-0.00107461	0.00150689	-0.00105736	-0.00486126	-0.0017896	0.00244659
HG00422	-0.0150608	0.0345413	-0.0078458	0.00514213	-0.00227677	-0.00291552	0.00207324	-0.0022407	0.000262345	-1.99834e-05
HG00428	-0.0149439	0.0323343	-0.00182881	-0.0168697	8.17021e-05	-0.00173218	-0.00200564	-0.00109692	-0.00207146	0.000812359
HG00436	-0.0146852	0.0297784	-0.00462788	-0.00482323	0.000487112	0.00294891	0.000220536	0.000515774	0.000559818	-0.000359278
HG00437	-0.015572	0.0353389	-0.0103038	-0.0137166	0.000132997	0.00175292	-0.00126066	-0.000696913	-0.000738791	0.00113004
HG00442	-0.0148563	0.0318067	-0.00913359	-0.0132279	0.00100372	0.00260531	-0.00147284	-0.00260607	0.00027474	0.00228627
HG00443	-0.0158158	0.034735	-0.00715152	-0.0135763	-0.000473448	-0.000542722	0.00151778	4.10826e-05	-0.00221982	0.000649502
HG00445	-0.0139239	0.0366017	-0.00892135	-0.0130923	0.000166391	0.000500633	-0.00308081	-0.00241403	0.00122868	-6.89379e-05
HG00446	-0.0152546	0.0349663	-0.00808047	-0.0153682	-0.00059298	0.00125203	0.00425783	0.00105174	0.0004316	-0.00205093
HG00448	-0.014433	0.0337149	-0.0113984	-0.00988679	0.000670923	-0.002206	-0.00129006	-0.000354341	0.0010179	0.00151713
HG00449	-0.015127	0.034343	-0.00732529	-0.0032877	-0.000957973	-0.00308507	-0.000199276	-0.00159386	-0.000272169	0.000720483
HG00451	-0.0154888	0.0363007	-0.00745368	-0.0163472	0.000483562	0.00130605	8.53753e-05	0.000124969	0.000576318	0.00126982
HG00452	-0.0149445	0.0375469	-0.00800079	-0.0182432	0.000779009	-0.000897362	-0.00211238	-0.00159716	-0.000375513	-0.00137867
HG00457	-0.0146172	0.0315349	-0.000444479	-0.0123537	-0.000941893	0.00229841	1.95233e-07	0.00107648	0.000189412	-0.000735893
HG00458	-0.014228	0.0357321	-0.00600133	-0.0193697	0.000201885	0.00290526	-0.00017139	0.00220056	0.000614264	0.00198364
HG00463	-0.0142115	0.0376369	-0.00761431	-0.0162047	-0.000203312	-0.00294795	4.25566e-05	0.00189204	0.000735987	-0.000476895
HG00464	-0.0157426	0.0323501	-0.00822228	-0.00950572	0.000713502	0.00118598	0.00154526	0.00262957	0.000215517	-0.00284897
HG00472	-0.0151059	0.0354043	-0.010776	-0.00188653	0.000151329	0.000607925	0.00254668	0.000168065	-0.00200347	-0.00114994
HG00473	-0.0149753	0.0341653	-0.00296625	-0.0113865	-0.000439161	0.00453792	-0.000346201	0.00054749	0.00220922	0.00310727
HG00475	-0.0143148	0.0337351	-0.00454103	-0.0120841	0.000149242	-0.00245978	0.00334435	-0.00045087	0.0020698	-0.00220366
HG00476	-0.015234	0.0319881	-0.011167	-0.00377077	-7.70538e-05	0.0021506	0.000777386	-0.000936547	-0.00146619	0.000372795
HG00478	-0.0155661	0.0361678	-0.012044	-0.0112049	-0.000470033	-0.000652068	-0.00150873	0.00202316	0.00100042	-0.00058104
HG00479	-0.0150056	0.035914	-0.00827903	-0.014841	0.00143072	0.000261948	-0.000141081	0.00340228	0.00164841	-0.00156745
HG00500	-0.0152632	0.0379475	-0.00856077	-0.00325999	0.00243383	-8.44883e-05	0.000467424	0.00134173	-0.00090401	0.00063434
HG00513	-0.0147481	0.0325552	-0.00133615	-0.0176783	0.000900516	0.000383345	0.00206947	-0.00098601	-0.000332516	-0.00382653
HG00524	-0.0134216	0.0322913	-0.00569968	-0.00667538	-0.00115761	0.00120902	-0.000213713	-1.502e-05	-0.000320317	-0.000834783
HG00525	-0.0150341	0.034972	-0.00708025	-0.0156639	0.000727944	-0.000723968	-0.0019193	-0.00198279	-0.000937748	-0.00108116
HG00530	-0.0152275	0.0363728	-0.00806725	-0.0149062	4.63335e-05	0.00142646	0.00193944	0.000286596	-0.00209997	0.00125429
HG00531	-0.0138714	0.0362348	-0.00896162	-0.0155047	0.000708658	0.00191155	0.000365256	0.000355951	0.00139267	0.0002855
HG00533	-0.0146581	0.033347	-0.0110404	-0.01439	-0.00103245	-0.00241893	0.00122859	0.000835169	-0.000391	-0.000772804
HG00534	-0.0146628	0.0339766	-0.00750471	-0.0136353	0.00163265	0.000100537	-0.000594328	-3.41379e-05	0.0022925	-0.000668134
HG00536	-0.0146876	0.03294	-0.00772914	-0.00488473	0.000457339	-0.000133921	-0.000125026	0.000285458	0.000770415	-0.00165332
HG00537	-0.0148401	0.0344925	-0.00695522	-0.0111408	-9.42298e-05	-0.000127874	-0.00143858	0.000599194	-0.000743236	0.00208835
HG00542	-0.0146289	0.0350832	-0.00779054	-0.0165136	0.00149577	0.000758553	-0.000179086	-0.000353773	0.000223834	-0.001235
HG00543	-0.015072	0.0333067	-0.0127376	-0.00564062	-0.000795911	0.00121555	0.000211323	0.000682219	0.000916807	-0.000573798
HG00551	-0.009724	-0.0224259	-0.017405	-0.0143782	-0.00183131	-0.00242015	0.00443477	0.000255948	0.00517295	0.000282187
HG00553	0.00510067	-0.0113097	-0.0152431	0.0101047	-0.0136472	-0.000973933	-0.0059997	-0.00623499	0.00347972	-0.0174112
HG00554	-0.00995569	-0.0224784	-0.00972743	-0.0152706	-0.00145848	0.0019086	-0.00172266	-0.000832325	0.00192886	-0.00298453
HG00556	-0.014739	0.0329015	-0.00227238	-0.0150378	-0.00106297	0.00220909	-0.000208984	0.00225082	0.00229329	0.0031002
HG00557	-0.0155161	0.0404924	-0.00716543	-0.0164327	-0.00103136	-0.000337437	0.0010269	-0.000792196	-0.00282817	-9.54461e-05
HG00559	-0.0150655	0.0348314	-0.00543208	-0.00891513	0.00220742	0.00159214	-0.00123026	-0.00215429	0.00223699	-0.000489549
HG00560	-0.0154444	0.0354419	-0.00688704	-0.00928871	0.00176279	-0.000440254	-0.0022958	-0.000585446	0.000457544	0.000340796
HG00565	-0.0148396	0.0375659	-0.00851704	-0.0135976	-0.000247791	-0.000323647	-0.000742912	-0.00103856	2.56406e-05	-0.000173393
HG00566	-0.015409	0.0321944	-0.0056461	-0.0143437	0.00187971	0.000797047	0.00135044	-0.000669248	-0.000126488	-0.00118505
HG00580	-0.0158198	0.035201	-0.00975676	0.000778738	-0.000201076	0.00159326	0.00186265	0.000678246	-0.000466783	-0.00132807
HG00581	-0.0144823	0.0320017	-0.00657899	-0.0123369	0.00117491	-0.0021956	0.000348001	0.000375959	0.000727859	0.00207495
HG00583	-0.0145392	0.038182	-0.00628645	-0.0144682	-0.000379781	-0.00225405	0.00175655	-0.00252644	0.00113446	-0.00160558
HG00584	-0.015931	0.0384951	-0.00499925	-0.00825335	0.0012006	0.000623001	0.000530217	0.000796926	-0.000355674	-0.000173816
HG00589	-0.0145073	0.0335037	-0.00623484	-0.00292555	0.00146096	-0.000152247	-0.000112743	0.00261881	-0.00163439	-0.00143995
HG00590	-0.0144449	0.0320267	-0.00299819	-0.013731	-0.000141473	0.000979533	-0.00148097	0.000920273	-0.000612398	-0.000391244
HG00592	-0.0145383	0.033376	-0.00369249	-0.00977841	7.21233e-05	0.0015776	0.0013862	-0.00143325	-0.000621647	-0.000528209
HG00593	-0.014735	0.036642	-0.0103586	-0.012728	-0.000716634	-8.60534e-05	0.00174257	2.49935e-05	0.00229525	-0.000969754
HG00595	-0.0154789	0.0374276	-0.00289556	-0.00692573	0.000631059	0.00164712	0.000214123	0.00108273	0.000578039	-0.00138259
HG00596	-0.0160061	0.0354058	-0.00703381	-0.00188595	0.000561592	-0.000545964	-0.00125658	-0.000833584	-0.00109609	0.000411178
HG00598	-0.0144097	0.0357018	-0.0042845	-0.00821303	-0.000497859	-0.00291655	-0.00576176	-0.00561274	0.000366601	0.00671661
HG00599	-0.0147598	0.0359856	-0.00836553	-0.0175949	0.00266409	-0.000974941	0.000972156	0.00236304	0.00249548	5.74434e-05
HG00607	-0.0152632	0.0328446	-0.00708715	-0.00387621	0.000316787	0.00134732	0.00190089	-0.00119256	-0.000294282	0.00115348
HG00608	-0.0156732	0.0346865	-0.0080054	-0.0131677	0.000345391	0.000121205	0.000835615	-7.21586e-05	0.000249999	-0.00140968
HG00610	-0.0149897	0.0339528	2.69146e-05	-0.00406621	-9.70564e-05	-0.00189462	-0.00303559	-0.00255996	-0.00171586	0.000124593
HG00611	-0.0139747	0.0325633	-0.00500124	-0.00762036	-0.00124562	0.000312429	0.00114953	-0.000406652	0.000565032	0.000440079
HG00613	-0.0146078	0.0364936	0.000880374	-0.0128574	-0.000935828	-0.00334268	0.00032616	-0.00415835	-0.00307747	0.00148101
HG00614	-0.0139963	0.0340999	-0.00749962	-0.010591	4.54694e-05	0.000915296	0.00104667	-0.00350691	-0.000827249	-0.000940776
HG00619	-0.0154275	0.0379547	-0.0113756	-0.00906298	-0.000138202	0.000866984	0.000220954	0.000223519	-0.00111088	0.000113346
HG00620	-0.014923	0.0359279	-0.00932126	-0.0142964	0.00149	-0.00216814	-0.00160057	-0.000603163	-0.00125528	-0.000136636
HG00622	-0.0147922	0.0341217	-0.00829819	-0.00666558	-0.00106439	0.00418733	-0.000350041	-0.00242503	0.000298028	0.00047197
HG00623	-0.013958	0.0355123	-0.00671551	-0.0141481	-0.000587563	-9.41577e-06	0.000358209	0.00332614	0.000773793	-0.00300775
HG00625	-0.0151803	0.0335199	-0.00427605	-0.0131156	0.00034941	-0.00210781	-0.001113	0.00173583	-0.00015298	0.000678677
HG00626	-0.0146585	0.029494	-0.00597797	-0.00468373	-0.00139076	0.00192054	-0.00076834	-0.00197699	-0.00201108	0.00144552
HG00628	-0.0139994	0.0330105	-0.00512411	-0.00837765	-0.00105701	0.000915388	0.00332209	0.00264731	0.00129826	-0.00025285
HG00629	-0.016331	0.0307111	-0.0100047	-0.00523974	0.000633728	0.000229272	8.24948e-05	0.000560981	-0.000314789	-0.00167487
HG00631	-0.0141928	0.0361336	-0.0122446	-0.0172006	8.9644e-05	0.000564516	0.0030877	-0.00085932	0.000389458	-0.000663238
HG00632	-0.0159731	0.0384157	-0.00868955	-0.00661434	0.00120607	-0.000504183	0.00211224	0.00335171	0.0015061	-0.00267605
HG00634	-0.0149328	0.0325905	-0.00621438	0.00351703	-0.000249657	0.0013874	0.00149605	-3.73006e-05	-0.000412844	-0.000148362
HG00637	-0.0055496	-0.0137327	-0.0140658	-2.30936e-05	0.00403238	-0.00463323	-0.00181168	-0.000232161	0.000147893	-0.00383526
HG00638	-0.00155527	-0.00930316	-0.0220854	0.0216565	-0.00186591	0.0160684	-0.000880966	0.000969556	0.000369944	-0.00394918
HG00640	-0.0103238	-0.0201364	-0.0146771	-0.010238	-0.00119796	-0.00222348	-0.0031691	-0.00166822	-0.000370454	0.00153782
HG00641	-0.00680794	-0.0213773	-0.0162651	-0.00177145	-0.00356864	-0.00536632	0.000896855	0.00114139	-0.0016845	-0.00323092
HG00650	-0.015277	0.0320204	-0.00648472	-0.0102518	0.000294914	-0.00151999	0.00206999	0.0020769	0.000124312	-1.61153e-06
HG00651	-0.0137919	0.0353681	-0.0061807	-0.0105749	-0.0015545	0.00207549	0.00164163	-0.000819535	0.000176034	-0.00119384
HG00653	-0.0151753	0.0360737	0.000255065	-0.0108569	0.00251915	-0.000590029	0.00104213	-0.000688592	-0.000658307	-0.000558919
HG00654	-0.0147691	0.0372554	0.00447081	-0.0114574	-8.04984e-05	-0.00118785	0.000715937	-0.000380596	-0.000205556	0.00197067
HG00656	-0.0151451	0.035504	0.000399133	-0.0107763	0.00184472	0.000791358	0.00123575	0.00101093	-0.00054379	-0.0016836
HG00657	-0.0139262	0.03241	-0.00836832	-0.0136079	0.000818886	0.000550889	0.000872281	0.00202783	0.00150895	-0.000681292
HG00662	-0.0150511	0.0349115	-0.00718426	-0.012043	0.00248835	-0.000330454	0.00204218	-0.000825082	0.000190773	-0.000787184
HG00663	-0.0146705	0.0364467	-0.011111	-0.0131355	-0.000437717	0.00156303	0.00104835	-0.00205396	-0.000523201	-0.000995009
HG00671	-0.0156487	0.0351238	-0.00656339	-0.0105355	0.000835493	0.000871075	-0.00066634	0.00108852	-0.000933064	0.000603692
HG00672	-0.0144279	0.0323725	-0.00333224	-0.000479944	0.00188019	0.00149761	0.000675515	-0.00253277	2.5497e-05	0.00131526
HG00674	-0.0148987	0.032879	-0.00533457	0.00214601	-0.00054308	0.00330447	0.00381068	0.00224995	0.000316621	9.64712e-06
HG00675	-0.0155279	0.0345731	-0.00447548	-0.0165577	0.00121002	-0.00275541	-0.000128598	0.00102725	0.000222155	-0.00063062
HG00683	-0.0152668	0.0373179	-0.00860203	-0.0133091	1.43007e-06	0.000356119	0.00161697	0.00080939	0.00130515	0.000788704
HG00684	-0.0149641	0.0370331	-0.00962797	-0.00777647	0.000619581	0.000442273	0.00152468	0.000494375	0.000539858	-0.00110809
HG00689	-0.0145721	0.0308825	-0.00607074	-0.0143113	-0.00200969	0.00134237	0.00172538	0.0020521	-0.00117488	-0.00137064
HG00690	-0.0142742	0.0304411	-0.00407232	-0.00952129	0.000860479	-0.000435921	-0.000508459	0.00279378	0.000871432	6.14344e-05
HG00692	-0.014637	0.0345061	-0.00600224	-0.00733104	0.000678259	-0.00168807	3.62525e-05	-0.00205545	0.000578231	-0.000402829
HG00693	-0.0149516	0.0340214	-0.0105783	-0.0127267	0.000927869	-0.00205074	6.28888e-05	-0.000320347	-0.00056479	0.000128837
HG00698	-0.014966	0.0329315	-0.00451032	-0.00259877	0.00201354	0.0013741	0.000346944	-0.00179361	-0.000294382	9.40564e-05
HG00699	-0.0150024	0.0346722	-0.00495873	-0.00808934	0.00178225	0.000931467	-0.000766447	-0.00100364	0.000249586	-0.00120992
HG00701	-0.0145282	0.0328062	-0.00905193	-0.0131798	-0.00018447	-0.00112325	-0.000590307	-0.000719185	0.000404693	-0.00059455
HG00704	-0.0161883	0.0340104	-0.00721668	-0.00452931	3.2911e-05	0.00139455	-0.00107063	-0.00131372	-0.00197556	0.00122513
HG00705	-0.0146622	0.0321756	-0.00605368	-0.0138483	0.00019084	0.0018864	0.00201497	-0.000706262	0.000754892	0.00184279
HG00707	-0.0146047	0.0327841	-0.0043129	-0.00691341	-0.000360507	-0.000810111	0.000866519	-0.00134955	0.000645982	-0.00191808
HG00708	-0.0145596	0.0355498	-0.00791144	-0.00899	-0.000191898	-0.00248293	0.0010346	-0.000222462	-0.0014918	0.00087856
HG00717	-0.0142619	0.0351619	-0.00927381	-0.00897523	-0.000718987	-0.00126398	-0.000392779	0.00308783	0.000591371	-0.000397007
HG00728	-0.0156122	0.036944	-0.00614947	-0.0122803	-0.000720766	-0.00104254	-0.00319548	-0.0028904	-0.00110128	0.000953963
HG00729	-0.015707	0.0349365	-0.0055231	-0.00822719	0.00122101	0.000745533	-0.000939235	-0.000775011	-0.000713691	-0.000451363
HG00731	-0.00992398	-0.0268867	-0.0210134	-0.0294693	-5.41788e-05	-0.00180611	0.0006972	0.000295856	-0.0011159	0.000332703
HG00732	-0.0089521	-0.0216332	-0.0103982	-0.0147557	0.000971798	-0.00130286	-0.00037844	-0.00427999	0.00273932	-0.00257181
HG00734	-0.00334236	-0.0147766	-0.0157872	0.00419963	-0.00204398	-0.00167779	0.00228799	0.00171153	-0.00342583	-0.00129044
HG00736	-0.0107133	-0.0222965	-0.0159681	-0.00516276	-0.00188234	0.00244964	0.00235856	0.00193716	0.000911085	-0.00122693
HG00737	-0.00806698	-0.0205201	-0.0164139	0.00175936	0.000287572	-0.000402982	0.000308584	0.00303817	0.00187522	0.00297316
HG00739	-0.0105587	-0.0232015	-0.00815717	-0.0185004	-0.000506953	0.000457064	-0.000274483	-0.0038336	-0.00157527	-0.00126623
HG00740	-0.00815724	-0.0165761	-0.0179402	0.011485	-0.000488346	-0.00118323	0.00450516	-0.00282302	-0.0066369	-0.0047803
HG00742	-0.00687666	-0.0180815	-0.00994538	-0.0162727	0.00120469	-0.00375167	0.00154702	-0.00159083	0.00285879	-0.00259284
HG00743	-0.00848058	-0.0200876	-0.0192029	0.00516891	0.00204333	0.00170869	0.00138003	-0.00170938	0.000716358	-0.000532529
HG00759	-0.0161277	0.0368288	-0.0081558	-0.0177269	0.00117629	-0.00103573	-0.00149456	0.00269123	0.000699026	-0.00219833
HG00766	-0.0148583	0.0380722	-0.000644501	-0.0172753	-2.11613e-05	-0.00032787	-0.000864988	7.9453e-05	-0.000593547	0.000888832
HG00844	-0.0151976	0.0392643	-0.00394882	-0.0163966	0.000411045	-0.00206224	-0.000609873	0.000496819	0.000476551	-0.000309902
HG00851	-0.0146907	0.0401187	-0.00553366	-0.0161239	-0.00125074	0.000863839	0.00512028	0.000942215	0.00139433	-0.00313274
HG00864	-0.0148071	0.0346342	-0.00211987	-0.015021	0.00139226	-0.00136079	0.000989867	2.09966e-05	-0.00241528	2.19126e-06
HG00867	-0.0138125	0.0363782	-0.00209247	-0.012608	0.00139909	-0.00237907	0.00222775	-0.000547728	0.00108306	-0.00226672
HG00879	-0.0140123	0.0337673	-0.00278232	-0.00401135	-0.000112886	-0.00146104	0.000969424	0.00164687	-0.000325692	-0.000174583
HG00881	-0.0152393	0.0376519	-0.0043472	-0.0125781	-0.000903068	-0.00287242	-0.000453383	0.000141745	0.00194678	0.000848954
HG00956	-0.0144803	0.0375778	-0.00962098	-0.0167642	-0.00304767	-0.00109229	0.00114618	-0.00324133	3.28633e-06	-0.00184595
HG00978	-0.0149253	0.0340971	-0.00843526	-0.00753554	-4.74757e-05	-0.000991231	0.000848669	-0.000894043	-0.000987412	-0.00175699
HG00982	-0.013701	0.0323931	-0.00759937	-0.000465138	-0.00132195	0.00159354	0.000411313	-0.00226811	-0.00143193	-0.00160205
HG01028	-0.0155428	0.040527	-0.00261684	-0.00950136	-0.000329682	-0.00243934	0.00162736	-9.01836e-05	0.000637645	-0.00145306
HG01029	-0.0146351	0.0380508	-0.00119666	-0.00499327	0.000532246	-0.000358171	0.00264631	-0.00208896	-0.000810345	-0.00231985
HG01031	-0.0141634	0.0358149	-0.00633857	-0.0118313	-9.99152e-05	-0.000811678	0.000916018	0.00148362	0.00130871	-0.00138679
HG01046	-0.0143074	0.0326771	-0.00360258	-0.00256976	-0.000642569	0.00182798	0.00172519	0.000471325	-0.000256705	-0.00414879
HG01047	-0.0103179	-0.020372	-0.0115143	-0.00483162	0.00106929	-0.000471247	-0.00053557	-0.000919892	-0.00131841	-0.00173412
HG01048	-0.0103559	-0.00896687	-0.0258373	0.02024	0.0012328	0.000783222	-0.000579543	-0.00124083	0.00017666	0.00164816
HG01049	0.00675156	-0.00827769	-0.0108874	0.00714133	-0.0176305	-0.00796836	0.00106719	0.00234808	-0.00155136	0.0118015
HG01051	-0.00716052	-0.0161485	-0.0169425	-0.00335197	0.0014492	-0.00487186	0.00187552	0.000384706	0.000561746	0.00189615
HG01052	-0.00142798	-0.0157486	-0.0103995	-0.0106598	3.21806e-05	-0.00298779	-0.00361427	-0.00320619	-0.00035521	-0.0042562
HG01054	-0.00979623	-0.0181904	-0.0226369	0.0169535	0.00288839	-0.00242192	0.0014582	-0.000344188	0.00186293	0.000454564
HG01055	-0.00692999	-0.0208398	-0.0277277	-0.000835261	-0.00307297	0.00137407	0.00178093	0.00227323	0.00216127	0.0035404
HG01058	-0.00960598	-0.0120514	-0.0269251	0.00910851	-0.000196652	0.0025679	0.00147245	-0.00194885	0.00132058	-0.00477625
HG01060	-0.0095664	-0.0183101	-0.0113973	-0.012895	-0.0004855	0.000847419	0.00201687	0.000180966	-0.00166539	-0.0019176
HG01061	-0.00797358	-0.0209921	-0.0158422	-0.0196991	0.000307815	-0.00199646	0.00212556	-0.000146159	-0.00202537	0.00181569
HG01063	0.00320356	-0.0170942	-0.0138757	-0.0109182	0.00186652	-0.00619682	0.00237759	0.00289596	0.00383336	-0.000674021
HG01064	-0.00913003	-0.0108871	-0.0231005	0.0126502	0.000600153	-0.000458106	-0.00196345	-0.000929536	0.000172765	-0.000263279
HG01066	-0.0105316	-0.0138076	-0.0290082	0.00878212	-0.000529003	-0.000298645	-0.000744238	-0.00233488	-0.00213721	-0.00158588
HG01067	-0.00917734	-0.0245368	-0.0105494	-0.0180303	-0.000365985	2.69231e-05	-0.000704687	0.000863584	0.000692864	-0.000763759
HG01069	-0.0101015	-0.0200974	-0.0145527	-0.016223	0.00142744	0.000310878	-0.00306811	0.000406214	-7.15497e-05	5.84885e-05
HG01070	-0.00707611	-0.0163784	-0.0127104	0.00243035	-0.00117837	-0.000923487	0.00180151	0.00349934	0.000670569	-0.00265681
HG01072	-0.0107334	-0.0163514	-0.0239132	0.016983	0.000691394	0.000121887	0.000401004	-0.00105735	-0.00219967	-0.00163473
HG01073	-0.00736379	-0.00599966	-0.0231567	0.025123	0.00255028	-0.000591392	0.00241394	0.000796242	0.000611675	-0.00160588
HG01075	-0.0110666	-0.0234606	-0.0156529	-0.0148864	-0.000499775	-0.0021058	0.0002089	-0.0013226	0.000986244	-0.00200231
HG01077	-0.00958627	-0.0227327	-0.0162923	-0.00784593	-0.000926629	-0.000817482	0.00237658	-4.71653e-05	-0.000504989	-0.00221048
HG01079	-0.0119182	-0.0190341	-0.0181687	-0.0143307	0.0029782	-0.00227818	0.000342559	0.00114693	0.00137323	-0.000687376
HG01080	-0.00985748	-0.0191163	-0.0190032	-0.0045879	-0.00157637	-0.00214044	7.44522e-05	-0.00202112	-0.000992675	-0.000269468
HG01082	-0.0126337	-0.00865253	-0.0301315	0.0422197	0.000961505	0.00119886	-0.0036165	-0.0027467	-0.000689851	0.00237505
HG01083	0.00382106	-0.0107311	-0.0164508	0.00227335	0.00975992	-0.0164613	0.00181662	0.00232662	0.00414226	-0.00723848
HG01085	-0.0110825	-0.0169794	-0.0187741	-0.00273995	-0.00110893	0.000231973	-0.00101845	0.000413241	-0.00135502	-0.00319565
HG01086	-0.0103352	-0.0158238	-0.0251504	0.00366697	-0.000849689	0.00117744	0.00211702	0.00142295	-0.00214044	-0.00276497
HG01088	-7.78568e-05	-0.0187871	-0.00942518	-0.00731065	0.000747392	-0.00828405	-0.00225416	0.00272523	-0.000120826	0.00020721
HG01089	-0.00801015	-0.0222781	-0.0117904	-0.00919664	-0.00366006	-6.3881e-05	0.0031139	0.00312149	0.00313415	-0.00200086
HG01092	-0.00267326	-0.0150281	-0.0189031	-0.00209875	5.53857e-05	0.00045284	0.0011673	-0.000899665	-7.38691e-05	-0.00361838
HG01094	-0.00654148	-0.0169384	-0.013395	-0.00065237	-0.00425774	0.00307971	0.00261864	0.00677577	-0.00265998	0.00119302
HG01095	-0.00767516	-0.0245574	-0.015248	-0.0180431	-9.36591e-06	-0.000792343	-0.00239722	-0.00247102	0.00273095	0.000980964
HG01097	-0.00705224	-0.0161289	-0.0176688	-0.00877376	0.00166211	-0.00107124	-0.000678838	0.00142522	-0.0018291	0.000856109
HG01098	-0.0045231	-0.0197856	-0.0207759	0.0196344	0.00130776	-0.00653593	-0.00107192	0.00499057	-0.000310155	-0.000184456
HG01101	0.00174238	-0.00919737	-0.017566	0.00564759	-0.00143711	-0.00281411	-0.00180387	-0.0032579	0.000938319	-0.00639336
HG01102	0.00943036	-0.0117232	-0.00426609	0.00382319	0.00116347	0.000752977	0.00214796	0.00909668	-0.00658345	0.0018264
HG01104	-0.0106501	-0.022756	-0.0143686	-0.00953926	3.64152e-05	-0.000974582	0.00210719	0.00111757	0.000474894	-0.00048664
HG01105	-0.0093015	-0.0232848	-0.00716734	-0.0211368	0.000878553	0.00282669	0.00212667	0.00154776	0.00261162	-0.00258322
HG01107	-0.00621739	-0.0232436	-0.013706	-0.014071	0.00162757	-0.0037853	-0.000709182	-0.00156457	0.00148739	0.00165991
HG01108	0.0209881	-0.00624632	-0.00439156	0.00166624	0.0128815	-0.00707421	-0.00175385	0.0015874	-0.00902792	-0.00125195
HG01110	-0.0113631	-0.0144625	-0.0256771	0.0284079	0.0012855	0.00227888	0.000153878	0.00307908	0.000540789	0.00139737
HG01111	-0.00999603	-0.0163846	-0.0161957	0.00674852	0.00104544	-0.000469336	-0.00303545	0.00373127	0.00146971	0.00086802
HG01112	-0.00906174	-0.0229247	-0.0132006	-0.0192379	-0.00021103	0.00137197	0.00316247	-0.00205878	0.000685809	-0.00248637
HG01113	-0.0107951	-0.0127293	-0.0219105	0.0131337	-0.000664572	-0.000827634	-0.000976834	-0.00114988	0.00183482	-0.000824155
HG01119	-0.0126062	-0.00861431	-0.0269856	0.0355198	-0.000443505	-0.00129191	-0.00185491	0.000752554	-0.00209632	2.01036e-05
HG01121	-0.0120663	-0.0142497	-0.0289772	0.0407352	-0.000209635	-0.00392869	-0.00282404	-0.000264914	-3.22032e-06	0.000546765
HG01122	-0.0095929	-0.00897432	-0.0263955	0.0455623	-0.00181919	-0.00229752	-0.00288603	-0.00159588	-0.0048104	-0.00120167
HG01124	-0.00911161	-0.0181837	-0.0156726	0.00436538	0.00306029	-0.00432959	0.000553094	0.00365814	-0.00122556	0.000698042
HG01125	-0.0104425	-0.0200459	-0.0158999	-0.0075119	0.00226503	0.00222936	-0.00277513	-0.00129137	0.00238899	-1.71699e-05
HG01130	-0.0106458	-0.0174526	-0.0167005	-0.00216934	-0.000245541	-0.00157905	-0.000905466	-0.00212242	4.52088e-05	-0.000970945
HG01131	-0.00539306	-0.018052	-0.0190195	0.00180286	0.00117953	-0.0025785	-0.000589467	0.00237733	0.00240557	0.00449804
HG01133	-0.0129246	-0.0133911	-0.0336721	0.0601064	-0.00232562	-0.00597124	0.000239351	0.000637536	0.000722839	0.000117564
HG01134	-0.0095953	-0.0249009	-0.0128069	-0.0167861	-0.000922978	-0.00103973	0.00263476	-0.00154774	0.00136413	0.00295674
HG01136	-0.000306489	-0.00746159	-0.0218211	0.0406612	0.000122235	0.00250153	0.00190622	0.00331812	-0.00453039	-0.00214865
HG01137	-0.00800732	-0.0118826	-0.0260482	0.0379016	-0.00415306	-0.00245148	-0.00227167	-0.00311731	-0.00112135	-0.00316933
HG01139	-0.00950446	-0.017088	-0.0139977	0.00198947	0.000177593	-0.00465014	0.00583669	0.00187538	-0.00871587	0.00279931
HG01140	-0.0123043	-0.0124802	-0.0190104	0.0270141	0.000677906	-0.00327959	0.000138007	-0.00062108	0.000237854	-0.000635978
HG01142	-0.000755962	-0.0140822	-0.0142787	-0.000596787	0.000943651	0.000684495	-0.00390677	-0.00529265	-0.00376262	-0.000420993
HG01148	-0.0111855	-0.0190892	-0.0149725	-0.00598345	-0.000211477	0.00149939	0.00103224	0.00193448	0.00168355	-0.00114213
HG01149	-0.011851	-0.01301	-0.0199346	0.0226398	-0.000810876	-0.000206678	-0.0014718	-0.00211873	0.000324235	-0.00132491
HG01161	-0.00780508	-0.0178009	-0.0205077	-0.00370841	0.00165241	-0.00566107	-0.000813122	-0.00467386	0.00520882	0.00165917
HG01162	-0.00902139	-0.0200991	-0.0154568	0.000477172	-0.000107159	-0.000489471	-0.000399954	0.0026899	0.00353928	0.0016106
HG01164	-0.0108316	-0.0168975	-0.0247391	0.0122714	-0.00151209	-0.000244317	-0.00314981	-0.000655333	-0.000895735	2.85205e-05
HG01167	-0.00332898	-0.0225257	-0.014081	-0.00527251	0.000346355	-0.00330816	-0.00267703	0.000578227	-0.00222983	-0.000292107
HG01168	-0.00800859	-0.0164618	-0.0129254	-0.0103632	0.000731213	0.000683722	-0.00255656	-0.00432436	0.00122691	0.00164287
HG01170	-0.00501319	-0.0131672	-0.0172162	0.00246	0.00319195	-0.00609577	0.000120332	0.0042219	0.00435567	0.00808129
HG01171	-0.0101421	-0.0151579	-0.0237342	0.024037	0.000486241	-0.000512475	-0.00253323	-0.00335698	0.000703675	-4.2054e-06
HG01173	-0.00787307	-0.0234418	-0.013145	-0.0158611	0.0016696	-0.0011321	0.000883668	0.000597848	0.0012425	-0.000388659
HG01174	-0.00945674	-0.0238602	-0.0134733	-0.0121182	-0.000501458	-0.000463004	-0.000545946	-0.000230269	0.000454917	-0.000889095
HG01176	-0.00637862	-0.0183237	-0.0168366	0.00604599	0.00212003	9.04945e-05	0.00225416	0.00549961	0.00111343	0.000575762
HG01177	-0.0078785	-0.0240092	-0.0180889	-0.00301182	-0.00040879	-0.00270243	-0.00235075	0.00264996	-0.003725	0.00178985
HG01182	-0.00606217	-0.0209309	-0.0161834	-0.00697049	-0.000661277	-0.00155136	0.00111087	-0.00058365	0.00100004	-1.59237e-05
HG01183	-0.0054275	-0.0252826	-0.0146626	-0.0195432	-0.000734002	0.000830736	-0.00400142	-0.00327557	0.00108501	0.00464401
HG01187	-0.00902949	-0.00655187	-0.0214878	0.0268489	-0.00237636	-0.000791205	0.000395255	-0.000249816	-0.00253265	-0.00122171
HG01188	-0.000255733	-0.0197183	-0.00489964	-0.00324322	0.00190245	-0.00239997	0.000771436	-0.00450253	-0.00498578	0.000917731
HG01190	-0.00269314	-0.0226594	-0.0172069	-0.0096723	0.00356988	-0.000521071	-0.00223513	0.000205367	-0.00168773	0.00108707
HG01191	-0.00403814	-0.00352983	-0.0252876	0.0385887	0.00278398	-0.014458	0.0028024	0.00295892	0.00321713	-0.00314269
HG01197	-0.00838528	-0.0133017	-0.0260288	0.0323363	0.000851753	-0.000715727	-0.00162228	-0.00276872	-0.000546114	4.96073e-06
HG01198	-0.00215687	-0.015151	-0.0147783	-0.00493407	-0.00207859	0.00802899	0.000320234	-0.00216684	0.0020668	4.65646e-05
HG01200	-0.00898867	-0.0157772	-0.0181626	-0.00792568	-0.00177523	0.000383848	-0.000240606	-0.00222189	0.000718486	-0.00206644
HG01204	-0.0105105	-0.0205233	-0.0215388	-0.00687097	0.000805397	-0.000595469	8.83471e-05	-0.00154002	-0.000489401	-0.00128688
HG01205	-0.0116729	-0.021487	-0.0126631	-0.015988	-0.000134173	-0.00289191	-0.000769101	0.00214884	0.000557726	-0.000321787
HG01241	0.0118268	-0.00969204	-0.00817864	-0.0109473	-0.0099799	0.0196753	0.00395461	0.00765326	0.00630632	0.00406187
HG01242	0.026934	-0.00119415	-0.00300218	-0.00382886	-0.0111411	0.0231772	0.00286637	-0.000484058	-0.00925879	-0.00299186
HG01247	-0.000645327	-0.0154272	-0.0175112	-0.00655052	0.00818347	-0.000935244	0.00271808	0.00172791	0.00604867	-0.00434676
HG01248	-0.0075819	-0.0263122	-0.0102444	-0.0193107	0.000294704	-0.000289607	0.00286831	0.000478036	0.00103544	0.00147344
HG01250	-0.0108811	-0.019279	-0.0111296	-0.00383678	-0.00248252	-0.00161984	-0.000897882	0.00180849	0.00100337	-0.00039164
HG01251	-0.0122738	-0.012933	-0.0267976	0.0319316	-0.000660797	0.001113	-0.0031109	0.00100477	-0.00138382	-0.000849447
HG01253	-0.0108423	-0.0228932	-0.0192203	0.00257509	-0.000584616	-0.00291485	-0.00124795	-0.00194398	-0.00190377	0.00415637
HG01254	-0.00846952	-0.0122825	-0.0180938	0.0315572	-0.000378451	-0.000372437	0.000874293	-0.00183158	-0.000977046	0.00222493
HG01256	-0.0105108	-0.0181	-0.00860321	3.8687e-05	0.00127015	-0.000266203	-0.00378256	0.00182532	-0.00157649	-0.000479046
HG01257	-0.00751549	-0.0222184	-0.00800428	-0.00125531	-0.000129776	-0.00128864	-0.000340942	0.00197353	-0.00112984	0.00128365
HG01259	-0.00957471	-0.0217882	-0.0104735	-0.0158504	0.000278166	0.000670641	-0.000681534	0.00403031	0.000103426	-0.00290938
HG01260	-0.00799866	-0.00701063	-0.0304071	0.0474201	-0.00289266	0.00269796	-0.00210499	0.000616793	0.00241571	0.000785942
HG01269	-0.0125893	-0.01571	-0.0196817	0.00983856	-0.00048791	-0.000283816	-0.00249681	-0.000404747	-0.00123834	-0.000867842
HG01271	-0.00896248	-0.0202297	-0.0144348	-0.00567978	-9.50101e-05	0.00283827	-0.00313056	0.00540114	0.00125695	-0.00127478
HG01272	0.00231214	-0.00041995	-0.0151701	0.0386759	0.00367009	0.00459785	-0.00224068	0.00796319	0.00590044	0.00998158
HG01275	-0.0131329	-0.0228986	-0.0137998	-0.0229825	8.28059e-06	0.00149997	-0.0011546	-0.000117389	-0.00116994	0.00019873
HG01277	-0.0103004	-0.0166234	-0.0220261	0.0148998	8.70225e-05	-0.0034272	0.00126091	-0.00208362	-0.000461362	-0.000207579
HG01280	-0.00930717	-0.0225784	-0.0181019	-0.0166474	-0.00109695	-0.00490072	-0.00199013	0.000890906	0.00101427	-0.00122479
HG01281	-0.0099588	-0.0217003	-0.0131834	-0.014115	0.000917725	-0.0036021	0.000901575	-0.000348824	0.000483276	-6.70174e-05
HG01284	-0.0119972	-0.0213602	-0.00908771	-0.0144752	0.00101052	-0.0024179	0.00196961	0.000271765	0.000463437	-0.0012127
HG01286	0.00683655	-0.0132985	-0.0129049	-0.000140718	0.000883749	-0.00247104	0.00268027	-0.00810747	0.0103333	-0.00985523
HG01302	-0.00812623	-0.0206921	-0.0213797	-0.00240551	-8.34849e-05	-0.00283358	0.00139177	-0.000206122	0.00102979	-0.00258767
HG01303	-0.00509669	-0.026124	-0.0142371	-0.0201527	-0.000243571	-0.00363818	0.00037466	0.00104233	0.00174216	-0.00358965
HG01305	0.00734044	-0.0125217	-0.0128203	-0.00149803	0.00215133	0.00968385	-0.00112025	-0.00192204	-0.00228259	-0.00389048
HG01308	-0.000527542	-0.0180886	-0.0164376	-0.0183644	0.00255238	-0.0136819	-0.0021254	0.00214707	-0.0021385	-0.00155103
HG01311	-0.00917006	-0.0185046	-0.0159347	-0.0188705	-0.00180274	-0.00332047	0.00059271	0.00156395	0.000136381	-0.00413712
HG01312	-0.0103208	-0.0164473	-0.0151278	-0.00439174	0.000574693	-0.000858056	-0.000583644	-0.00186406	-0.000392264	0.000279244
HG01323	-0.0104129	-0.0159022	-0.0215275	0.0125877	-0.000327565	0.000869965	-0.000895451	0.00106061	0.00158078	-0.00123074
HG01325	0.000668465	-0.0184051	-0.0075564	-0.00523988	0.00424333	-0.00937908	-0.0015695	-0.00256559	-0.000617887	0.00140154
HG01326	-0.00931352	-0.0210868	-0.0166261	-0.00587398	-0.00103519	-0.00321493	-0.000217642	0.00275587	-0.00252825	-0.00151966
HG01334	-0.0112086	-0.0250075	-0.0144053	-0.0198861	0.000774063	0.000570622	0.000415937	-0.00167559	0.000923342	8.61363e-05
HG01341	-0.0130171	0.00148897	-0.0345059	0.0558669	-0.00171178	-0.00123386	-0.00398576	-0.000800479	0.00117181	-0.000192553
HG01342	-0.00143742	-0.00330523	-0.0201824	0.0251762	0.00425565	0.00526513	-0.00070332	0.0046414	0.00323737	-0.000872505
HG01344	-0.00793036	-0.0170241	-0.0232671	0.0258047	0.000256958	-0.000403168	0.00269695	0.000995088	0.00209916	0.000489137
HG01345	-0.0112008	-0.0128666	-0.0262208	0.0130878	-0.000222983	-5.03417e-06	-0.00276888	5.73801e-05	0.00310144	-0.000143092
HG01348	-0.0124555	-0.00731297	-0.0321567	0.0521403	-0.00293451	0.00111399	-0.00321789	0.000985076	-0.00113114	0.00272008
HG01350	-0.00894624	-0.0109922	-0.0216462	0.0126108	0.00379287	-0.00140481	0.00231822	0.00220322	0.000752375	-0.00119473
HG01351	-0.0115888	-0.0187347	-0.0223705	0.0137986	-0.000851763	-0.00168682	-0.000179768	-0.00193609	-0.00289511	-0.00278203
HG01353	-0.011371	-0.0169865	-0.021475	0.0187393	0.000510051	-0.00206271	0.0024622	0.000143246	3.28621e-05	-0.00124479
HG01354	-0.0113968	-0.0139281	-0.0246801	0.020246	0.000997219	-0.00294038	-0.000912103	-0.000131785	-0.000306464	-0.00194671
HG01356	-0.00482101	-0.00947803	-0.0267131	0.0473825	0.00382948	-0.00884877	0.00125359	0.00480317	-0.000952787	0.00318569
HG01357	-0.0120653	-0.0190206	-0.0206458	0.00500217	0.000261063	0.000390836	-0.000996129	0.000424375	0.000973191	0.000374452
HG01359	-0.0100166	-0.0218939	-0.0132338	0.00263873	-0.000449377	0.0016623	-0.000151023	-0.00135223	-0.000479091	-0.000424835
HG01360	-0.0101168	-0.0138589	-0.0253202	0.0320091	0.000822459	0.00144763	0.00182072	0.00240807	-0.000845859	-0.00133939
HG01362	-0.0101153	-0.0107245	-0.0253634	0.015515	-0.00327744	-0.000357788	0.00100839	-0.00165111	-0.00189389	0.0060124
HG01363	-0.00325785	-0.0115061	-0.0188129	0.0284672	-0.00224071	-0.0103767	3.71609e-05	-0.00155618	-0.00372707	0.00496043
HG01365	-0.0128174	-0.00515523	-0.0240361	0.0170283	0.00101427	-0.00311527	-0.0021055	0.00139973	0.00194255	0.000280866
HG01366	-0.00795571	-0.0194281	-0.0229779	0.0196684	0.000315722	-0.00112841	0.00126926	0.00181793	0.00141791	-0.00193001
HG01369	-0.0131721	-0.00030743	-0.0332061	0.0628731	-0.00152954	-0.00147661	-0.00373877	0.00130225	-0.000774358	0.00148453
HG01372	-0.0105692	-0.016276	-0.0229269	0.0363324	-0.00167475	0.000997076	-0.00271979	0.000385457	-0.00278111	0.000577417
HG01374	-0.0102672	-0.0125323	-0.0242437	0.039058	-0.000224572	-0.000127202	-0.000530768	-0.000766962	-0.00395508	-0.00119964
HG01375	-0.00136254	-0.00972475	-0.0202036	0.0225104	-0.00166603	-0.0126292	0.00714101	0.0128105	-0.00262186	0.0032444
HG01377	-0.0123406	-0.0123813	-0.0324189	0.0357482	-0.00188263	0.00135025	0.00201221	0.000494397	-0.00182298	0.000537249
HG01378	-0.0108256	-0.0199257	-0.0170965	0.00566539	0.000870915	0.00153895	0.000787642	0.00195861	0.000936721	0.000173349
HG01383	-0.0105047	-0.0185365	-0.0206822	0.0059575	-0.00075217	-0.00166999	0.00101421	0.000710421	-0.00155324	-0.00181737
HG01384	-0.000388342	-0.0123521	-0.0182044	0.0162694	-0.00879567	0.000283664	-0.00585716	0.00444041	-0.00294433	-0.00570885
HG01389	-0.0100644	-0.0232518	-0.0158034	-0.0101089	9.50908e-05	-0.000694808	-0.000676683	0.000992432	-2.86903e-05	-0.00012702
HG01390	0.00940178	-0.00648436	-0.0168019	0.0196124	0.00584768	0.0127404	-0.00412713	0.00284091	-0.00205894	0.00370347
HG01392	0.0033575	-0.0155285	-0.0101064	-0.00409776	0.00493862	-0.0174482	0.0038036	-0.00210182	0.00332424	-0.0074622
HG01393	-0.00871606	-0.0216388	-0.010529	-0.00403711	0.000365858	-0.00327891	0.000248176	-0.000218232	-0.00127275	0.00379192
HG01395	-0.0117274	-0.0155016	-0.0151301	0.0040896	-0.000322843	0.00152485	0.00126256	0.0010338	0.000547398	-0.0010428
HG01396	-0.00497206	-0.0211114	-0.0123103	-0.00733164	0.00178313	-0.00100104	-0.000618241	-0.00573922	0.00156475	0.00186773
HG01398	-0.0119294	-0.0210452	-0.0190105	-0.00112696	-0.000884674	0.00183676	0.000933768	-0.000394355	0.00282219	-4.58886e-05
HG01402	-0.000829078	-0.0132404	-0.0172059	0.0171434	-0.000162155	0.00755553	0.00126433	0.000146555	0.000770178	0.00359611
HG01403	-0.00252252	-0.0112616	-0.0174029	0.0286932	0.00231041	-0.0091715	-0.00154793	0.000951896	-0.00410722	-0.00340853
HG01405	-0.00606491	-0.0184094	-0.012764	-0.022468	-0.000503699	-0.010479	-0.00122528	0.00355903	-0.00450827	-0.00443853
HG01412	-0.00428907	-0.0205481	-0.0115334	-0.000266283	0.00215569	0.00557766	-0.00318552	-0.00585024	-0.00329565	0.00323079
HG01413	-0.00559561	-0.00602911	-0.0238042	0.0294418	0.00371906	-0.00615093	0.00183133	-0.00183566	0.00705282	-0.007719
HG01414	-0.00221056	-0.00739995	-0.0197974	0.0066555	-0.00697451	0.000524752	-0.000461648	-0.0011775	0.0031546	-0.00383353
HG01431	-0.002326	-0.0188281	-0.0159577	-0.015364	0.000400367	0.00151749	0.000942041	-0.000276108	0.000209683	-0.00659751
HG01432	-0.0113596	-0.017579	-0.0222029	-0.0114323	0.000797162	0.0012953	0.00347959	-0.000411305	-0.000690504	-0.00129132
HG01435	-0.00660437	-0.00934411	-0.021726	0.0249756	0.00119819	-0.000662352	-0.00102267	-0.00109674	0.000214673	-0.00216151
HG01437	-0.00917469	-0.020113	-0.0175192	-0.00758032	0.000124485	-0.000730814	0.00135439	0.000156959	0.000358932	-0.00114341
HG01438	-0.0108546	-0.0209192	-0.018496	-0.0261193	-0.00161975	-0.00214898	0.00248861	-0.00293557	-0.00227727	-0.00149122
HG01440	-0.00436519	-0.01863	-0.0165018	0.00773374	0.00053215	0.00534412	-0.000872997	0.00140608	0.000542308	-0.00147818
HG01441	-0.0114297	-0.0041186	-0.0229097	0.0265103	0.000320461	0.00271147	-0.000883094	-8.74227e-05	0.000147928	-0.00071979
HG01443	-0.0129672	-0.00661883	-0.0410042	0.0628464	0.00020055	-0.00204482	-0.000544666	-0.00163012	-0.000406757	-0.000714982
HG01444	0.00171805	-0.0156603	-0.014501	0.00729126	0.00334611	6.98406e-05	0.00788824	-0.00666937	0.00182794	-0.00152661
HG01447	-0.00806837	-0.0176142	-0.0180131	0.00122794	0.000377234	0.00139213	-0.00191452	-0.000321512	0.00141203	-0.00369571
HG01455	-0.010431	-0.019231	-0.0235506	0.0182851	-0.000217002	-0.0033299	0.00124254	0.000330762	-0.000788714	-0.00129597
HG01456	-0.0133596	-0.0154255	-0.0247669	0.0129218	0.000420765	0.00188505	-0.00109041	-0.00199333	0.000107211	0.000254468
HG01459	-0.0102721	-0.0152337	-0.0226405	0.00436509	-0.000527669	0.00229605	0.00010775	-0.000438869	0.00170167	-0.000769384
HG01461	-0.0099929	-0.00437767	-0.0229982	0.0347354	0.00060126	-0.00211881	0.00307953	-0.000972139	0.00149986	0.00292358
HG01462	-0.00644303	-0.00815539	-0.0265211	0.0517822	0.0010485	0.00291701	-0.00201408	-0.00120441	0.00214518	0.00151855
HG01464	0.00243485	-0.0063908	-0.0143798	0.00423521	-0.00281149	-0.00285975	-0.0038248	0.00208501	0.00106849	-0.000155436
HG01465	-0.0120156	-0.0196182	-0.0226063	0.00522948	7.28255e-05	-0.00115845	0.00102873	-0.000869591	-0.0018241	-0.000416545
HG01468	-0.010941	-0.0245249	-0.0167119	-0.0161578	-0.00166825	-0.000762009	-0.00216493	-0.000652381	-0.00170224	-0.000836504
HG01474	-0.00917977	-0.0238097	-0.0160351	-0.0145459	0.000669356	0.0019144	0.00212034	0.000677461	-0.000636905	0.00145827
HG01479	-0.00194955	-0.0154651	-0.0199797	8.19249e-06	-0.00240804	0.00592232	-0.000964551	0.00936388	0.00562125	0.00298288
HG01485	0.00698964	-0.00712657	-0.0110321	0.00797577	-0.0117894	-0.00688536	-0.00517198	-0.00394141	-0.000828064	-0.0101995
HG01486	-0.0104179	-0.0189962	-0.0209295	0.00467949	-0.000890512	-0.00253442	-0.00255254	-0.00425899	-0.00238804	0.00020872
HG01488	-0.0084582	-0.0134085	-0.0176497	0.0290212	0.000313623	-0.000994237	-0.000455511	0.00234696	-0.00127652	-0.000525827
HG01489	-0.0094343	-0.0264449	-0.00211128	-0.0144754	0.00045756	-0.00185606	0.000684768	0.0014396	0.00176682	-0.000518862
HG01491	-0.00969947	-0.0177495	-0.0143511	0.00709429	-0.0011524	-0.000960949	0.00112952	-0.0020632	-0.00404376	-0.0022969
HG01492	-0.00979576	-0.0270848	-0.0189531	-0.0210866	0.00128154	-0.00149062	-0.00216958	-0.000505393	0.000462947	0.000372533
HG01494	0.00896536	-0.00488459	-0.0182129	0.0134844	-0.000737603	0.0181626	0.000496468	0.00190084	-0.0039986	-0.0055813
HG01495	-0.0052129	-0.0150779	-0.0177104	0.00508793	0.00016779	0.00579047	0.00308551	-0.00429802	0.00107935	-0.0030018
HG01497	-0.0106225	-0.0178174	-0.0199749	0.012173	0.00119211	0.0001215	-0.00153903	0.00161746	-0.000736126	0.000137604
HG01498	-0.00930593	-0.0165917	-0.0168319	-0.00852951	-0.0014627	0.0031054	0.000673585	-0.00150688	0.000198065	-0.000674286
HG01500	-0.0107243	-0.0238007	-0.00815265	-0.0117964	-0.000490226	-0.00115757	0.000122707	0.00119262	-0.00201166	5.95239e-05
HG01501	-0.00992356	-0.0228962	-0.0154935	-0.0266022	-0.0005336	0.000940861	-0.00120681	-0.00267826	-0.0039894	-0.0025906
HG01503	-0.00939186	-0.0256569	-0.00988945	-0.0260092	0.00168424	-0.001139	-0.00252085	-0.000539901	-0.0016954	0.0034514
HG01504	-0.0113359	-0.0225626	-0.0106027	-0.0249383	0.000471871	-0.00160612	-0.00229543	-0.00145929	-0.00108394	0.00114552
HG01506	-0.00895399	-0.0266394	-0.0149115	-0.0156882	-0.0017039	0.0012676	0.00417762	0.00265924	0.00158554	-0.00314334
HG01507	-0.010472	-0.025583	-0.0127964	-0.0173797	0.00241617	-0.00459637	0.00416101	-0.0013616	0.0024269	-0.000988837
HG01509	-0.0103974	-0.0219499	-0.0057289	-0.0218514	0.000856978	-0.000104906	0.000598826	0.00283106	-0.00423617	0.00148763
HG01510	-0.00949392	-0.0278469	-0.0155173	-0.0252337	-0.00126736	-0.00045754	-0.00333985	0.000380124	-0.000530699	0.00161801
HG01512	-0.0111052	-0.0304262	-0.0159125	-0.0140868	-0.000178701	-0.0014409	0.00184906	0.000986245	0.000670112	-0.000284709
HG01513	-0.0105536	-0.0238923	-0.0137074	-0.0198741	0.00228903	-0.00261427	0.00108912	0.000446095	0.000668522	-0.000592432
HG01515	-0.00966266	-0.026705	-0.0201497	-0.0266357	0.00128713	-0.000607919	0.00109716	-0.00035003	0.00171889	0.000588437
HG01516	-0.00968427	-0.0266235	-0.0160501	-0.0220262	0.00256964	-0.000352358	0.000301988	-0.000821318	0.000597261	2.09449e-05
HG01518	-0.0112118	-0.0220363	-0.0165717	-0.0229246	-0.000146381	-0.00111339	-0.00128129	-0.00151624	-1.12613e-05	-0.000515204
HG01519	-0.0116733	-0.0236048	-0.0115664	-0.0147249	-0.000680916	1.72382e-06	0.00231313	-0.00149918	-0.00186441	-0.0013388
HG01521	-0.0107712	-0.0251897	-0.0111201	-0.0174958	0.00275659	-0.00192389	0.00117425	-0.00151217	0.00159364	-0.000196355
HG01522	-0.0112585	-0.022415	-0.00729401	-0.0174689	0.000172873	-0.00103918	0.000900985	0.00102418	-0.00147728	0.00152045
HG01524	-0.00955556	-0.0243076	-0.0152585	-0.0235255	-0.00104851	-0.00346888	-0.00132478	-0.00445238	0.00134221	-0.000118742
HG01525	-0.00913673	-0.0232038	-0.0105721	-0.0117468	0.000420081	-0.00447457	0.00162404	-0.00350015	0.000669611	-0.000537359
HG01527	-0.0105885	-0.0210589	-0.0120193	-0.022592	-0.000936373	-0.00144562	-5.03965e-05	-0.00178132	-1.07815e-05	-0.00196111
HG01528	-0.00939869	-0.0245651	-0.0119393	-0.0211131	0.00196639	0.00290688	0.00194245	0.00279368	0.00138312	0.000545014
HG01530	-0.010314	-0.0208424	-0.00900856	-0.0131179	0.00238333	0.00178221	0.000417581	0.0001825	-0.00135514	-0.00354315
HG01531	-0.00903466	-0.0236442	-0.0116697	-0.0135487	-0.00226956	0.00347219	-0.00127988	-0.00305809	0.00221244	-0.000297265
HG01536	-0.00937854	-0.0239933	-0.0144227	-0.0155349	-0.000108315	-0.00153241	-0.00397331	-0.00284308	-0.00486744	0.00041071
HG01537	-0.011478	-0.02888	-0.0140385	-0.00965622	-3.6242e-05	0.000753489	-0.000547074	0.00015736	0.000617935	-0.00147358
HG01550	-0.0117264	-0.0142421	-0.0230708	0.010867	0.00159938	-0.000374607	-0.00204797	-0.000620152	0.000276949	-0.000124066
HG01551	0.00631857	-0.00815452	-0.016217	0.00214889	-0.0160326	0.0131586	0.00314649	-0.0054516	-0.00829955	0.00340299
HG01556	0.000984198	-0.0127302	-0.0188769	0.0142843	-7.4333e-05	-0.00112668	-0.00234298	0.000681533	-0.00282768	0.00502293
HG01565	-0.0140298	-0.00119742	-0.0429753	0.0828007	-0.00103029	0.000230431	-0.00102269	-0.00132415	-5.70577e-06	0.00280827
HG01566	-0.0125812	-0.0095857	-0.0195433	0.0336043	0.000399102	0.00118126	-0.00232788	-0.000292269	0.000425712	0.00264669
HG01571	-0.0139321	-0.00812843	-0.026588	0.0443843	0.000707174	-0.00191804	-0.00202129	-0.000543553	0.0005263	-0.000815356
HG01572	-0.0129712	0.000862802	-0.0371409	0.0598866	-0.000539524	-0.00111311	-0.00319947	0.000300402	0.00118463	0.00291369
HG01577	-0.00929708	-0.00899358	-0.0229202	0.0317168	-0.00126009	-0.00314082	-0.000108796	0.000175613	0.000383892	-4.51293e-05
HG01578	-0.0141308	-0.00366374	-0.0327778	0.0577093	-0.00104963	0.00197968	0.00102303	0.00142922	-0.000883685	-0.000818294
HG01583	-0.00982193	-0.00872022	0.0322832	0.0106507	-0.000669474	-0.000237275	0.00143612	0.00407275	0.000856659	0.00206684
HG01586	-0.0111921	-0.0143788	0.0138812	0.00439705	0.000363917	-0.000910248	0.000504557	-0.00319677	-2.66576e-05	-0.000559407
HG01589	-0.0107542	-0.012994	0.0235986	-0.000808875	0.000601142	0.000669252	-0.00487982	0.00177165	-0.000259506	-0.00073626
HG01593	-0.011604	-0.018188	0.0206012	0.00527746	-0.000306584	1.18523e-05	0.00254314	-0.00316622	0.000620517	-0.000959593
HG01595	-0.0154188	0.0318731	-0.00372442	-0.00959514	0.0014599	-0.00131147	0.00163443	-0.00195978	-0.000332481	-0.00183299
HG01596	-0.0145601	0.034483	-0.00244207	-0.0103227	0.000649713	0.000310312	-0.000263088	-0.00156119	0.000731623	-0.000728824
HG01597	-0.0150646	0.036457	-0.00495985	-0.0101351	-0.000805699	-0.000988692	-0.000428293	0.000154562	0.000206131	-0.000943976
HG01598	-0.0153819	0.0310686	-0.00157244	-0.00708702	-0.000257193	-0.000955302	-0.000151304	-0.00238153	-0.00360556	-0.00164834
HG01599	-0.01509	0.0374843	-0.00529268	-0.017707	0.000723054	0.00157731	-0.000410634	0.00110723	-1.46818e-05	-0.000224009
HG01600	-0.0147218	0.0420805	-0.00573212	-0.0204538	0.00136086	-0.000718443	0.000634446	-0.00108257	-0.000148617	-0.00136334
HG01602	-0.0101826	-0.0228814	-0.0139911	-0.00828457	0.00112896	-0.00594192	0.00297959	-9.30931e-05	-9.24475e-05	-0.00444278
HG01603	-0.00816574	-0.0248497	-0.0121498	-0.00653702	-0.00168593	4.92707e-05	0.00202713	-0.00132775	0.000436955	-0.00107126
HG01605	-0.0104644	-0.0224243	-0.0143471	-0.0262064	0.00069745	-3.39162e-05	-0.00114552	-0.00124706	0.000117517	-0.000654862
HG01606	-0.0108429	-0.0277335	-0.0142716	-0.0145512	-4.99772e-05	-0.000950953	0.00552831	-0.00270436	0.00181655	-0.00182255
HG01607	-0.0102016	-0.0245334	-0.00793524	-0.0196988	0.000950356	0.000978149	-0.00145797	0.000600456	0.0022199	-0.00329384
HG01608	-0.00940911	-0.0223296	-0.00829702	-0.0209109	-0.00113051	-0.000536315	0.000987351	-0.00114974	-0.000681116	-0.000368209
HG01610	-0.0109876	-0.021686	-0.0161532	-0.0225398	-1.68361e-06	0.000478908	-0.000531727	0.000484484	0.000677887	0.000133154
HG01612	-0.00986145	-0.0270514	-0.0121684	-0.0138397	0.000956152	-0.000455624	0.000629999	-0.00153547	0.0013763	-0.000344239
HG01613	-0.00883337	-0.0211061	-0.0138428	-0.0230108	-0.00191634	0.00219293	0.00155578	0.000331587	-0.000736711	-0.00191853
HG01615	-0.0108056	-0.0248292	-0.0140104	-0.0233259	-0.000975378	-0.00117644	0.000720609	-0.00402191	-0.000955571	0.00308867
HG01617	-0.010204	-0.0222502	-0.0153701	-0.0257322	0.00107938	0.000482131	0.000376091	-0.000781006	-0.00226754	-0.000197643
HG01618	-0.010478	-0.0259831	-0.00841447	-0.0170075	0.000964753	-0.000486911	0.00171547	0.00110165	0.00117234	-0.00132934
HG01619	-0.0114865	-0.0278708	-0.0101399	-0.0245232	-0.000282955	-0.00101222	0.000761417	-0.00213686	-0.00125591	-0.00106932
HG01620	-0.0103487	-0.0241508	-0.0129145	-0.022932	0.001678	-0.000785995	-0.000543876	-0.00067722	-0.000970213	-0.00133305
HG01623	-0.00909911	-0.0288728	-0.0133211	-0.0167846	-0.000738146	-0.000318355	0.00199029	0.000188747	-0.00209065	-0.000625386
HG01624	-0.00757077	-0.028996	-0.0176928	-0.0227209	-0.00256396	0.000608687	0.00253063	-0.0034473	-0.00336391	0.000479991
HG01625	-0.00971289	-0.027383	-0.0110454	-0.0167793	-0.000480584	0.000135584	-0.00120693	0.00115035	-0.000678813	0.000513215
HG01626	-0.0100537	-0.0198382	-0.0153846	-0.0211038	0.00097882	-0.00106553	-0.00322063	-0.00142813	0.00155145	0.00174378
HG01628	-0.0018501	-0.0219376	-0.0194502	-0.00771086	-0.00899041	-0.00156324	0.00398092	-0.000245342	-0.00522921	0.00376558
HG01630	-0.00935262	-0.02221	-0.0140139	-0.0148746	-0.000188097	0.00120091	0.00247683	0.000979735	-0.000215109	-0.00128818
HG01631	-0.00892725	-0.0270944	-0.0140513	-0.022019	0.00105422	-0.00249829	-0.00145146	-0.000606594	-0.00237923	-0.000888404
HG01632	-0.011086	-0.0201558	-0.011697	-0.0220791	-0.000113601	0.00072925	-0.0010986	0.000310916	0.000345772	0.000699098
HG01668	-0.00915899	-0.0259169	-0.00992125	-0.0190787	0.00299492	-0.00312995	-0.00065222	0.000166039	0.00124455	-0.000594062
HG01669	-0.00898503	-0.0247271	-0.0120387	-0.0178743	0.000191016	-0.000546704	0.00251948	0.000193491	9.6811e-05	-0.00113242
HG01670	-0.007544	-0.017715	-0.0149492	-0.0153953	-0.00193311	-0.00294469	-0.000317637	0.00136157	-0.00123772	0.00129008
HG01672	-0.0109762	-0.0224314	-0.0106677	-0.00970851	0.00013601	0.00034154	-0.00113803	-0.00298346	0.000268387	-0.000229624
HG01673	-0.010582	-0.02032	-0.00503449	-0.0211712	0.00017889	-0.00115245	-0.000620267	-0.00187265	-0.00116162	0.000178034
HG01675	-0.0109189	-0.0257238	-0.0147868	-0.0164813	-0.00299586	-0.000704033	0.00297359	0.0014188	-0.00205203	-0.00167727
HG01676	-0.0109782	-0.0280081	-0.0174463	-0.0166274	-0.00299174	0.00462406	0.00278356	0.00090042	3.4509e-05	-0.000732562
HG01678	-0.011801	-0.0238817	-0.0134313	-0.0199113	7.34466e-05	0.00032164	0.00379837	-0.00194872	-0.00173197	-0.00229951
HG01679	-0.010346	-0.0229483	-0.00993606	-0.0170359	0.000639682	0.00160642	0.00573007	-0.000627999	-0.000388955	-0.00126942
HG01680	-0.010283	-0.0226177	-0.0128186	-0.0305734	-0.00101968	-0.00227046	0.00208249	0.000768167	0.000382828	-0.00365974
HG01682	-0.0102866	-0.0236582	-0.0119759	-0.0270479	0.00135218	-0.000857524	-0.000420286	-0.00303694	-0.000865713	0.000754019
HG01684	-0.010752	-0.0258728	-0.0140119	-0.0182825	0.000134495	0.000524046	0.00279421	-0.00144397	-0.000374314	-0.000811549
HG01685	-0.00671642	-0.0211256	-0.0166748	-0.0175239	0.00341329	0.000328651	0.0013491	-0.000407718	-0.000246812	-0.0038669
HG01686	-0.00977488	-0.0243743	-0.00910926	-0.0170833	0.00132363	-0.00201337	1.40858e-05	-0.000151457	-0.000359778	8.20594e-06
HG01694	-0.00993237	-0.0227939	-0.00908	-0.0169188	-0.00241887	0.00145335	-0.00165832	-0.00159303	-0.00143212	-0.00118193
HG01695	-0.00930745	-0.0206114	-0.00982792	-0.0168362	0.00157523	-0.00177179	0.00092152	0.000800694	0.000433863	-0.00235001
HG01697	-0.0100689	-0.0273632	-0.015557	-0.0222544	-0.000768446	0.00107466	-0.000237278	-0.000488411	0.000301939	0.000353425
HG01699	-0.0106472	-0.0264534	-0.0130907	-0.013077	-0.000538042	0.000712899	0.00140401	0.000284208	0.000853599	-0.00173643
HG01700	-0.0106077	-0.0249255	-0.0175274	-0.0235014	0.000231593	-2.37086e-05	0.00384947	-0.00307242	0.00057732	-0.00209834
HG01702	-0.0110961	-0.0277034	-0.00603003	-0.0205583	0.00147181	-0.0002132	-0.000911955	-0.000966947	-0.00251173	-0.000858779
HG01704	-0.010023	-0.0255164	-0.00857627	-0.0103912	0.000770844	-0.000414147	0.00376631	0.00257167	0.00259403	0.00198828
HG01705	-0.00859932	-0.0260957	-0.011838	-0.00743075	-0.000615694	0.00327632	0.00140227	0.00150348	0.000589668	-0.00296407
HG01707	-0.00998483	-0.0264353	-0.00760829	-0.00984607	0.00109238	0.00174613	0.00308372	0.00331223	0.000635833	-0.000683718
HG01708	-0.00921516	-0.0272546	-0.0132381	-0.0198351	0.000717224	0.00378482	0.00278077	-0.00155921	-0.00173716	0.000503627
HG01709	-0.00980855	-0.026958	-0.0130476	-0.0229795	0.000161917	-0.00109018	0.0024836	0.00221501	-0.000584015	-0.0025789
HG01710	-0.0110409	-0.0195592	-0.0110039	-0.0247431	0.00109239	-0.00396303	-0.00149576	0.000596035	0.00175422	-0.00169683
HG01746	-0.0102557	-0.0261251	-0.0170801	-0.0323941	0.00148918	-0.00162342	-0.00017081	-0.000228247	-0.00122451	0.00325622
HG01747	-0.0101075	-0.0252943	-0.011222	-0.0138396	-0.000593593	0.000268461	0.00365722	-0.0007987	0.000162295	-0.00192529
HG01756	-0.0102329	-0.0235989	-0.0175213	-0.0256568	0.00121142	-0.00120513	0.00107862	-0.000736535	-0.00363532	0.000228417
HG01757	-0.00998422	-0.0264437	-0.0154832	-0.0303257	-0.00125295	-0.00111825	0.00249596	0.000426048	0.00189319	0.000187207
HG01761	-0.0105773	-0.0265908	-0.0195717	-0.0137146	-0.000262665	-0.000857924	0.00210647	-5.10136e-05	-0.00122071	0.000274929
HG01762	-0.0102056	-0.0230462	-0.011156	-0.0234322	0.00117852	-0.00591987	-0.00106644	-0.00246834	0.00212977	-0.000550903
HG01765	-0.00836257	-0.0275098	-0.0120489	-0.0275023	-0.00123148	0.0028008	0.00348269	-0.00112472	0.001547	-0.00292626
HG01766	-0.00767102	-0.0243871	-0.0126906	-0.0126424	0.00042555	0.000337043	0.00155187	-0.00073062	0.000723384	-0.00476062
HG01767	-0.010342	-0.0217962	-0.0103483	-0.0187322	-0.000127757	-0.00140679	-0.000881679	-0.00216076	0.00239115	-0.00132753
HG01768	-0.0117809	-0.0229531	-0.0170197	-0.0243618	-0.0015059	-0.00121722	0.00119359	-0.00134851	0.000513484	-0.00176897
HG01770	-0.00878429	-0.0233141	-0.0144607	-0.0248382	0.00261359	-0.00431441	-0.00553357	0.0011169	-0.000142272	0.000794023
HG01771	-0.0109479	-0.0259666	-0.0149854	-0.0216768	0.00278253	-0.00344892	-0.00179059	-0.00044807	0.00178182	0.000821855
HG01773	-0.0103704	-0.023504	-0.0182073	-0.0144537	-0.000723747	-0.00216389	-0.0021724	-0.00127791	-0.00197598	-0.00103763
HG01775	-0.0106749	-0.0234412	-0.0119699	-0.0184	0.00206709	0.00142828	0.000390801	-8.76107e-05	-0.00116062	-0.00135663
HG01776	-0.0109611	-0.0222906	-0.0106542	-0.0207133	0.00150631	0.000711403	0.00072795	-0.00100513	-0.00181069	0.000210248
HG01777	-0.0108761	-0.0226878	-0.0142875	-0.0161704	-0.000850282	-0.00264913	-0.00065746	8.28511e-05	0.00217495	0.00290681
HG01779	-0.011046	-0.0254315	-0.0203967	-0.0254467	-0.00130015	-0.000826527	0.00425329	-0.00165184	0.00234343	0.00172317
HG01781	-0.0098501	-0.0239901	-0.0154645	-0.0126854	-0.000743357	-0.00097748	0.00290475	-0.00195287	-0.000286485	-0.00277297
HG01783	-0.0100871	-0.0242562	-0.0163349	-0.0119897	0.000699859	-0.0037123	0.00228715	-0.00276348	0.000388505	-0.00235898
HG01784	-0.00917294	-0.0229261	-0.0169961	-0.0236016	-0.000466588	-0.00154852	0.00269635	-0.000594175	0.00240054	-0.00130304
HG01785	-0.0116258	-0.025345	-0.0106269	-0.025187	-0.00123752	0.000458914	0.000223573	-0.00232228	0.00165676	-0.000106155
HG01786	-0.0111845	-0.0217453	-0.0149493	-0.0122253	-5.5081e-06	0.00221748	0.00264802	0.000928444	-0.00048461	-0.00122499
HG01789	-0.0106891	-0.0266939	-0.0147809	-0.0306461	0.000364252	0.00339315	0.000628801	0.000509587	0.000454633	0.000544343
HG01790	-0.0111451	-0.0273813	-0.00970786	-0.00920175	-0.00162047	-0.00107913	0.00302882	-0.000671433	-0.00375268	-0.0022073
HG01791	-0.0106306	-0.028055	-0.0107193	-0.0164513	0.000728889	-0.00225233	-0.00120678	0.000851774	0.00135765	0.00172608
HG01794	-0.0148252	0.0334484	0.00418483	-0.01815	-2.28204e-05	-0.00274898	-0.00240592	-0.000516226	0.00129609	0.00148495
HG01795	-0.0148862	0.0389816	-0.00267021	-0.0148819	0.00173568	-0.00154665	-0.000465015	0.00200385	0.000514576	-0.0029298
HG01796	-0.0146678	0.0361393	-0.00912288	-0.0155952	0.00331943	-0.00184265	0.00197285	0.00228533	-0.00161046	-0.000372623
HG01797	-0.0139764	0.034436	-0.00143872	-0.0143021	-0.000751602	0.000598394	0.00160018	0.00135831	0.0011189	-0.000309422
HG01798	-0.0149501	0.0321957	-0.00707739	-0.015618	-0.00097757	-1.48625e-05	0.000449859	-0.00176757	0.000418546	0.000633264
HG01799	-0.0153202	0.0384061	-0.00443053	-0.0183029	0.00132835	0.00147663	0.000702049	0.002713	0.00157234	-0.00324452
HG01800	-0.0137535	0.034295	0.000126095	-0.00134698	0.0006974	-0.000754087	-0.000707932	6.10147e-06	0.000224207	-0.00158587
HG01801	-0.0138154	0.0359245	0.000687987	-0.0142109	0.000282769	0.000398997	-0.000438087	0.000350414	-0.00017194	0.00179674
HG01802	-0.0151173	0.0377152	-0.00450382	-0.0147529	-9.62076e-05	0.00182886	-0.00049234	-0.000789172	-0.00054474	-0.0016789
HG01804	-0.0151074	0.0420343	-0.00930402	-0.0154264	0.0012851	-0.00137801	0.000828362	0.00137999	0.000921417	-0.000423315
HG01805	-0.0143842	0.0392423	-0.00869439	-0.00982549	-0.000923884	-0.00220479	0.00353545	0.000226729	-0.000114939	-0.00135036
HG01806	-0.014264	0.0346995	-0.00399664	-0.00963739	0.00192823	0.00193472	0.00288497	0.00272031	0.00217684	-0.00136283
HG01807	-0.0146089	0.0358466	-0.00619634	-0.011664	-0.000103978	-0.000731962	0.002072	0.000855432	0.00143557	-0.000780828
HG01808	-0.0144482	0.0375601	-0.00485983	-0.0181428	-0.0013707	0.000106503	0.000362661	0.00122017	5.82605e-05	-0.00252758
HG01809	-0.014263	0.0362995	-0.00725067	-0.0135841	0.000185601	0.00028524	0.00152837	0.000367145	0.00136808	0.000466217
HG01810	-0.0138431	0.0376669	-0.00425875	-0.00423362	1.84433e-05	-0.00262275	0.000721394	-0.000335635	-0.000131197	-0.000532921
HG01811	-0.0145193	0.0358502	-0.00154275	-0.00853894	0.00208689	0.00165992	-0.00025279	-0.000241119	-3.84657e-05	-0.00203957
HG01812	-0.0150343	0.0371792	-0.00758213	-0.0111151	-0.000358866	-0.00134572	-0.000559064	0.000167193	-0.000426847	-0.00161221
HG01813	-0.0154866	0.0373888	-0.00484571	-0.0161974	-0.0012708	-0.000744334	0.00128765	0.00283897	0.000403955	-0.00396128
HG01815	-0.0148771	0.03764	-0.00682655	-0.0170981	-0.000390696	-0.000847067	0.00151547	-0.00179924	0.000101604	-0.00104602
HG01816	-0.0156588	0.0391047	-0.00147469	-0.0148568	0.00135083	-0.000466458	0.00107024	-0.000352441	0.00247152	-0.00182008
HG01817	-0.0155862	0.0291946	-7.22271e-05	-0.00428838	-0.000576705	0.00127888	0.00188456	0.00280519	0.000240405	-0.00251351
HG01840	-0.0146561	0.0361656	-0.00678605	-0.0206057	0.000597824	-1.67735e-05	0.00169134	0.00155541	0.00177275	-0.00258415
HG01841	-0.0149246	0.0414227	-0.00726155	-0.0103919	2.41802e-05	-0.000968976	0.00240619	0.00312258	-2.91826e-05	-0.000551427
HG01842	-0.015443	0.0332336	-0.00194432	-0.00475269	0.00323664	-0.00043314	0.00181789	0.000632184	-0.000278314	-0.00284201
HG01843	-0.014918	0.0355914	-0.00209417	-0.0169989	0.000419688	-0.000308659	0.00119069	-0.000486694	-0.00125051	-0.00267176
HG01844	-0.0151554	0.0295835	-0.000858612	-0.0185074	0.00270397	-0.000886418	-5.17001e-06	1.99059e-05	0.00175947	-0.00371579
HG01845	-0.0149469	0.0359128	-0.00397263	-0.0119595	0.000491791	-0.000411409	0.00176789	-0.000403627	0.00037649	-0.00220548
HG01846	-0.0133487	0.032821	0.00249492	-0.0072461	0.0010005	-0.00182779	0.00272242	0.00132283	-0.00109556	-0.00307052
HG01847	-0.0135593	0.0321871	-0.00131356	-0.0078287	-4.72987e-05	-0.00080981	-0.000726959	0.00148488	-0.00148145	0.00027525
HG01848	-0.0152777	0.0331159	0.00231147	-0.0114503	-0.000297099	-0.00110074	0.00127274	-0.00152351	-0.000155728	-0.000847404
HG01849	-0.0154959	0.0338016	-0.00335644	-0.00257527	-5.10782e-05	-0.000464703	0.00110608	-0.000329829	0.000567708	-0.000394736
HG01850	-0.0146086	0.0336641	-0.00109545	-0.0162785	0.00063298	-0.00117977	-0.00237689	-0.000497759	0.00139276	-0.00134724
HG01851	-0.0138871	0.0346679	-0.00386592	-0.0186656	0.000688089	7.19519e-05	0.00218796	-0.00193954	0.00161629	-2.30675e-05
HG01852	-0.014314	0.0338334	0.00340874	-0.0082586	-0.000712178	0.0037673	-0.000703488	0.00236523	0.00296197	0.00279683
HG01853	-0.015942	0.0353696	-0.00325703	-0.013232	0.000151549	-0.00090914	0.000777416	0.00164115	-0.00029622	0.000478718
HG01855	-0.0146769	0.0354496	2.03528e-05	-0.0187662	-0.000527296	-0.00261311	0.00122409	0.000571427	4.38511e-05	-0.00130057
HG01857	-0.013975	0.0302042	0.00738658	-0.0199395	0.00299381	0.000170888	0.000630128	0.000333077	0.000101164	-0.00200435
HG01858	-0.01466	0.0345572	-0.00260058	-0.0133408	0.000833326	-0.00223509	0.000282254	-0.00214197	0.000538204	-0.00306858
HG01859	-0.0141153	0.037054	-0.00232971	-0.014463	-0.00114764	-0.000838133	0.000372226	-0.00141972	6.44113e-05	-0.00252936
HG01860	-0.0138727	0.0320856	-0.00173518	-0.0117325	-0.00154825	0.000436473	0.00256204	-0.00129408	-4.80894e-05	-0.00112036
HG01861	-0.0154842	0.0371395	0.00425038	-0.0235315	-0.000168753	-0.00326716	0.00225681	0.00108884	-0.00106878	-0.00171459
HG01862	-0.0150924	0.0324509	-0.0032844	-0.0146593	0.000740312	0.000689513	0.000905288	-0.0025509	-0.000672658	0.00203783
HG01863	-0.0140028	0.0411462	-0.00180565	-0.0118799	0.0002684	-0.00163559	-0.000674885	9.61852e-05	-0.00104353	-0.00167802
HG01864	-0.01483	0.0389266	-0.00116428	-0.010358	0.00187454	-0.00302974	-4.60492e-05	0.000989616	0.00258481	-0.00097113
HG01865	-0.0158069	0.033877	-0.00383447	-0.00885519	-0.00101819	-0.00105395	0.00150544	-0.00218786	-0.00201679	-0.00341549
HG01866	-0.0150432	0.0390077	0.00171674	-0.0117331	0.000623048	-0.00162457	0.000526388	0.000700073	0.00229005	-0.00166042
HG01867	-0.0150283	0.0338997	0.0016352	-0.0075167	0.00085596	-0.00146908	0.00341328	0.00305898	0.00190428	-0.00331127
HG01868	-0.0141381	0.0354555	-0.00204229	-0.0174797	0.00104131	0.000772178	-0.000155319	0.0001517	0.000215795	-0.000575928
HG01869	-0.014381	0.0345369	-0.0060067	-0.0122863	-0.000456762	-0.00189055	0.00379994	0.00354454	-0.000667491	-0.00125895
HG01870	-0.0147982	0.0342643	-0.00332276	-0.00466562	-0.00141231	0.0017607	0.00169394	-0.000849944	0.000493395	-0.00398335
HG01871	-0.0141569	0.0363254	-0.00349027	-0.0182603	0.00149	0.00282008	0.0019977	-0.000709786	0.00225373	-0.000213391
HG01872	-0.0146009	0.0356334	-0.00240258	-0.0151687	-0.0014732	-0.00213607	0.00312287	0.00171355	-0.000859996	-0.00208676
HG01873	-0.0143065	0.0432883	-0.00629959	-0.0184302	-0.00235994	0.000732031	-0.000705373	-0.00194917	-0.000622978	0.000791292
HG01874	-0.0140648	0.0355891	0.00501329	-0.00997754	0.000933048	-0.00310882	-0.000154209	0.00204255	-0.000166456	0.00158555
HG01878	-0.0146459	0.0294904	0.00947632	-0.0111016	0.0019016	-0.000669877	-0.000454068	0.000892625	0.00186362	0.00212339
HG01879	0.0253891	-0.00451274	-0.007251	0.00166921	-0.00301697	0.0339776	0.00621976	0.025189	0.0125728	0.0163141
HG01880	0.0117563	0.0026868	0.0201197	0.00976652	0.00707699	0.0138355	-0.00310772	-0.000148157	-0.000981784	-0.00709912
HG01882	0.0314653	-0.000848985	-0.000509758	0.0072488	0.0161069	0.0177931	-0.00732475	-0.0222718	0.00382531	-0.00269603
HG01883	0.0176621	-0.0105869	-0.00455501	-0.00187473	0.0116126	-0.000431052	-0.00238867	-0.00486902	0.000194737	0.00223755
HG01885	0.0296984	-0.000707501	0.00303029	0.000846691	-0.000578448	0.0157514	-0.00534079	-0.0224287	-0.00237538	0.00579085
HG01886	0.0168639	-0.0108138	-0.0087337	-0.0110143	0.00826758	0.0201599	0.00878835	0.00294477	-0.0233923	0.00536596
HG01889	0.0373547	0.00417059	-0.00145534	0.00642676	0.0136017	0.0146571	0.00726005	-0.014124	-0.00321811	-0.000506624
HG01890	0.0376382	0.00580185	-0.00348732	0.00140397	-0.0145503	0.0384535	0.00713569	0.000185017	-0.0158866	0.0375882
HG01892	-0.0112854	-0.00264014	-0.0364411	0.0652701	-0.00102823	0.00108061	-0.000481913	0.00220285	-0.000640169	0.000810942
HG01893	-0.0139004	-0.00195978	-0.034352	0.0720917	-0.0027682	-0.000737256	-0.000692937	0.000620748	0.0026565	0.00122472
HG01894	0.0277173	-0.00191469	-0.00234704	-0.00732404	0.00734145	0.0325317	-0.00121028	0.00227347	-0.00843982	0.00414798
HG01896	0.0345612	0.00377731	0.00310187	-0.00167582	0.00081027	0.00827282	0.00441174	-0.00318952	-0.00198979	-0.00915321
HG01912	0.0296334	-0.00120173	0.00346488	-0.00499682	0.00200047	0.0244572	-0.0034328	-0.019877	0.00470271	0.00271679
HG01914	0.0207337	-0.00651462	-0.00608899	-0.00400052	0.00598947	0.000676363	-0.00650881	0.0108954	0.00294346	-0.00237144
HG01915	0.0333883	0.00185994	-0.000308144	-0.000699434	0.00256255	0.0577302	0.00207219	-0.0254745	-0.0156475	0.00598115
HG01917	-0.0151718	0.00367826	-0.0396835	0.0645185	-0.000424724	-0.000870357	-0.00274284	-0.000661271	-0.000468818	0.00245533
HG01918	-0.0142875	-0.00682083	-0.0287491	0.0404311	0.000539515	-0.000872925	-0.00347757	-0.00132703	0.00131653	-0.000455384
HG01920	-0.0146518	0.00587681	-0.0464031	0.095341	-0.000581989	-0.00158408	-0.00192469	-0.00110884	0.00312619	0.000891114
HG01921	-0.0132069	0.00382162	-0.0373065	0.0786232	-0.000239762	-0.00126671	-0.00211916	-0.00274795	-0.00115881	0.00104182
HG01923	-0.0155203	0.00695316	-0.0472504	0.0924866	-0.00145774	0.000988816	-0.00163671	0.000432517	0.00281755	9.29046e-05
HG01924	-0.00158253	0.00337225	-0.0299164	0.0526322	-0.00175019	0.00522913	-0.00376151	-0.00308824	0.000136296	-0.00529069
HG01926	-0.0156941	0.00872299	-0.0431123	0.0961097	-0.000382293	0.00293998	-0.000986614	0.00205675	-0.00182863	0.000619638
HG01927	-0.0165585	0.00717193	-0.0447432	0.0887486	-0.000174675	-0.000734137	-0.00356237	-0.000979327	-0.00102477	0.00163997
HG01932	-0.0142301	-0.00380232	-0.0401511	0.0679732	-0.00119521	0.00137971	-0.000702284	-0.00203214	0.00181036	-0.00102333
HG01933	-0.00442279	0.00209564	-0.0300122	0.0646843	0.000267019	-0.000314571	-0.00664743	-0.00383375	0.00486035	0.00196317
HG01935	-0.0136803	-0.00397239	-0.0319034	0.0479505	0.00104817	-0.00207507	-0.0011976	-0.00131979	0.000425941	0.000559899
HG01936	-0.01523	0.00417283	-0.0435601	0.0913455	-0.00185333	-0.000789631	-0.00360538	0.000920586	0.0017146	0.000656806
HG01938	-0.015447	0.00431796	-0.040162	0.0864818	-0.00159914	0.000278831	-0.00221392	-0.00130157	-0.000396373	-0.000410391
HG01939	-0.0104463	-0.00755029	-0.0290272	0.026171	-0.000483657	-0.000569364	-0.00227645	-0.000380936	-0.00139271	-0.00110524
HG01941	-0.0109254	0.0043118	-0.040262	0.0848155	0.000331833	0.000894142	0.0012277	-0.000451509	-0.00124484	0.00155763
HG01942	-0.00992527	0.00305193	-0.0317115	0.0546938	0.00316598	-0.00660978	-0.00459188	0.00198318	-0.00274453	0.00325421
HG01944	-0.0144267	0.0229995	-0.0153873	0.0157896	0.00121373	-0.000223938	-0.00185616	0.000912695	6.79927e-05	0.000725702
HG01945	-0.0131655	4.81259e-05	-0.0399835	0.082099	-0.000468856	-0.00121981	0.000719283	0.000578701	0.00168015	0.00138773
HG01947	-0.00702633	-0.006058	-0.0227274	0.0421709	0.000472594	-0.00729502	0.00161182	-0.00191348	0.00352241	0.00860069
HG01948	-0.0146778	0.00858403	-0.0266082	0.0732502	8.09328e-06	0.00237964	-3.201e-05	-0.00063103	0.00182199	0.00146629
HG01950	-0.0152489	0.0112395	-0.0393038	0.0861569	-0.00149142	-0.000996233	-0.00298755	-0.0032478	0.000326451	0.00495973
HG01951	-0.0155891	0.00399013	-0.0373493	0.0874584	-0.000851127	0.000259172	-0.000815852	-0.000309684	0.000365242	0.000239804
HG01953	-0.0144761	0.00239705	-0.0347196	0.0605328	-0.00202077	0.000500693	-0.0028191	-0.0025184	0.00125468	0.00129937
HG01954	-0.0144354	0.0050973	-0.0339011	0.0538373	-0.000228853	0.000288896	-0.00367448	-0.00174064	0.00190448	0.00252354
HG01956	0.0360684	0.00359903	0.00163511	0.00572059	0.00942537	0.0322702	-0.00757499	-0.0335644	0.00456972	0.0161771
HG01958	0.0348789	0.00380002	-0.00274738	0.000709239	0.0103794	0.0314375	-0.00631576	-0.00225845	-0.00772132	0.0146081
HG01961	-0.0148078	0.0065654	-0.0406999	0.0742645	-0.00111838	-0.00015915	-0.000211886	-0.000781088	0.000697952	0.000451102
HG01965	0.00836575	0.00610186	-0.0229513	0.0327588	0.00743281	0.0171561	-0.00437264	0.00276469	-0.00167704	0.00627723
HG01967	-0.00803534	-0.00514738	-0.0325938	0.0527123	0.00237173	-0.000376385	0.000535371	0.00389734	0.000496005	-0.000202259
HG01968	-0.0153336	0.00786839	-0.0438062	0.0970706	-1.75017e-05	0.00156383	-0.00249013	-0.00171163	0.00151297	0.00238052
HG01970	-0.0130604	-0.00330229	-0.0415597	0.0750261	-0.00094635	0.00148799	-0.000334655	0.000157559	0.00174474	0.00138731
HG01971	-0.00307923	-0.00233021	-0.0249621	0.0228645	-0.00416177	0.0025871	-0.00264557	-0.00290951	0.00184222	-0.00200486
HG01973	-0.0158323	0.0038806	-0.0467792	0.0995477	3.10041e-06	0.00125897	-0.00323877	0.00157962	0.000627474	0.000513703
HG01974	-0.0156532	0.00202569	-0.0382393	0.0814679	0.000307005	0.00381837	-0.00111039	-0.000366921	-0.00171272	2.54649e-05
HG01976	-0.01511	0.00560323	-0.0461066	0.0908283	-0.00177446	0.000706296	-0.00395088	0.0010413	-0.000352236	0.000721237
HG01977	-0.0140011	-0.00143128	-0.0390103	0.0698092	-0.000563559	0.00200918	-0.000472648	-0.00199458	-0.00127045	-0.00113884
HG01979	-0.0145098	-0.00450772	-0.0360381	0.0505647	0.000904807	-0.00405291	-0.00335586	0.0010538	0.00126821	0.00374982
HG01980	-0.0142379	-0.00617392	-0.035722	0.0676243	-0.00011511	0.0023179	-0.00334182	-0.000616526	-0.00128886	0.000455552
HG01982	-0.0114875	0.00388932	-0.0345147	0.0471108	0.000394142	-0.00302963	-0.00113996	-2.25546e-05	0.000874263	-0.00194055
HG01985	0.0334015	0.001439	-0.00225077	-0.00213022	0.01677	0.000191849	-0.00733902	0.0112275	-0.00787286	0.00288441
HG01986	0.0258597	-0.00241716	-0.00210885	-0.00460446	0.00842888	0.0154076	0.00229349	-0.0118915	0.0100798	0.00480457
HG01988	0.00497527	-0.0186718	-0.00758844	-0.00892451	0.000441374	0.0111338	0.00264384	0.00375576	-0.00587557	0.00362184
HG01989	0.0140404	-0.0038741	-0.00852731	0.000452559	0.00290426	0.0130994	-0.00709345	-0.00174602	-0.000261058	-0.000280155
HG01990	0.028361	0.00719848	-0.00466267	-0.00477335	0.0125781	0.0204552	0.00553599	0.0125006	0.000576527	0.00975661
HG01991	-0.0136989	-0.00214762	-0.0448639	0.0841989	-0.00187753	-0.00131729	-0.00426464	-0.00176767	0.00269682	0.00161268
HG01992	-0.0154879	0.00756613	-0.0472849	0.110239	-0.00118685	-0.000266981	-0.00445599	-0.00212607	-0.00141284	0.000385044
HG01997	-0.0146114	0.00361338	-0.0369443	0.0783033	-0.00160745	0.000413944	-0.000982512	-0.00108962	0.000721413	0.0013681
HG02002	-0.0136575	0.00352163	-0.0397639	0.0869652	-0.00237903	-0.000181893	-0.00362766	-0.000243015	0.00196848	0.00222411
HG02003	-0.0151364	0.0101054	-0.0474874	0.101196	-0.00095999	0.00187016	-0.00315028	0.00135971	-0.000500376	0.00220317
HG02006	0.000317387	-0.000307051	-0.025785	0.0477366	-0.014236	0.00682647	0.00523799	-0.00552593	0.00190392	-0.0041835
HG02008	-0.0137749	0.0040129	-0.0336316	0.0677992	-0.00123507	0.00228822	-0.000416355	-0.00167793	0.000238543	-0.000309396
HG02009	0.0299884	0.00102026	-0.00424028	-0.00726841	0.0162036	0.0055772	-0.00962933	6.6079e-05	0.00117647	0.0018066
HG02010	0.0206245	-0.00470399	-0.00657274	-0.0127085	0.00391532	0.00711248	0.000106886	0.00973413	0.00469473	0.0211609
HG02012	0.031323	0.00234074	2.64933e-05	-0.000153155	0.018247	0.0116054	-0.0130574	0.00385775	0.00442116	0.0110775
HG02013	0.0313075	0.0031469	0.00161465	4.63176e-05	0.00756704	0.0216549	0.000865558	-0.0204876	-0.00595108	-0.00415868
HG02014	0.0324115	0.00457858	-0.00106099	0.00343985	0.00796067	0.0374882	-0.00309445	0.00467368	0.00358708	0.013715
HG02016	-0.0151134	0.0297107	0.00489526	-0.011007	0.000332236	-0.00132845	-0.000125148	-0.000375556	-0.000938561	-0.00250391
HG02017	-0.0155407	0.0350581	-0.00661299	-0.015217	0.00158934	0.000171474	-0.001015	0.000350923	-0.00124089	0.000686683
HG02019	-0.0142303	0.0348033	-0.00278248	-0.0135652	0.00119392	6.01387e-05	0.000799353	-0.000241606	-0.000167394	-0.00143039
HG02020	-0.0140447	0.0326002	-0.00679298	-0.0148	0.00150361	-0.000349236	-0.00156351	0.00112391	0.00183682	0.00132906
HG02023	-0.014119	0.0316037	-4.03218e-05	-0.0094603	0.000235	-0.00389259	0.00407473	0.00165578	0.00142228	-0.00261705
HG02025	-0.0158259	0.0352194	-0.00712666	-0.019161	0.00022298	-0.00138615	0.00160125	-0.00142854	-0.000953071	0.00117416
HG02026	-0.0142524	0.0378065	-0.00734994	-0.0198375	0.000321802	-0.000965957	0.00152047	0.00102394	0.00348512	-0.00103878
HG02028	-0.01536	0.0343476	0.000153188	-0.0181919	0.000386805	0.00110505	-0.000806171	-0.000467019	0.00110096	-0.00145282
HG02029	-0.0153347	0.0319406	-0.0074074	-0.00515558	-0.00120004	0.0018906	-5.39036e-05	-0.000420183	-0.000152642	-0.00077958
HG02031	-0.0142471	0.0332761	-0.0066047	-0.0140504	-0.000313485	-0.00105281	-4.15868e-05	0.000759297	0.000170144	-0.000608547
HG02032	-0.0150891	0.0386024	-0.00134112	-0.00387047	-0.000429672	-0.000108006	-0.00192081	-0.00447071	-0.000739932	0.00371023
HG02035	-0.0148947	0.0319045	-0.00749472	-0.00671484	-0.000166766	0.00243108	0.00356976	0.000314963	0.00143683	0.0004486
HG02040	-0.0139484	0.0334846	-0.00555898	-0.0139447	-1.2246e-06	0.000648977	0.0020323	-0.000277396	0.001021	-0.000308322
HG02047	-0.0140534	0.0309307	-0.0105967	-0.0126382	-0.00220401	0.00227622	0.000641789	-0.0017584	-0.000343174	-0.000948479
HG02048	-0.0152011	0.0330862	-0.00465579	-0.0127433	-0.000254832	0.00035092	0.000600732	0.00079855	0.000308855	-0.000464895
HG02049	-0.0142252	0.0390238	-0.00530318	-0.013452	0.000121889	-0.00266341	0.00230165	-0.000473573	-0.000319385	-0.00201172
HG02050	-0.0144911	0.0338005	-0.00695713	-0.0162355	-0.000701615	-0.000772022	0.00203271	0.000225763	0.000825738	-0.00217961
HG02051	0.0203868	-0.00535469	-0.00701415	-0.00520096	-0.00466731	0.0165735	0.00442117	-0.00115513	-0.000842162	-0.00666531
HG02052	0.0290458	-0.000666381	-0.0010732	-0.00266333	0.00141717	0.0521267	-0.00810701	0.00815284	0.00530645	0.0111755
HG02053	0.0349833	0.00421033	0.000442202	-0.00374025	0.0153194	0.014662	-0.00578108	0.000519942	6.28909e-05	-0.0043225
HG02054	0.0301272	0.00160243	-0.00414668	-0.00137636	0.00644309	0.0471054	-0.00036249	-0.0176584	-0.000948852	-0.002589
HG02057	-0.0131795	0.034898	-0.00367501	-0.0106209	0.000655823	0.00342941	0.000182771	-0.00119669	0.00165607	-0.000610414
HG02058	-0.0149861	0.0344318	-0.00462216	-0.0187817	0.000953733	0.00228325	0.000304831	2.28199e-05	0.00176771	-0.00226219
HG02060	-0.0146542	0.032979	-0.00470077	-0.00582012	-0.00200429	0.00043596	0.00193273	-0.000582244	-0.00108382	-0.000708182
HG02061	-0.0145235	0.0297526	-0.000149458	-0.00124244	-0.00224397	0.00192217	-1.36838e-05	-0.000912008	-0.0014725	-4.93115e-05
HG02064	-0.0142102	0.0344511	0.000943928	-0.0137264	-0.00120417	-0.00161113	-0.000762307	-7.34343e-05	-0.000706114	-0.000386164
HG02067	-0.0137687	0.0334016	-0.000836381	-0.0162539	0.00123896	-0.000749341	-0.00103545	-0.00159335	-0.00091437	-0.00133728
HG02069	-0.0132404	0.0345775	-0.0089765	-0.0166626	0.000664378	0.00304744	0.00261722	0.00186514	0.00243534	-0.00239719
HG02070	-0.0142293	0.0338649	0.00039011	-0.0206444	-1.28847e-06	-0.00151241	-0.000286305	-0.00296971	0.000841684	-0.00381063
HG02072	-0.0145578	0.0295945	0.00689205	-0.0101358	-0.000224565	-0.000181872	-0.000579983	-0.00160646	-0.000149038	0.00247586
HG02073	-0.0147795	0.0333273	-0.0107187	-0.00212951	-0.000249906	-0.00108863	0.00303389	0.00104573	0.000327767	-0.0025552
HG02075	-0.0136	0.0341001	-0.00365951	-0.0139032	0.00135658	-0.00361042	-0.000328645	0.000620415	0.00291709	-0.00526212
HG02076	-0.0145725	0.0339298	-0.00622321	-0.0116353	0.00244675	-0.000915381	0.000420414	0.000764243	0.00217169	-0.00249939
HG02078	-0.0137168	0.0382459	-0.00646545	-0.0181822	-0.00179371	0.000931523	-0.00119441	-0.00350118	0.000356664	0.000563
HG02079	-0.014483	0.0337708	-0.000153697	-0.0089745	-0.00328238	-0.00249194	-0.00027705	-0.00176621	0.000828546	-0.00107018
HG02081	-0.0151305	0.0339847	-0.00182695	-0.00850217	0.000705849	0.00104547	0.00100796	0.00153166	0.00139147	-0.000231832
HG02082	-0.0157992	0.0350002	-8.18981e-05	-0.0141993	0.000585508	-0.00256992	0.000138281	0.00156155	-0.0012047	0.000488312
HG02084	-0.0143392	0.0346512	-0.00579324	-0.010225	5.88161e-05	0.00238401	0.000571174	-0.00092668	-0.00102844	0.0003267
HG02085	-0.0146912	0.0359823	0.00282485	-0.0119887	0.00172383	-0.000335897	0.000375386	-0.000528783	0.00102243	-0.00217577
HG02086	-0.014359	0.0369386	-0.00430645	-0.00991356	0.000781435	-0.000210741	0.000322301	-0.00149983	0.00112936	-0.000566311
HG02087	-0.0153504	0.0395948	-0.0042777	-0.0170471	0.00262242	-0.000649152	0.00105419	-0.000704304	-0.00115488	-0.00137046
HG02088	-0.0153734	0.0341043	-0.00448666	-0.0123872	-0.00017767	-0.00298912	0.00117237	-0.000750802	1.24055e-05	0.00183732
HG02089	-0.0140477	-0.00207229	-0.0390287	0.0766526	-0.00134073	-0.00297511	-0.000333955	-0.0014709	0.000442173	0.00131379
HG02090	-0.0124669	-0.00155162	-0.0398841	0.0626965	-0.00150828	0.000568593	-0.0023457	0.00318914	0.000167609	-0.00159265
HG02095	0.0342442	0.00359713	0.00269334	-0.000845749	0.00569269	0.0247361	-0.0142983	-0.00521606	-0.00577026	0.00317268
HG02102	-0.0140084	0.000694843	-0.0346355	0.057022	-0.00232874	0.000447734	-0.000203086	-0.00281396	0.00127857	0.003272
HG02104	-0.0137779	0.0031337	-0.0424545	0.0835342	-0.00182478	-0.0010796	-0.00278459	-0.000750479	-0.000160997	-0.00140147
HG02105	-0.0150504	0.0087288	-0.0414421	0.0855149	-0.000319643	0.00021125	-0.00358269	0.00057733	-0.000646059	0.00217906
HG02107	0.0285556	0.000782184	-0.00227333	-0.00053219	0.0267842	-0.00677658	-0.00637714	0.00350581	-0.0179074	-0.0124436
HG02108	0.0306647	0.00345538	-0.00269234	-0.00383951	0.0146006	0.00990022	0.00544881	-0.000665774	0.00585488	0.000276957
HG02111	0.0370764	0.00647882	0.00103795	0.00476093	-0.00102484	0.0393264	-0.0140484	-0.0149923	0.0158137	7.31031e-05
HG02113	-0.0134142	0.0319667	-0.00175823	-0.015504	0.000750107	-0.000483032	0.00139917	0.000377347	0.00245845	-0.00124914
HG02116	-0.0158536	0.040374	0.000764121	-0.0155279	-0.000952019	-0.00250777	-0.00114879	-0.000913804	-0.000180998	0.00231265
HG02121	-0.0136256	0.0362003	-0.0055165	-0.0133138	-0.000109305	-0.00242841	0.00243668	0.000471821	0.000950667	-0.00188876
HG02122	-0.0143705	0.0358317	-0.00264263	-0.0104871	0.00042378	0.003457	0.00198565	-0.000678033	-0.00126975	-0.000401102
HG02127	-0.0143813	0.0349594	-0.0028259	-0.0146147	-0.000353869	0.000960804	-0.00112172	0.000177118	-0.00106709	-0.000665182
HG02128	-0.0146131	0.0377159	0.00204899	-0.018046	0.000500372	-0.00145702	0.00138037	0.000944308	0.00363638	-0.00112306
HG02130	-0.0143315	0.0313851	0.00595896	-0.011246	0.000885483	0.00108729	0.00101746	-0.000519691	0.00150197	-0.00246327
HG02131	-0.0142361	0.0297327	-0.00352127	-0.0110714	0.000734096	0.00152163	0.000474341	0.00202255	0.00114619	-0.000644205
HG02133	-0.0137407	0.0296674	-0.000619731	-0.0105935	0.00107867	-0.00141547	0.0024049	0.000517574	-0.000907646	-0.00329189
HG02134	-0.014656	0.0331544	-0.000663824	-0.0126687	0.00112268	0.00086693	0.00127441	-0.00169381	0.00195111	-0.00147075
HG02136	-0.0136278	0.0335335	-0.00387588	-0.0125337	0.00113113	0.000997153	-0.00069883	-0.0016404	0.000971805	-0.00138227
HG02137	-0.0152738	0.0370218	-0.00205644	-0.0137273	-0.000909378	0.00154895	-0.00061413	0.000434198	0.000940687	0.000799491
HG02138	-0.0140578	0.0348811	-0.00342592	-0.0124596	0.000170181	-0.000229694	0.00144743	-0.000470789	-0.000660803	-0.00266704
HG02139	-0.0148452	0.0366355	-0.00509839	-0.0141674	0.00170993	-0.000557426	-5.03374e-05	-0.0011612	-3.36489e-05	0.00156532
HG02140	-0.015647	0.0373965	-0.00221334	-0.0171522	0.000496573	0.00120024	0.000519442	-0.00136331	-0.0007087	0.00082933
HG02141	-0.0149531	0.0292323	-0.00156715	-0.00837104	-0.000563471	-0.000954825	0.00232722	-0.000430727	-2.72105e-05	-0.00241893
HG02142	-0.0144751	0.0347421	-0.00107981	-0.0148733	-0.000469224	-0.000814657	-0.000535594	-0.000812975	-0.00110572	-0.000209611
HG02143	0.0269877	0.00681345	-0.00860105	0.00162621	0.00494257	0.0239257	0.0202637	-0.0249968	0.0301614	0.045931
HG02144	0.0302085	0.000881968	-0.0021311	-0.0077767	0.00969581	0.0198478	-0.00743817	-0.00730719	-0.00277603	0.00978459
HG02146	-0.0135906	-0.00140434	-0.0311138	0.0386037	0.000239301	0.000354338	-0.000863856	0.000953764	0.00397854	-0.00107234
HG02147	-0.0158646	0.00743645	-0.0453631	0.0898611	-0.000368481	0.00150214	-0.00535268	0.000267219	-0.000560534	-0.000669999
HG02150	-0.0149847	0.00903617	-0.0425403	0.0950718	-0.000976638	-0.000453183	-0.00232007	-0.000441608	0.00143762	0.00113244
HG02151	-0.0160957	0.035619	0.0010794	-0.0135588	0.0019065	0.00187912	0.00249197	1.45785e-05	0.000975675	0.000585605
HG02152	-0.0155688	0.0364415	-0.00468775	-0.00436352	0.000212072	0.00190932	0.00290028	0.000812533	-0.000795336	-0.00210954
HG02153	-0.0145057	0.0344894	-0.00210178	-0.0100493	0.00112141	-0.00179684	-0.000866062	0.00060268	0.000544905	-0.00122025
HG02154	-0.0159833	0.0376071	-0.00756761	-0.0126301	0.00187288	0.00187716	0.000979742	-0.000427922	0.0024319	-0.00110459
HG02155	-0.0149711	0.0368438	-0.00294996	-0.014087	0.00160708	-4.31337e-05	-1.36277e-05	-1.01188e-05	0.000908565	-0.000770923
HG02156	-0.014797	0.0322626	-0.00693775	-0.00680253	-0.000256	0.000821873	0.00170275	0.000148132	-0.000307215	-0.00224291
HG02164	-0.0147588	0.0366224	-5.82594e-05	-0.0198496	-0.000755846	0.000896237	-7.85654e-05	0.000272114	0.00180428	0.000250742
HG02165	-0.0138972	0.0348221	-0.00106827	-0.0147691	-0.000185512	0.000812189	0.000214056	-0.00248671	-0.00211313	0.000965825
HG02166	-0.0154597	0.0314849	0.000134215	-0.00775955	0.000500157	-0.00107254	-0.00111964	0.0011113	0.000267439	-0.000955518
HG02178	-0.0147338	0.036003	-0.00364665	-0.0139147	1.66826e-06	0.00275535	-0.000625689	9.63575e-05	0.000253078	-0.000453391
HG02179	-0.0147805	0.030946	-0.00314705	-0.00806543	0.000694045	-0.00201976	-0.000675364	-0.00025541	-0.000422225	0.000395571
HG02180	-0.0140514	0.0400252	-0.00378345	-0.0154524	-0.00147113	0.00136963	-0.000947571	-0.000731693	7.9871e-05	-0.000243778
HG02181	-0.0146394	0.036088	-0.000181436	-0.0111978	-0.000248309	-0.000773386	-0.000384684	0.00115494	0.00244319	-0.000947308
HG02182	-0.015532	0.0376843	-0.000106953	-0.020176	-0.00104749	-0.00255998	-0.00179871	0.00163605	0.000119521	-0.000619542
HG02184	-0.0147087	0.0394396	-0.00619363	-0.0141901	0.000314929	-0.000673879	0.00187408	0.00392355	-0.000554722	-0.000457891
HG02185	-0.0142099	0.0336729	-0.0010967	-0.0130993	-0.00103623	-9.97309e-05	0.00180672	-0.000464603	0.00367792	-0.00051848
HG02186	-0.0144816	0.0374418	-0.00627029	-0.0169178	-0.000822716	0.00243277	5.85756e-05	-0.000773292	0.00185403	-0.000277225
HG02187	-0.0148264	0.0349212	-0.00816775	-0.0156387	0.00157554	7.51528e-05	0.00233337	-0.000373755	0.000497771	-0.00179712
HG02188	-0.0151062	0.0337675	-0.00301078	-0.0109808	-0.000589623	-0.00037525	0.000795946	-0.000480415	0.000273466	-0.00100312
HG02190	-0.0143601	0.039027	-0.00501706	-0.0115828	0.00077217	-0.000802667	0.000475866	-7.71631e-05	0.00188068	-0.00084201
HG02215	-0.0104903	-0.0248225	-0.0191329	-0.0231447	0.00105751	-8.34077e-05	-0.00214373	-0.00242837	-0.00197768	-0.000991241
HG02219	-0.0110359	-0.0241499	-0.0120585	-0.00695792	0.000817001	-0.00418427	-0.000568537	-0.0040202	-0.000404161	0.000577987
HG02220	-0.00997989	-0.0256861	-0.0146864	-0.0165716	-0.000641243	0.000269219	0.000849328	-0.00126468	0.000316024	-0.00076579
HG02221	-0.0104679	-0.0281708	-0.0172735	-0.00856454	-0.000743512	0.00141255	0.00314948	0.00206768	-0.00122821	0.00070232
HG02223	-0.00966853	-0.0221586	-0.0157313	-0.0212091	0.0016823	0.0013166	0.00220994	-0.00149903	-0.000985388	-0.00138862
HG02224	-0.00987695	-0.0230157	-0.0111229	-0.0215931	0.00112005	-0.000711096	0.00030305	-0.00123673	-0.000907678	-0.00211069
HG02230	-0.0101259	-0.0269701	-0.0165094	-0.0250342	0.000199901	-0.00251899	0.000266132	-0.000503906	-0.0009706	-0.000637518
HG02231	-0.00892887	-0.0241659	-0.0101747	-0.023923	0.00246611	0.001248	-0.000861723	-0.000272678	2.93264e-05	0.00109467
HG02232	-0.00961949	-0.0266056	-0.0130618	-0.0166357	0.00223189	0.0031516	0.00124955	-0.000388846	-0.000635582	-0.00168804
HG02233	-0.00994294	-0.0252748	-0.0161907	-0.0320449	0.00207263	-0.00352413	0.000686046	-0.00222668	-0.00190555	-0.001193
HG02235	-0.0103065	-0.0265999	-0.0136464	-0.00397034	0.000241904	0.000652445	0.00519347	0.00190245	0.00219888	-0.00199235
HG02236	-0.00980612	-0.0226644	-0.004556	-0.00658167	-0.000904651	0.000453811	0.00132209	-0.00248824	0.000732842	-0.00279272
HG02238	-0.0102905	-0.0252312	-0.0110874	-0.0242451	0.000140869	0.000773996	-2.0395e-05	0.000763802	0.000578346	-0.0010545
HG02239	-0.0101595	-0.0227673	-0.0139754	-0.0180165	-0.00069687	0.000787222	-0.00117872	-0.00213368	0.000255597	-0.000175774
HG02250	-0.0136729	0.0287991	-0.00158119	-0.0103843	0.00225181	0.00277896	0.00279609	0.00163244	0.00299254	-0.000988457
HG02252	-0.0133863	-0.00666552	-0.0245435	0.0385431	-0.000265431	0.00244213	-0.00365706	-0.00161923	0.000274639	-0.000971544
HG02253	-0.0130224	-0.0131756	-0.0212556	0.0333387	0.000338671	0.0037352	-0.00112316	0.00183667	0.000390995	0.000602358
HG02255	0.0375233	0.00448059	0.000741217	0.00222239	0.0205861	0.00626891	0.0107221	-0.00331151	0.0175941	0.00618406
HG02256	0.0185566	-0.00447963	-0.0064677	-0.00712699	0.00655432	0.0154441	0.000918241	-0.008854	-0.0138283	-0.00068651
HG02259	-0.0152559	0.00718986	-0.0405769	0.0862382	0.000410138	0.000170269	-0.00107294	7.41164e-05	0.000377643	0.000810672
HG02260	-0.0135411	-0.00822114	-0.0346248	0.0661905	-0.000806489	0.000528938	-0.000328942	-0.000386674	-0.00511094	-0.000726781
HG02262	-0.0149582	0.00716667	-0.0424098	0.0937046	-0.000861358	-0.000298464	-0.00172369	-0.00067068	0.000202199	0.0021315
HG02265	-0.0149417	0.00364254	-0.0422795	0.0817907	-0.00165209	0.000865868	-0.000720378	-0.000910913	0.00230577	-0.000771709
HG02266	-0.012985	-0.00496366	-0.038689	0.0628674	-0.000262257	0.00244881	0.00138141	0.000854918	0.00267592	0.000924325
HG02271	-0.0155792	0.00694627	-0.0445486	0.0947506	-0.00248632	0.00211747	-0.00271861	0.000249867	0.00158651	-0.000624793
HG02272	-0.0151118	0.00851386	-0.0459709	0.100083	-0.000197309	-7.21131e-05	-0.00189465	0.000109066	0.00127928	0.00169145
HG02274	-0.00625516	0.00241556	-0.0315793	0.0763776	0.0045515	0.00239925	-0.00460053	-0.00516646	-0.00292786	0.00357899
HG02275	-0.0156879	0.00599838	-0.0427967	0.0896887	-0.00138022	-0.00216252	-0.00275015	-0.000483552	-0.000327675	0.00127023
HG02277	-0.0153981	0.00663524	-0.0449581	0.0774513	-0.000180976	-0.00109888	-0.00459668	-0.000597143	0.00120706	0.0019461
HG02278	-0.0153853	0.00950317	-0.0465847	0.0933168	-0.0024893	-0.000186963	-0.00427784	-0.00225536	-0.00185386	0.00186366
HG02281	0.0243644	-0.00507345	-0.00479436	-0.00663213	0.00308234	0.0106442	-0.0109353	0.00696632	0.00770144	0.000134796
HG02282	0.0299977	0.00187935	-0.00252282	-0.00469621	0.0146612	0.0182523	0.000240915	-0.00622953	0.00195297	0.0152274
HG02283	0.024931	-0.00469517	-0.00931675	-0.00145244	0.00768826	0.0337123	-0.00166385	0.000725769	-0.0125738	0.0098736
HG02284	0.0302248	0.000414845	-0.00122006	-0.00473048	0.0215938	0.0160544	-0.0152252	-0.00761919	0.00167074	-0.00220384
HG02285	-0.0141301	0.00276572	-0.041351	0.0782983	-0.00179395	0.00134088	-0.00267636	-0.00337319	-0.000904874	0.000721307
HG02286	-0.00796569	0.00286573	-0.0360342	0.0786185	-0.00534357	0.0058416	0.000515546	-0.00550163	0.00758432	-0.00295406
HG02291	-0.0157714	0.00725241	-0.0429046	0.0913126	-0.00285411	-0.000509332	-0.00256595	-0.000149362	-0.000317101	0.00216042
HG02292	-0.0154678	0.00445251	-0.0373088	0.0797622	-0.00123441	-0.000615702	-0.00272734	-0.00057117	0.00205802	0.00137072
HG02298	-0.0124598	0.00057184	-0.0333215	0.0616946	-0.000668238	-0.00123054	-0.000474383	0.00037232	0.00148601	0.000752769
HG02299	-0.0135938	0.00332319	-0.036198	0.0721645	-0.00349229	0.0023437	-0.000823933	-0.00020379	0.00261314	0.001142
HG02301	-0.0154581	0.00503719	-0.0434285	0.0975791	-0.000616669	0.000490537	-0.00355663	-0.00223866	-0.000479983	0.00160635
HG02304	-0.00841536	-0.00147977	-0.0235493	0.0446403	-0.00489446	-0.0019923	-0.00294697	0.000899114	0.0054147	0.00190373
HG02307	0.0258308	0.004244	-0.000192922	-0.0047306	0.00668887	0.0261447	0.00469386	-0.00849323	-0.00677677	0.00550378
HG02308	0.0322691	0.00121186	0.00387446	-0.00167839	0.0135834	0.00991827	-0.00761899	0.00833495	0.00630713	0.00539578
HG02309	0.0351119	0.00354899	-0.00185515	0.00175769	-0.00304936	0.00915281	-0.00949759	-0.00772046	0.000670253	-0.00825471
HG02312	-0.0146851	-0.00161993	-0.0334736	0.0600179	-0.00125919	0.000714481	0.00078474	-0.000588522	0.000281804	-0.000253303
HG02314	0.0312195	-0.000165167	-0.00402818	-0.0068743	0.01753	0.0236103	0.00032628	-0.00303427	-1.29053e-05	0.0218703
HG02315	0.0355444	0.00274755	-0.00085296	0.00823746	0.0137145	0.0102989	0.0138698	-0.0178254	0.00534946	-0.000259845
HG02317	0.0370528	0.00263324	0.0017433	0.000493017	0.00782606	0.0437809	-0.00956159	-0.000623078	-0.00413525	-0.00256222
HG02318	0.0326985	0.00391825	0.0017759	-0.00115654	0.0075008	0.0181774	-0.0122282	-0.00155704	-0.0177501	0.0165459
HG02322	0.0219827	-0.00455859	-0.000940916	-0.00379322	0.0065412	0.0110535	0.013322	-0.0196746	0.0128418	0.0125414
HG02323	0.0351565	0.00419242	0.000750506	-0.00157376	0.0223831	0.00855468	-0.017685	0.0105265	0.00248961	0.0119338
HG02325	0.0378801	0.0046104	0.00144771	0.00482026	0.00249938	0.00143364	-0.0202151	-0.00758442	-0.0111383	-0.00549616
HG02330	0.0316324	-0.000292555	-5.08003e-05	-0.000682743	0.0105251	-0.000200231	0.0148265	-0.0156999	0.0172094	-0.0136819
HG02332	0.0353562	0.00474189	0.000569165	-0.00010058	0.0170206	0.0194812	-0.00634307	0.00218908	-0.0204628	0.00161101
HG02334	0.0144714	-0.00773816	-0.00516413	-0.000796143	0.00666115	0.0123669	-0.00839321	-0.00914134	-0.000563218	-0.00414328
HG02337	0.0353822	0.005406	-0.00153877	0.00351048	-0.0011648	0.0273011	-0.00354837	-0.0129203	-0.00375951	-0.0185155
HG02339	0.0327175	0.000829878	-0.000969344	0.00110604	-0.00917129	0.0403702	0.00756268	-0.0159606	0.00425516	-0.00754887
HG02343	0.0181461	-0.00510546	-0.0077649	0.00570796	0.0140576	-0.0154663	0.00365752	0.0177781	0.00799682	0.00760101
HG02345	-0.0148165	0.000140881	-0.0351681	0.0669111	0.00013606	-0.000259798	-0.00436024	-0.000415505	0.000906371	0.000718068
HG02348	-0.013894	0.000686254	-0.0351273	0.0603668	-0.00152468	-7.17601e-05	-0.00181264	-0.000123947	0.00135802	0.00269738
HG02351	-0.0152937	0.0361714	-0.00605572	-0.0140577	0.000976576	-0.000112939	0.00107287	0.00243691	-0.00152377	-0.000824983
HG02353	-0.0144122	0.037666	-0.0069708	-0.0150445	0.00120315	-0.00131144	0.00329084	-0.000121986	0.000293926	-0.00119094
HG02355	-0.0146065	0.0354139	-0.00067441	-0.014286	0.00106597	-0.00150549	0.00117773	-0.00261517	0.00311917	0.00260632
HG02356	-0.0141957	0.0358873	-0.000242016	-0.0109998	0.000761129	-0.00089886	-0.00111925	0.000629017	0.00187764	-0.00119733
HG02360	-0.0151285	0.0370367	0.000368931	-0.0200408	-3.42315e-05	-0.00191347	-0.000763048	-0.00126579	0.000620366	0.00116336
HG02364	-0.015496	0.0385057	-0.0103535	-0.00661487	-0.00032502	0.000988573	0.00105137	-0.00113566	0.000403187	-0.00186166
HG02367	-0.0155065	0.0346488	-0.00842005	-0.0135862	-0.000618565	0.000302456	-0.001376	0.000303069	0.000665064	-6.02052e-05
HG02371	-0.0147466	0.036628	-0.00560499	-0.0126492	0.000733317	-0.001415	0.000423525	0.00089214	0.000787293	-0.0018502
HG02373	-0.0147926	0.0360976	-0.00989801	-0.0084294	-0.00092365	-0.00207086	0.000404417	0.00165969	0.000681979	-0.00241424
HG02374	-0.0158837	0.0345464	-0.000669194	-0.0162077	-0.00109301	-0.00353029	-0.00156873	0.00133109	0.00258906	-0.00107179
HG02375	-0.015253	0.0362435	0.00230373	-0.00802002	-3.01739e-05	-0.00185839	-0.000415819	0.0018792	-0.00109242	-0.00151382
HG02379	-0.0144256	0.0364111	-0.00431481	-0.0225555	0.000268611	-0.00123208	0.000889141	-0.00108405	-0.00168726	-0.000390653
HG02380	-0.0145608	0.0360414	-0.00150984	-0.011463	0.000150414	-0.000144529	-0.000695332	0.00136439	0.000265067	0.000150094
HG02382	-0.0144091	0.0355462	-0.00708819	-0.0130399	-0.00131281	0.000150489	0.000733199	0.00173429	0.00233308	-0.00168417
HG02383	-0.0145893	0.0401271	-0.00367107	-0.0136034	-0.000124398	0.000470013	0.00100469	0.000438142	0.00225421	-0.00128837
HG02384	-0.0150576	0.0372769	-0.0084602	-0.00938516	-0.00109732	0.00127311	0.00187137	-0.000807525	0.00208736	0.000592649
HG02385	-0.0132644	0.0343776	0.00348668	-0.0182532	0.00247816	-0.00076847	0.000574782	-0.00108871	0.000938839	-0.00142281
HG02386	-0.0134479	0.035259	0.00127051	-0.0152119	-0.000805906	-0.000426498	-0.00013131	-0.000740424	0.000376506	0.00181749
HG02389	-0.0161235	0.0313962	-0.0062553	-0.00849905	0.00199758	-0.000168487	-0.000756691	0.00202446	0.00127333	-0.000332575
HG02390	-0.0141347	0.0276152	0.00428387	-0.0154277	0.00129689	0.000495646	-0.00103422	-0.000384286	0.00130149	-0.00154737
HG02391	-0.0150286	0.036515	-0.00738239	-0.0123833	0.00176778	0.000674872	0.00119992	0.00174068	-0.000267251	-0.00162945
HG02392	-0.0149622	0.033925	-0.00375142	-0.012355	0.00250486	-0.00347037	-0.00119631	0.000515658	2.46893e-06	-0.00106482
HG02394	-0.0129161	0.0344238	-0.00720941	-0.0173349	-0.000661248	-0.00107158	0.0041749	0.0012764	0.00125634	-0.000164032
HG02395	-0.0140551	0.0349953	-0.00523445	-0.0138079	0.00172073	-0.000893206	0.00183592	0.00163798	0.000271229	-0.00180571
HG02396	-0.0139237	0.0343512	-0.00174382	-0.0207891	-0.000561964	-0.00158612	0.00184136	0.0011704	0.000220575	-0.000694625
HG02397	-0.0141124	0.0332239	-0.00385013	-0.0123168	0.000198959	0.000374931	0.000948807	0.00114056	-0.00128137	0.00194395
HG02398	-0.0156557	0.0392395	-0.00254591	-0.0147899	-0.000611126	-0.00185761	-0.00114551	0.00168573	-0.0011888	0.00110814
HG02399	-0.0149451	0.0317847	-0.00891305	-0.0106098	-0.000817625	-0.00102737	-0.000488826	-0.00259261	0.000996648	0.00443185
HG02401	-0.0147836	0.0370977	-0.00995215	-0.0129068	-0.00141762	-0.001068	0.00169182	0.0013391	0.000809471	-0.000692471
HG02402	-0.0143829	0.0364853	-0.010573	-0.0122224	0.000141194	-0.000232207	0.00194827	-0.000371056	0.00108551	-0.00200418
HG02406	-0.0150455	0.0371545	-0.00907025	-0.0199468	0.00108526	-0.00062668	0.00191098	0.000730051	0.00147396	-0.00277084
HG02407	-0.0141607	0.0330878	-0.00500287	-0.0170256	0.000238244	-0.00176817	0.00109478	-5.62686e-05	0.00114055	-0.00267521
HG02408	-0.0141583	0.0333681	-0.000329938	-0.00818351	0.000339081	-0.000725097	0.000971967	0.00148884	0.00252634	0.000121257
HG02409	-0.0149558	0.0347634	-0.005882	-0.0112831	0.000714909	-0.00227607	-0.00154771	-0.00021157	-0.000172866	0.000476209
HG02410	-0.0154866	0.0377915	0.000501357	-0.016433	0.001532	-0.00276693	-0.000836708	0.0013084	0.000443204	-0.00202023
HG02419	0.032876	0.00286908	0.0031637	-5.88707e-06	-0.00589605	-0.0284481	0.012714	0.00586305	0.0252636	-0.0203376
HG02420	0.0177286	-0.00582546	-0.00817828	-0.0102593	0.00374612	0.0193302	-0.00570497	-0.00676097	-0.000843143	0.0110717
HG02425	0.000258173	-0.00990203	-0.0155429	0.00673128	-0.00152121	0.00906971	0.00053	-5.47326e-05	0.000332688	0.0039748
HG02427	0.0197377	-0.00591275	-0.00283865	-0.00160669	0.00141193	0.0177695	-0.00115693	-0.00410318	0.00753262	-0.000739446
HG02429	0.0349813	0.00382256	-0.00149036	0.00163362	0.00675912	0.0273463	-0.0185837	-0.0288347	0.000326737	-0.011048
HG02433	0.0180591	-0.00835929	-0.00135612	-0.00883004	0.00362047	0.004896	-0.00533225	-0.00428476	-0.0053865	-0.00320859
HG02439	0.025618	-0.00399015	0.00181962	-0.00424561	0.00868979	0.00192943	-0.00361143	-0.011872	0.00130461	0.0200612
HG02442	0.0330785	0.00448196	0.00063439	0.002217	0.00871811	0.0262928	-0.0134351	0.00227905	-0.00548213	0.00696046
HG02445	0.0319508	0.00270522	0.00113609	0.00108564	0.00235153	0.00768028	-0.00668155	-0.00230423	-0.000473479	0.0158545
HG02449	0.0176367	-0.00488855	-0.000408641	-0.00680958	0.00446403	0.00519905	-0.00054262	-0.000982068	-0.00255737	0.00552143
HG02450	0.0357681	0.00377142	-0.00358466	-0.00128096	0.0146951	0.0134446	0.00147715	-0.0128401	-0.0093783	5.35158e-05
HG02455	0.0268089	-0.00620104	-0.00327063	-0.00616949	0.00902936	-0.00192081	0.0102173	-0.0230195	0.0103108	-0.00344771
HG02461	0.0351283	0.00379759	-0.00154266	-0.00193798	0.0363828	-0.0634959	-0.00254172	0.0228771	0.000750079	-0.00231468
HG02462	0.0322882	0.000384896	-0.00115056	0.00339343	0.0332321	-0.0408773	0.00554951	0.0036393	0.000997612	-0.0204693
HG02464	0.0337495	0.000943992	0.00134673	0.00131744	0.0387737	-0.0453372	0.00512874	0.0380109	0.0161461	0.00924921
HG02465	0.0317348	0.00384077	-0.00164112	-0.00428935	0.0369387	-0.0382329	-0.0104888	0.0130037	-0.00328669	-0.00139554
HG02470	0.0343148	0.00103852	-0.00246428	0.00440794	0.000826145	0.0317457	0.0335984	-0.00919377	0.023774	0.0216733
HG02471	0.0381148	0.00524795	-0.00168626	0.00571181	0.00173861	0.0423658	0.00816299	-0.00479293	-0.00574122	-0.00643895
HG02476	0.0318258	-7.41341e-07	0.00606518	0.000168984	0.0121347	0.0329906	0.00237821	0.00609768	-0.00142709	0.00661565
HG02477	0.019991	-0.00549692	-0.00700965	-0.005954	-0.00265934	0.0278154	-0.010568	-0.00884191	0.00403266	0.00740668
HG02479	0.0323319	0.00327384	0.000888099	0.00103033	0.00703783	0.0207712	-0.0209899	-0.0231629	-0.00327146	-0.0155721
HG02481	0.0263576	0.000344074	-0.00155991	-0.00250664	-0.0089818	0.0213446	-0.0161821	-0.00492888	0.00175015	-0.00938528
HG02484	0.0367103	0.00245741	0.00236777	0.00333186	0.00250565	0.0267264	-0.00892127	-0.0230593	-0.0124531	-0.0139873
HG02485	0.0125906	-0.00993942	-0.00281756	-0.0133435	0.00981632	-0.00686935	0.000211056	-0.00735733	0.00774664	-0.00366991
HG02489	0.0380327	0.00640728	-0.000668615	0.00548826	2.73788e-05	0.0140129	-0.0083889	0.0233406	-0.0074187	-0.0089053
HG02490	-0.00992832	-0.0107637	0.0380876	0.00322559	0.000140338	-0.000708364	0.000171469	0.00117192	0.00182686	0.00101586
HG02491	-0.0107401	-0.0142218	0.023466	0.015221	0.0013691	0.00295562	-0.00171743	-0.00142861	-0.0029295	0.000690882
HG02493	-0.0110863	-0.0102197	0.0296706	-0.00205969	0.000590659	-0.000407635	-0.000283431	-0.00285249	-0.00100643	-0.00162481
HG02494	-0.0110756	-0.0191766	0.010001	0.00950014	-0.000787663	0.00311712	0.00145551	-0.00202595	-0.000921358	0.000686369
HG02496	0.0333639	0.00155056	-0.00541543	-0.0035028	0.00263136	0.0313162	0.0133025	-0.0200932	-0.0210989	0.0255887
HG02497	0.0324626	0.00389817	-0.000308239	-0.00263502	0.0162418	0.0319219	-0.00761248	0.00435909	0.00831312	0.0202939
HG02501	0.0339427	0.0035782	0.00293808	-0.00421794	0.0119006	0.0113886	-0.00447915	-0.00240523	-0.0212408	0.00235247
HG02502	0.011921	-0.00831664	0.00135602	-0.00964791	0.00194219	0.0166087	-0.00690909	0.00425764	0.000476734	-0.000277793
HG02505	0.0198524	-0.00383892	-0.00167741	-0.00700905	0.0104098	0.0166036	-0.00352897	0.00965625	0.00325759	0.00857011
HG02508	0.0134304	-0.0100213	-0.00792902	-0.0126208	0.0084811	0.0091863	-0.00455285	0.000604952	-0.00299454	0.012339
HG02511	0.0363952	0.0067814	1.64546e-05	0.00415763	0.00638869	0.0286856	0.00285345	-0.0123505	-0.00563451	-0.0104591
HG02512	-0.014575	0.0295853	0.00065007	-0.00378138	-0.000410682	-0.00177319	0.000242207	0.0018904	0.000105712	-0.00182409
HG02513	-0.0136526	0.037889	-0.012531	-0.0181867	0.000128427	0.000112959	0.00431937	0.00365204	0.00123404	-0.00421412
HG02521	-0.0146133	0.0326713	-0.00550151	-0.00671873	0.000555581	0.00136989	0.00216572	0.00242383	0.00151618	1.88285e-05
HG02522	-0.0154579	0.0351136	-0.00127772	-0.0139007	0.0008715	0.00193803	0.000492949	0.00189702	0.00109967	0.000255104
HG02536	0.0376351	0.00434793	0.0048538	0.00393588	0.0188539	0.0267016	-0.00628038	-0.0144085	-0.00411624	-0.00256627
HG02537	0.031782	-0.000946326	0.0012605	-0.00518073	0.00667113	0.0265984	-0.0108571	-0.0168307	-0.0107345	-0.00146576
HG02541	0.0296514	0.000677437	0.00357123	-0.00303719	0.00690482	0.0220957	0.00353111	-0.00431527	-0.011002	0.00265826
HG02545	0.0206813	-0.00216721	-0.00365867	-0.00273058	0.0133016	0.0267582	-0.00701146	0.00307503	0.000333008	0.00802202
HG02546	0.0329289	0.00473019	-0.00229789	-0.00228667	0.0132509	-0.00339768	-0.00974803	0.0074151	0.00494008	-0.00109727
HG02549	0.0358525	0.00381119	0.00284681	0.00517647	0.00714807	0.0351769	0.00605687	-0.00218355	-0.000781108	0.00231528
HG02554	0.026581	0.0112682	0.00261959	-0.0060971	-0.00525116	-0.0406556	0.0083154	0.00701382	0.00484488	-0.0438714
HG02555	0.0348628	0.00472986	1.64951e-05	-0.0023584	0.00738778	0.0184712	-0.00332022	-0.0050562	-0.00588625	-0.0270452
HG02557	0.0289735	-0.00138869	0.000495984	-0.00427234	0.00924488	0.038489	0.000330196	0.0145674	-0.00540265	0.0100269
HG02558	0.0296734	-0.000359687	-0.00680378	-0.00330411	0.00761918	0.0261019	-0.00664083	-0.00439224	-0.00290682	-0.0130497
HG02561	0.0277567	0.00133995	0.00113879	-0.000668765	0.0170485	-0.0263065	-0.00164308	0.00508594	-0.000244801	0.00662678
HG02562	0.0353512	0.00346492	0.00012323	0.00482291	0.0270309	-0.0546082	-0.00287733	0.0142743	-0.00622523	-0.00505077
HG02568	0.031807	0.000102367	0.00256913	-0.000423645	0.0336504	-0.0445022	-0.000856809	0.0119948	-0.00215604	-0.0117853
HG02570	0.0344317	0.0015938	0.000861881	-0.00760958	0.0284288	-0.0286531	-0.00210602	0.00429566	-0.00535499	-0.000175228
HG02571	0.035586	0.00203211	0.00197788	0.00136509	0.0356883	-0.0866959	-0.0102813	0.028278	-0.00369838	0.0182225
HG02573	0.0330752	0.00148828	-0.00474321	0.00240322	0.0288562	-0.0750009	0.0077772	0.00443491	-0.0101337	-0.00518364
HG02574	0.035208	0.00248118	-0.00380828	8.23145e-05	0.0336848	-0.0573754	-0.00271556	0.0205842	0.000361977	-0.00743847
HG02577	0.0379944	0.00290287	0.00377679	0.00305986	0.00898597	0.00608804	0.0432	-0.039653	0.0344079	0.0184515
HG02580	0.0355809	0.0043615	0.00180607	-0.00257493	0.0129575	0.0285546	-0.00453875	0.00960327	0.00686264	0.011669
HG02582	0.0339224	0.00336826	-0.000986304	0.00576933	0.0335548	-0.0618941	-0.00537932	0.00476766	-0.0119367	-0.00480326
HG02583	0.0330893	0.00112705	-0.00456167	-0.00255127	0.0105324	-0.0435323	9.03388e-05	0.00252824	-0.0106944	-0.00216823
HG02585	0.035518	0.0015502	-0.0020776	-0.000109554	0.0313084	-0.0750494	-0.00952031	0.0243129	-0.0103931	-0.0138472
HG02586	0.0304825	0.00230095	0.00206601	0.00163837	0.0230379	-0.045866	0.00638333	0.0193531	0.00672906	0.00899799
HG02588	0.0347552	0.00334621	-0.00081727	0.00259466	0.0377829	-0.0551884	-0.0216719	0.0171471	-0.0189261	0.00328423
HG02589	0.0338864	0.00364223	0.000149085	-0.0024207	0.019493	-0.0393261	0.00453134	0.016923	-0.0163545	0.00485527
HG02594	0.0336307	0.00302728	0.00221513	-0.00229116	0.0235965	-0.0800046	-0.0208034	0.0281693	-0.0100537	-0.0019983
HG02595	0.0336793	0.000794321	-0.00209042	-0.00192791	0.0206684	-0.0358007	-0.00139671	0.0305428	0.00178712	-0.00329094
HG02597	-0.0113095	-0.0148757	0.0326518	0.00811918	4.17337e-05	0.00213427	-0.00120507	0.00067565	0.00206068	-0.00267729
HG02600	-0.0113458	-0.0108213	0.0236068	0.00507504	-0.00071733	-0.000399107	-0.00076298	0.000330628	0.00222328	0.00238564
HG02601	-0.0122494	-0.00874876	0.0311714	0.0192638	0.00130935	0.00234154	0.00145435	0.000349039	-0.000113706	-0.00405724
HG02603	-0.0117849	-0.00531601	0.0244559	0.00436461	0.00213391	-0.0047247	0.000345831	0.000783603	-0.00164776	0.00317324
HG02604	-0.0112526	-0.00930135	0.0327937	0.00553698	-0.000112386	0.0011802	-0.00460313	0.000724444	0.000104164	0.000957242
HG02610	0.0331107	0.00318501	0.00157905	0.000237719	0.0260926	-0.0668372	-0.0128679	0.0212325	-0.000475058	-0.00280501
HG02611	0.0352367	0.00344681	-0.00174718	0.00208452	0.0356588	-0.0546012	-0.0118669	0.0212285	-0.00704827	-0.0199641
HG02613	0.0314515	-0.000617105	-0.000879997	0.00165583	0.033277	-0.0465132	0.0102595	-0.0121689	-0.004627	0.0131132
HG02614	0.0312176	0.00105651	0.000194689	0.000634669	0.0226196	-0.0447362	0.00970155	-0.0030726	0.0131724	0.000664831
HG02620	0.0336278	0.00403612	0.00235791	0.00325565	0.0188687	-0.0342554	-0.0211061	0.0247555	-0.0101196	0.00842424
HG02621	0.0363479	0.00397135	0.00231066	0.00285209	0.0270623	-0.0612947	-0.0110924	0.0171103	-0.0160511	0.00762986
HG02623	0.0346095	0.00549149	-0.00162252	-0.000945068	0.0379447	-0.0824448	0.00606149	0.0203153	-0.00358283	-0.00695262
HG02624	0.0334683	0.00350641	-0.00184544	0.00224737	0.0310152	-0.0614472	-0.0141105	0.0155146	-0.00585597	0.0082534
HG02628	0.035386	0.00546032	0.000548244	0.00663333	0.0395034	-0.0884425	0.0158712	0.0203595	0.0150489	0.00760459
HG02629	0.0342962	0.0041728	0.000759629	0.00396696	0.0341324	-0.0707328	-0.0081629	0.0173208	-0.0170389	-0.00422295
HG02634	0.0324098	0.00334621	0.00304861	-0.00187413	0.0356824	-0.0367605	-0.00940333	0.0401493	0.00694438	0.0053144
HG02635	0.0311818	0.00254923	-0.00536829	-4.3199e-05	0.0211563	-0.0596945	-0.00768061	-0.000989091	-0.0153236	-0.0137687
HG02642	0.0350731	0.00399002	-0.000124979	0.00313011	0.0355906	-0.057059	-0.00268015	0.0249245	0.0061714	-0.00231243
HG02643	0.03188	0.00180624	0.00150783	2.32925e-05	0.0293103	-0.0409676	-0.00196695	0.0296447	0.00882351	0.00430272
HG02645	0.0362703	0.00154775	0.000559902	0.00344049	0.0318348	-0.059955	0.00476291	0.0147304	0.0052322	-0.00826598
HG02646	0.0358837	0.00487312	-0.00302053	-0.00206362	0.0356762	-0.0823871	0.000382509	0.0239698	-0.000194797	-0.011916
HG02648	-0.0105078	-0.0129133	0.0233288	0.00817041	-0.00130834	-0.00225228	0.000252014	-0.00395423	0.000518114	0.00215952
HG02649	-0.0116839	-0.00981381	0.024039	-0.000961911	-0.00121766	-0.000325277	-0.000195121	-0.00116945	2.15712e-05	0.000178852
HG02651	-0.0115443	-0.0141158	0.0129576	-0.00489541	-0.000155278	0.00167861	0.000604297	-0.000979144	0.00227515	0.000619859
HG02652	-0.0105012	-0.0143592	0.0153073	-0.00280511	0.000967082	-0.000127492	0.00153554	-0.00291149	0.000883247	0.000527822
HG02654	-0.0102227	-0.0130003	0.0336586	-0.00321511	0.00197769	-0.00138201	-0.00341914	0.000147367	-0.000876787	0.000154976
HG02655	-0.0106103	-0.00845618	0.0283052	-0.000344571	0.00129692	-0.000240342	0.00236477	0.00335896	0.000510205	1.90487e-05
HG02657	-0.0104784	-0.0157025	0.0361017	0.0115117	-0.000265414	0.00278505	-0.00123095	-0.00192813	0.000802558	-0.000413815
HG02658	-0.0105007	-0.0182813	0.0232303	0.0121388	-0.00068702	0.0029756	0.000956624	-0.00162006	-0.000585307	-0.000937477
HG02660	-0.0110979	-0.0133437	0.0408394	0.017781	0.00241389	0.00235204	0.00236912	-0.00168993	0.00117547	-0.00321609
HG02661	-0.0130032	-0.008447	0.037236	0.0174491	0.00191683	0.000340443	-0.00216606	-0.00052397	-0.00156176	-0.000207421
HG02666	0.0324924	0.00494974	0.00344153	-0.00368656	0.0448359	-0.0886356	-9.61105e-05	0.031429	0.00430728	-0.0198715
HG02667	0.0328517	0.00384825	0.000987818	0.00327077	0.0317954	-0.0642358	0.00501391	0.0441075	0.00167443	-0.00219968
HG02675	0.0339043	0.00397784	0.00155111	0.0061912	0.0241935	-0.0521962	0.0113468	0.0165152	0.00230824	0.00939034
HG02676	0.0372259	0.00408728	-0.00116114	0.000828871	0.0261372	-0.0740182	-0.000243377	0.0112767	-0.0170191	-0.0275434
HG02678	0.0330475	0.00472491	0.00262488	0.00145274	0.032917	-0.0803279	0.00498398	0.0161278	-0.0165718	-0.0172673
HG02679	0.0344487	0.00493864	-0.000475802	-0.00141309	0.0306315	-0.0534909	-0.000491801	0.0250791	0.00860859	0.00158132
HG02681	-0.0107969	-0.0158558	0.0197559	0.00921471	-0.00105994	-0.000701306	0.00104208	-0.00225105	-0.00185529	-0.00173576
HG02682	-0.0101968	-0.0154252	0.0250057	0.00530427	0.00183057	-0.000563988	-0.00208237	0.00208628	0.00680937	0.00380822
HG02684	-0.0111109	-0.00974694	0.0381041	0.0111676	0.00160079	-0.000854396	0.000186158	0.00037242	-0.00141908	0.000487086
HG02685	-0.0107786	-0.00469314	0.0398673	0.0115692	0.000888697	-0.00159277	-0.00127187	-0.00151396	-0.00242979	0.00186775
HG02687	-0.0115457	-0.00260318	0.0432524	0.0221565	0.00181314	0.00491909	0.00093674	0.000970951	-0.003822	-0.00167935
HG02688	-0.0111963	-0.00617145	0.0418757	0.0291404	0.00290944	0.00145039	-0.000260908	0.000755635	-0.00196409	-0.00289827
HG02690	-0.011949	-0.0128375	0.0283804	0.00227036	0.000285877	-0.00147124	8.2876e-05	-0.00195668	0.00175142	0.000171218
HG02691	-0.0113345	-0.0130676	0.0315822	0.00902223	0.00110879	0.00095719	0.000526485	-0.000778905	0.0016813	0.00210465
HG02694	-0.0100826	-0.0143609	0.0213275	0.0146562	-0.000140604	-0.00036692	-0.000586393	-0.000828543	-0.000584821	0.00062738
HG02696	-0.0116522	-0.00633484	0.0268414	0.00308017	0.000466006	0.00171394	0.00100019	-0.000581156	0.000382398	-0.000784286
HG02697	-0.0105384	-0.0135082	0.0244705	0.0140201	-8.19476e-05	-0.00105409	0.000323692	-0.000969559	-0.0014172	-0.00206759
HG02699	-0.0101822	-0.0132732	0.0211478	0.00458928	0.000123058	0.00191141	0.00319113	-0.00177149	-0.00233989	0.000222059
HG02700	-0.0111402	-0.0129227	0.0230152	-0.000314402	0.00204992	0.000844765	0.00030651	0.000267089	-0.00130219	0.00224658
HG02702	0.0350924	0.00191027	0.00259659	-0.00122269	0.0450482	-0.0245697	0.00613913	0.00414707	-0.0124926	-0.00745995
HG02703	0.0363843	0.00210857	-0.000835478	0.0063625	0.038175	-0.0958793	0.022588	0.0306404	0.013205	-0.00986734
HG02715	0.0335963	0.00564198	0.00260149	-0.00487927	0.0332721	-0.0558153	0.00831	0.0139415	0.00189141	-0.0055731
HG02716	0.0325623	0.00438534	-0.00199321	0.00258288	0.030197	-0.0593838	-0.0051695	0.0221784	0.0017267	0.00776786
HG02721	0.0352866	0.00357586	0.00549455	-0.000248151	0.0455628	-0.091348	0.0312707	0.0137613	0.0290356	-0.0285959
HG02722	0.034015	0.00269618	-0.000243801	-0.000979882	0.0277508	-0.0266256	-0.00640549	0.0127948	-0.00750184	0.0142106
HG02724	-0.0116222	-0.00917071	0.0315141	0.00585529	0.000588427	0.00287689	-0.00181522	-0.00121559	-0.000987695	-0.000411994
HG02725	-0.0116239	-0.00212975	0.0472707	0.00900371	0.00253726	-0.00316349	-0.00183982	0.000660831	-0.000318972	-0.000970951
HG02727	-0.0122909	-0.00733954	0.0292962	0.015778	-0.00176062	0.00352523	0.00394197	-0.00182024	-0.00090349	-0.00350704
HG02728	-0.0108224	-0.0120761	0.0320283	0.0059247	0.00162003	-0.000221031	-0.00175356	-0.00182407	0.000423307	-0.00262159
HG02731	-0.00968563	-0.0114229	0.0268853	-0.00269081	-0.000105423	-0.000993827	-0.00216822	0.00150218	0.00149812	0.000817253
HG02733	-0.0104979	-0.013725	0.037047	0.01234	0.00227371	0.000125497	0.00302671	0.00052644	0.00199831	-0.00276305
HG02734	-0.0103655	-0.00707605	0.0284949	0.00480831	-0.000450943	0.00102534	0.000396707	0.002512	0.000341061	-0.00105742
HG02736	-0.0113518	-0.0143216	0.02353	0.00178338	0.000214526	-0.000526645	0.00071265	-0.00204319	-0.00068788	0.000987081
HG02737	-0.0117303	-0.0110253	0.0248174	0.00984998	0.000615375	0.00255481	0.00159912	-0.000455982	0.0023565	-0.00151395
HG02756	0.0331417	0.00338732	-0.00086896	-0.0032193	0.0374305	-0.0584735	-0.00280575	0.0238834	-9.60445e-05	-0.0105117
HG02757	0.0335529	0.00165776	0.00442714	0.0019045	0.0345169	-0.0661329	0.0146644	0.0174411	-0.0084986	0.00824873
HG02759	0.0352202	0.00529196	-0.000427992	0.000746212	0.0384021	-0.0535367	-0.0025539	0.00510376	-0.0141661	0.0094738
HG02760	0.0361967	0.00304558	-0.00060075	0.0041185	0.0395475	-0.0410273	0.0155457	0.0209593	-0.0164887	0.00985034
HG02763	0.0305729	0.00208007	0.000996025	0.00268093	0.0179041	-0.0370147	0.0116995	0.0154289	0.0119685	0.0110291
HG02768	0.032573	0.0030002	-0.00192487	0.000219802	0.025013	-0.0232452	0.00350666	0.0182727	0.00877302	0.00392783
HG02769	0.0339714	0.00389593	7.79452e-06	0.0041097	0.0263917	-0.0437237	0.00100743	0.00721708	0.0158867	0.00111583
HG02771	0.0365835	0.0023804	0.00175457	0.00378463	0.0237303	-0.107712	0.0777072	-0.0236152	0.0669543	-0.0116234
HG02772	0.0358941	0.00510301	0.0043492	0.00169454	0.0345011	-0.0835614	0.0219581	0.0254429	0.0307086	-0.0314009
HG02774	-0.0123793	-0.0111257	0.0281786	0.0114327	0.00138157	0.00148919	2.7694e-05	-0.00207567	-0.00142934	0.000583799
HG02775	-0.0115224	-0.00793443	0.03152	0.00920225	0.00263984	-0.000587151	3.04118e-05	0.0016202	0.000106966	-0.00302741
HG02778	-0.0115191	-0.00544465	0.0434331	0.00731801	-0.000659208	-0.00113715	0.00187797	-0.00101889	-0.000170568	-0.00102396
HG02780	-0.0109697	-0.0106235	0.0286137	0.00503184	-5.87352e-05	-0.00389219	0.000312238	-0.000398089	-0.00189145	-0.00125769
HG02783	-0.0119862	-0.00871363	0.0367722	0.00487242	0.0019375	-0.00331708	0.00113392	0.000314964	0.00069617	-0.00216532
HG02784	-0.0119011	-0.00379172	0.0526211	0.018274	0.0017247	0.00244917	0.00101923	0.00344249	-0.00198522	-0.00104183
HG02786	-0.0121404	-0.00573078	0.036072	0.0150272	0.000184041	-0.00186521	0.00240024	-0.000750498	0.000370342	-0.00432379
HG02787	-0.0113919	-0.00672169	0.0370775	0.0157508	0.00132045	5.05117e-05	0.000102974	0.00074576	0.0014546	-0.000653393
HG02789	-0.0111801	-0.00990822	0.0342919	0.00720409	0.00249612	-0.00065613	0.000688672	-0.00173344	-0.00178831	-0.000176597
HG02790	-0.0101552	-0.00673756	0.0352828	0.00014824	0.000630524	-0.000235563	0.00103504	0.00115177	0.000261957	0.006573
HG02792	-0.00989741	-0.0045847	0.0491223	0.00660076	0.00205047	0.00348703	0.000892843	-0.000659546	-0.00113373	0.00104235
HG02793	-0.0111073	-0.00162999	0.0433325	0.0127838	0.00300423	0.000540999	-0.00153294	-0.00326062	-0.0012829	-0.00168063
HG02798	0.0340726	0.00233657	7.0319e-06	-0.00373235	0.0318012	-0.0378532	0.000337872	0.015727	0.00131191	-0.00125658
HG02799	0.0341768	0.00391091	-0.00319441	-0.000190748	0.0368175	-0.0620152	0.00168813	0.027588	0.000107077	0.00581201
HG02804	0.03716	0.00206269	-0.000727122	0.00733595	0.0290661	-0.0903113	-0.00436633	0.0133561	0.00029865	-0.0188752
HG02805	0.0371291	0.00371364	-0.00179012	0.00395713	0.0413859	-0.106596	0.0180397	0.028609	0.0092607	-0.0408848
HG02807	0.0329521	0.00470994	0.00511009	0.00520459	0.0192443	-0.0406994	0.0041588	0.00843808	-0.00397013	-0.00414016
HG02808	0.0365982	0.00322544	0.000181314	0.00288648	0.0242702	-0.0767724	-0.00508408	0.0261295	-0.0132255	-0.0289151
HG02810	0.0309228	-0.00159734	-0.00560031	0.0011131	0.0203241	-0.020914	-0.00546277	0.00225906	0.00242167	-0.00130091
HG02811	0.023544	-0.00389404	-0.00346412	-0.00403755	0.0286428	-0.0448228	-0.00468429	0.0293137	0.00743818	-0.00465493
HG02813	0.0337278	0.00241104	0.00120625	0.00123668	0.0318123	-0.052392	-0.0100111	0.00499085	-0.00819933	-0.00102687
HG02814	0.0333502	0.00328775	-0.00189386	-0.00104872	0.0362869	-0.0508931	-0.00780082	0.00790782	-0.00238315	0.00169906
HG02816	0.0321677	0.00153648	-0.00380775	9.09965e-05	0.0278983	-0.039168	-0.0109501	0.00844735	-0.0314701	-0.00832103
HG02817	0.0300695	0.00163882	-0.00206979	0.00502728	0.0145281	-0.0547933	0.0015154	0.00487977	0.0100598	-0.0186628
HG02819	0.0337795	0.00431395	-0.00183524	0.0061209	0.0183748	-0.0344326	0.00622803	0.0162932	0.00865392	-0.00703612
HG02820	0.0359374	0.0011175	0.00185023	-0.00231969	0.0250202	-0.0290828	0.00581718	0.0166142	0.00243607	-0.00317261
HG02836	0.0357202	0.00437402	0.000847722	0.00213289	0.0428206	-0.0251604	0.00526408	-0.00436681	-0.00543067	0.0013078
HG02837	0.0369582	0.00226162	-0.00366321	-0.00118055	0.0327869	-0.038832	-0.00210403	0.00410934	-0.0244293	-0.0146125
HG02839	0.0371334	0.00329103	0.00346075	0.00526167	0.0396787	-0.104829	0.0291387	0.00886221	0.0495318	0.00840425
HG02840	0.0314221	0.00176812	0.001718	-0.000286609	0.02979	-0.0425758	0.000319161	0.0148518	0.00573869	0.00869156
HG02851	0.0317779	0.00343225	-0.00420782	-0.00317647	0.0302387	-0.0382177	0.000813095	0.00918595	0.00363517	-0.00347044
HG02852	0.034596	0.00289924	-0.00633389	0.00450081	0.0322546	-0.0787232	0.0179908	0.00444323	0.00350781	-0.00347275
HG02854	0.036086	0.00104945	-0.00280529	-0.0012533	0.034431	-0.0508572	0.00605915	0.00112719	-0.00271972	0.0138739
HG02855	0.0329233	0.00448275	0.00231894	-0.0011508	0.0452245	-0.0561836	0.00173312	0.0174126	0.00396093	0.0184656
HG02860	0.0314697	-0.000114473	-0.0034516	-0.00506882	0.0192988	-0.0481097	-0.00150232	0.00919881	-0.00945886	-0.0106881
HG02861	0.0355376	0.000238091	-0.000846831	0.000974572	0.0335929	-0.0634416	-0.000535334	0.0427608	0.012804	0.00235365
HG02870	0.0324034	0.00302955	0.000178727	-0.000975638	0.0249026	-0.0471789	-0.00124342	0.0107863	-0.000981161	-0.00444579
HG02878	0.0331272	0.00364087	-0.000822202	0.00121342	0.0381074	-0.0621284	-0.00520249	0.0253053	0.00333175	-0.0154591
HG02879	0.0345671	0.00391667	0.00122885	-0.00168449	0.0269579	-0.0352396	0.0002515	0.0144895	-0.0087644	0.00329723
HG02881	0.0329781	0.00358743	0.00115387	3.01362e-05	0.0256271	-0.0648143	0.0126976	0.0258552	0.0276109	-0.0228554
HG02882	0.0356883	0.00465341	-0.00470183	0.0105669	0.0476183	-0.0769613	-0.0068734	0.0073592	-0.00470193	-0.0118595
HG02884	0.0352083	0.00500775	0.00295186	-0.00287064	0.0199613	-0.0731551	0.0391681	-0.0260502	0.0404121	0.0190921
HG02885	0.0322235	0.000207319	0.00130648	-0.000946439	0.0286319	-0.0569494	0.000727578	0.0156476	-0.001303	-0.0131608
HG02887	0.0329686	0.00140625	0.000208582	-0.00200156	0.0351445	-0.0509246	-0.00995707	0.0218958	0.00709562	0.00614449
HG02888	0.0374445	0.0042236	0.000425465	0.00346314	0.0450602	-0.0765096	-0.00277015	0.0122243	0.00644353	0.00604675
HG02890	0.0374003	0.00306953	0.000510514	0.00362783	0.027169	-0.0458156	0.00797856	0.00382554	-0.000529679	-0.00958066
HG02891	0.0326096	0.00185419	0.000891752	-0.000750658	0.0252257	-0.0509331	-0.0016874	-0.0065108	4.63814e-05	0.00496149
HG02895	0.0365223	0.00382691	-0.00220098	-0.00196626	0.028631	-0.0539302	0.00709864	0.0265672	0.00160822	-0.00932369
HG02896	0.0335676	0.00431189	0.000893072	0.00190547	0.0348101	-0.0462439	0.00451293	0.0253198	0.00107795	0.00929491
HG02922	0.0368353	0.00452367	0.000197747	-0.00308863	0.00621788	0.0544171	-0.01472	-0.00676905	-0.00362991	0.00728729
HG02923	0.0340765	0.00450113	0.00391251	0.00217682	0.00382953	0.0327549	0.0028838	5.08356e-05	-0.00114493	-0.00972457
HG02938	0.0330144	0.00268519	0.00121366	-0.0035184	0.00508428	0.0376268	-0.00867371	-0.0137165	0.00349745	-0.000104501
HG02941	0.0341128	0.00535609	0.00149997	0.000730579	-0.00275303	0.0457124	-0.0110617	-0.0102468	0.00189166	-0.00619752
HG02943	0.0341588	0.00511294	0.00126802	-0.000280924	0.00397213	0.0371003	-0.0150212	0.00638978	0.00109652	0.0141141
HG02944	0.0365362	0.00567554	0.00139682	0.00336057	0.0153047	0.0313315	0.00507211	-0.0133195	-0.005324	0.0150071
HG02946	0.03509	0.0026602	-0.0019468	0.00257096	-0.00194794	0.0397664	0.00760682	0.0201506	0.000883954	0.0111233
HG02947	0.0345863	0.00243604	0.000162876	-0.00275245	-0.00496544	0.0272892	-0.00806098	-0.000727371	0.00591837	-0.00755597
HG02952	0.0361098	0.00416551	0.0023355	0.000100986	0.0158418	0.0579549	-0.00888472	-0.0120628	-0.00207368	0.0141638
HG02953	0.0354377	0.00483628	-0.0028895	-0.00345838	0.00752685	0.0381158	-0.00658224	-0.00439097	-0.00543274	0.00414251
HG02968	0.0336176	0.00345109	0.000718947	-0.0038701	-0.00168926	0.024445	-0.00563762	-0.00355829	-0.0117343	0.00255226
HG02970	0.0340201	0.00592604	0.00516513	0.00160164	0.00358608	0.0323659	0.00848563	-0.000240022	-0.000917723	0.000863139
HG02971	0.0325791	0.00449507	0.000955465	-5.50764e-05	0.000543194	0.0208536	-0.00616963	-0.0102573	-0.00151839	0.0160981
HG02973	0.0356522	0.00362965	-0.00176086	0.00338786	0.00845052	0.0386817	0.00790085	-0.00502081	0.00679084	0.00426248
HG02974	0.0365373	0.00563444	-0.00167726	-0.00199247	-0.00116881	0.0205422	-0.00784497	-0.00862772	-0.0144683	-0.0166844
HG02976	0.0350195	0.00248145	0.000979452	-0.000604384	0.00984836	0.0556213	0.00243639	0.016741	0.0079553	0.0129535
HG02977	0.0361139	0.00514953	-0.00641673	-0.00153703	0.00617733	0.0537879	-0.0145549	-0.00766353	0.000281352	-0.00317455
HG02979	0.0343696	0.00482336	-0.00136451	0.00182478	-0.024403	0.0494342	-0.0071739	-0.00802854	0.00645005	-0.00899152
HG02981	0.032845	0.00411425	-3.87776e-06	0.000646611	0.00399889	0.0464224	-0.0129775	0.00132875	-0.0123424	0.0129005
HG02982	0.0342245	0.000633148	0.00190521	-0.00230434	0.0220795	-0.0552784	0.014713	0.033244	-0.00955725	-0.0153882
HG02983	0.0317083	0.00158584	-0.000462723	-0.00294356	0.0285132	-0.0545177	-0.00492468	0.0274787	0.000170685	-0.00364452
HG03006	-0.0128807	0.00356146	0.0377325	0.00708196	-0.000980217	0.00160354	0.000623739	-0.00362646	-0.00185409	-0.000186548
HG03007	-0.0124846	-0.0044886	0.04171	0.0133744	0.0010658	0.000624787	-0.000871759	-1.6857e-05	0.000100873	0.000764307
HG03009	-0.0109659	-0.00167941	0.0352622	0.00271956	0.000762958	0.00437655	-0.00121519	-7.686e-05	-0.0043645	-0.00187957
HG03012	-0.0119744	0.00121968	0.0381219	0.0168207	0.00017929	-0.00269168	0.00268968	0.00285332	0.0013038	-0.000584121
HG03015	-0.0110593	-0.00655474	0.0305429	0.00404851	0.00103729	0.000984437	0.0002033	0.00365458	0.000376926	-0.00098405
HG03016	-0.0101466	-0.0130622	0.0353201	0.0111146	0.00227299	0.000876492	-0.000426611	0.00275749	-0.00180186	-0.000482696
HG03018	-0.0110875	-0.00874086	0.0334501	0.00833634	0.000202292	-0.00163579	-0.00376866	-0.000637266	0.00105903	-0.000311521
HG03019	-0.0124915	-0.0108166	0.0257898	0.0080428	-0.00017478	0.00109169	-0.000506922	-0.000307885	0.000655649	0.000587612
HG03021	-0.0116243	-0.00997702	0.0310745	0.00968492	0.00132848	0.00247432	0.000769726	-0.00049091	-0.00124382	-0.00308021
HG03022	-0.0117498	-0.00743505	0.0335411	0.0138781	0.000456626	0.000476739	0.00119385	-0.00183111	-0.00232994	-0.00181008
HG03024	0.0328644	0.00285097	0.000202697	0.00169374	0.022329	-0.0215676	0.00305458	-0.00994114	0.00947695	0.0105667
HG03025	0.0336417	0.00437397	-0.000493637	-0.00123625	0.0238872	-0.071057	0.0211662	0.00869374	0.00257254	-0.0297133
HG03027	0.0339584	0.00199298	-0.00288681	0.00327497	0.0331765	-0.0765335	0.00158493	0.0144521	-0.00796805	-0.00762101
HG03028	0.0322456	0.00292991	0.00438743	-0.00236812	0.0331753	-0.0583941	-0.00715661	0.0331173	-0.0102096	-0.00974548
HG03039	0.0352851	0.00211539	-0.000617155	0.00159847	0.0242742	-0.0263418	0.0120223	-0.00455838	-0.0132035	-0.000875333
HG03040	0.0336037	0.000916817	0.000786747	0.00219488	0.0193211	-0.012676	-0.00942226	0.00624459	2.96185e-05	-0.00671085
HG03045	0.0357506	0.005913	-0.000242561	0.00560522	0.0304986	-0.0655497	-0.0115055	0.0103278	0.000412196	0.0301836
HG03046	0.0363504	0.00349158	-0.00102551	0.00219241	0.0243181	-0.0437362	0.00207842	0.00653629	-0.0155634	-0.0122381
HG03048	0.0367583	0.00450099	0.00187237	-0.000168361	0.0284119	-0.0757026	-0.0120336	0.0204402	-0.0100595	-0.0184421
HG03049	0.0342499	0.00414619	-0.00167952	0.000644198	0.0319141	-0.068942	0.000403874	0.0150329	-0.00926832	-0.0299592
HG03052	0.03866	0.00397657	0.00211246	0.00300125	0.0277793	-0.0241505	0.00687172	-0.00627538	-0.00439538	-0.0111244
HG03054	0.0344	0.00512633	0.000451464	0.00319186	0.0357099	-0.020738	0.00724217	0.00784788	-0.0203822	-0.00420964
HG03055	0.0354112	0.00493104	0.00571889	0.0033333	0.023293	-0.0217585	-0.00334844	0.00545582	0.00202485	-0.00878269
HG03057	0.0382422	0.00487351	0.00250395	0.00285996	0.0224132	-0.031526	-0.00220091	0.0109169	-0.01006	0.0038264
HG03058	0.0349371	0.00300111	0.00119858	-0.00128703	0.0218319	0.0159786	-0.0101678	0.00518528	-0.00930643	0.0119826
HG03060	0.0352203	0.00439848	-0.00372307	0.00459741	0.0260024	-0.0294544	0.0223863	-0.0352676	0.0198242	0.0420493
HG03061	0.0349819	0.00313724	0.0046794	0.00549026	0.0303371	-0.00819125	-0.00677972	-0.00604756	-0.000281734	-0.000293118
HG03063	0.0365244	0.00310504	2.71295e-05	0.00366992	0.0396066	-0.0320323	-0.0136805	-0.0048414	-0.00283531	-0.0147211
HG03064	0.0338127	0.00173706	-0.00457811	-0.00326656	0.0369907	-0.00840228	0.00327163	-0.018538	0.00300829	0.00805323
HG03066	0.0347939	0.00372714	0.00642086	-0.000236427	0.0169247	0.0245107	-0.000496822	-0.0146647	-0.00341316	0.00245681
HG03069	0.0346767	0.00372861	0.00348101	-0.0013004	0.0367807	-0.0295616	0.00855207	-0.00514488	-0.00812167	0.0124009
HG03072	0.0349629	0.00406945	-0.00198269	0.00625586	0.0268288	-0.0132259	-0.00981256	0.0025769	0.00240341	0.0106023
HG03073	0.0366611	0.00381509	0.00148903	-0.00107671	0.025627	-0.0144692	0.00447458	-0.0103411	0.0192629	0.00663672
HG03074	0.0348297	0.00425757	-0.000149377	-0.00302924	0.0321035	-0.00196794	0.00300114	0.0111334	0.012526	0.0377027
HG03077	0.0353919	0.00520839	0.001187	-0.00182554	0.0327733	-0.00938915	-0.00253395	-0.0167517	0.00822547	0.00656369
HG03078	0.0363919	0.0022676	-0.00466481	0.00112937	0.0207103	-0.0461578	-0.0234572	-0.0223636	-0.0116028	0.0113911
HG03079	0.0349031	0.00202801	0.00209593	-0.0040213	0.02913	-0.0165917	-0.0025567	0.0165952	-0.00180091	0.00838682
HG03081	0.0368024	0.00397629	-0.00133752	-0.00107539	0.0155113	-0.0230433	-0.00702495	-0.00175666	-0.00772547	0.00173667
HG03082	0.0360406	0.00359668	0.000158248	0.00411367	0.027976	-0.0231245	0.0220333	-0.000487514	0.027726	0.0410657
HG03084	0.0356802	0.00353897	0.00276081	6.22138e-05	0.0433254	-0.0303458	-0.00551428	-0.00431232	-2.9119e-05	0.0018252
HG03085	0.0364797	0.0025425	-0.000824778	-0.00174808	0.0255991	-0.00117867	0.0363671	-0.0370378	-0.00151926	0.0306603
HG03086	0.0359956	0.00592135	0.00559465	0.00313661	0.0298073	0.00224426	-0.00465966	0.00928069	-0.00969779	0.0141056
HG03088	0.0328691	0.00106485	0.0019801	-0.00323583	0.0142546	-0.0139795	0.00182793	0.00713317	-0.00685461	-0.00369168
HG03091	0.0356511	0.00350896	0.00123751	-0.00170387	0.026683	-0.0214545	0.00265027	0.00543026	0.00243023	0.0199569
HG03095	0.0386878	0.00637474	0.00081387	0.000875834	0.0470698	-0.0484814	0.000380219	0.00895372	-0.0041159	0.0125279
HG03096	0.0372313	0.00262086	0.00622914	0.00758071	0.0363077	-0.0216709	0.000829506	-0.0045895	0.0069932	-0.0170369
HG03097	0.035076	0.00587694	-0.00114778	-0.00423153	0.0362287	-0.0471113	0.0311273	0.00658629	0.030339	-0.0135548
HG03099	0.0375783	0.00410415	-0.000653357	-0.00134837	0.015076	0.0502639	-0.0117257	-0.0125303	-0.00636387	0.00442631
HG03100	0.0333616	0.00186891	-0.00184417	0.00213521	0.00205214	0.0310501	-0.00836063	-0.00335224	-0.0049601	-0.00630007
HG03103	0.034035	0.00358968	-0.000707097	0.000623151	0.00289167	0.0482939	0.00253532	-0.0211482	-0.0157463	0.00501434
HG03105	0.0329029	0.00557255	-0.0026426	-0.000913813	-0.00245959	0.0714333	-0.0138633	0.00539518	0.000851652	0.0180896
HG03108	0.0352929	0.00278993	-0.00224963	0.000284211	0.013058	0.0331867	-0.0155838	0.00225827	-0.00412904	0.0180154
HG03109	0.0357565	0.00498594	0.00374536	-0.00558053	0.00402298	0.0213742	0.0148305	-0.0386596	0.0152001	0.00967582
HG03111	0.0348384	0.00589443	0.00295375	0.00266369	0.00683839	0.054765	0.00357237	-0.0168041	-0.0108944	0.00162904
HG03112	0.038408	0.00230739	0.00516148	0.00392428	0.00819575	0.0495829	-0.00581828	-0.020926	-0.00627283	-0.022375
HG03114	0.0364808	0.00151546	-0.00056593	0.00278676	0.00320946	0.0220426	-0.00432371	-0.00699442	-0.00815791	-0.0152506
HG03115	0.0356724	0.00559497	0.00740514	0.000341199	0.0108983	0.0489772	-0.0025007	-0.0135393	0.00232401	0.00701791
HG03117	0.0367361	0.0051554	0.00215181	0.00213481	0.00305141	0.0395942	0.0125356	-0.030507	0.0353289	-0.00373964
HG03118	0.0343312	0.00279698	0.000344857	-0.00114136	0.00640284	0.0221176	-0.00427745	-0.0124737	0.0103089	0.0161555
HG03120	0.0365122	0.00696949	0.000759062	-6.97177e-05	-0.00107485	0.0307017	0.00953977	-0.0363606	0.0250087	0.0127266
HG03121	0.0346015	0.00377182	0.00685606	0.00130898	0.00716902	0.0539396	-0.00515907	-0.00413253	0.000619842	-0.000175298
HG03123	0.0352305	0.00467351	-0.000880514	-0.000153867	-0.00212124	0.0582275	-0.00578464	-0.00989631	-0.00438379	0.00414799
HG03124	0.0340738	0.00366298	0.00190448	-0.00164646	0.00217426	0.0508374	-0.00852089	-0.00640859	0.00703605	0.00649414
HG03126	0.0348312	0.00343035	0.00067757	-0.00126235	0.00984132	0.035387	-0.00355638	0.0138345	0.000681482	0.0162543
HG03127	0.0367895	0.0025785	-0.00385407	-0.000950226	0.013185	0.032191	0.0108718	-0.010981	0.00199631	0.013378
HG03129	0.0333099	0.00209858	0.00136604	-0.00119653	0.0104651	0.0590589	-0.0145043	-0.00603369	-0.000636987	0.00821174
HG03130	0.0364766	0.00469843	0.00114129	-0.00248081	0.0208278	0.0391538	-0.000658709	0.0103699	-0.00683331	0.0113421
HG03132	0.0374092	0.00538527	0.00135173	-0.00299698	0.00273387	0.0489558	-0.00744744	-0.0186525	-0.00925805	0.00621022
HG03133	0.0345737	0.00288654	0.000297485	0.00223513	0.0126775	0.0343835	0.00210822	-0.00799453	-0.0139437	0.0115374
HG03135	0.0349631	0.00606624	-0.00320897	-0.000154109	0.00143448	0.0429582	-0.00794747	-0.0201322	-0.00736479	-0.0112993
HG03136	0.0343088	0.00453217	0.0037988	-0.000572959	0.00762098	0.0650779	0.00529782	-0.0111566	0.00956561	0.0164851
HG03139	0.0339948	0.00111187	0.000398583	-0.00478637	-2.24853e-05	0.0396527	0.00693021	-0.0209502	-0.00150005	0.00258054
HG03157	0.0359265	0.0060785	0.00260461	5.04046e-05	-0.0111019	0.0469626	0.00835222	0.00264362	0.0201931	0.0141562
HG03159	0.0354422	0.00358221	0.0011526	-0.00213312	0.00314806	0.0302691	0.000253062	-0.016594	-0.00865159	-0.00421037
HG03160	0.0357876	0.00539346	0.00168843	-0.000657238	0.000403143	0.0281147	0.0112161	-0.0035756	0.0134741	0.00534249
HG03162	0.0327249	0.0025025	0.00337665	-0.0034985	0.000990646	0.0356905	-0.00106977	-0.0115999	-0.00502541	0.00496175
HG03163	0.0332932	-0.000107025	-0.0011606	-0.00848795	0.00498996	0.0508097	-0.00799688	-0.0140406	-0.0115634	-0.000899497
HG03166	0.0361896	0.00427944	0.000542559	-0.00286927	0.00811839	0.0420292	-0.00201832	-0.00967634	-0.00566219	0.00823869
HG03168	0.0342603	0.00290836	-0.000487533	-0.00593055	0.002391	0.0513544	-0.00863336	-0.00765884	-0.0138692	0.00415724
HG03169	0.0343487	0.0025754	1.37259e-05	-0.00711547	-0.00186804	0.0463159	-0.0116986	-0.00575455	-0.010851	0.00830093
HG03172	0.035205	0.00361625	-0.00158638	-0.000509955	0.00543907	0.0357683	-0.0040971	-0.0144329	0.00428252	0.0141899
HG03175	0.0368349	0.00405611	-0.00126154	-0.000673402	0.0172995	0.0626527	-0.00429193	-0.0204907	-0.0117095	0.0118341
HG03189	0.0358879	0.00376429	0.00360496	0.0030478	-0.00624604	0.0234493	-0.004177	-0.0118783	-0.00693496	-0.00543601
HG03190	0.0373285	0.00576622	0.000786102	-0.000143574	0.00141903	0.0414844	-0.00777622	0.00421665	-0.0112831	0.00145126
HG03193	0.0335957	0.00416241	-0.00107905	0.000542909	-0.000479159	0.0352709	-0.0107708	-0.0057895	-0.00135188	-0.000877837
HG03195	0.034467	0.0052451	-0.000792232	-0.000478027	-0.00493054	0.047679	-0.00260152	0.00142713	-0.0159424	-0.0053905
HG03196	0.0377547	0.00402672	-0.000771641	0.00215767	0.00448543	0.0352222	0.0137112	-0.0139415	-0.00987395	-0.00895929
HG03198	0.0344913	0.00356457	-0.000903069	-0.00481441	0.00374879	0.0602835	-0.000553617	-0.0080015	-0.0124607	0.0023659
HG03199	0.0373736	0.00436548	0.000485003	0.00183422	0.00114793	0.0600333	-0.0044054	-0.00533109	0.00581007	-0.00856841
HG03202	0.0325543	0.00465071	0.00281411	-0.00183201	-0.00930371	0.0560066	-0.00881428	-0.0166001	0.0124926	0.0148822
HG03209	0.0359592	0.00365248	-0.00132682	0.00664649	0.034562	-0.0228354	0.0318589	-0.0376086	0.0326833	0.0191452
HG03212	0.0389581	0.00378993	0.000698416	0.00234546	0.0471934	-0.0253754	-0.00704316	0.0323225	0.00613838	0.027154
HG03224	0.0352659	0.00234628	0.00209709	-0.00116271	0.0264818	-0.0216868	-0.000775753	0.00325855	-0.000136273	0.00968054
HG03225	0.0334612	0.00233146	0.00218744	-0.00188687	0.0309196	-0.0192333	0.00709697	-0.00447911	0.00127531	0.00708361
HG03228	-0.0111067	-0.0100793	0.0397677	0.00528626	-0.00208937	0.00250334	0.00134466	-0.00350365	-1.92515e-05	0.00225605
HG03229	-0.0121387	-0.00249526	0.0447537	0.00635525	-0.00138909	0.000576126	0.00309926	-0.00250407	-0.00101368	0.00125302
HG03234	-0.0107272	-0.0155995	0.0184742	0.0151869	0.000588788	-0.00130223	0.00179115	0.00175237	0.000180386	-0.00188029
HG03235	-0.010361	-0.00660634	0.0314986	-0.00257826	-0.000709359	-0.0013297	-0.000602051	-0.000881029	4.12484e-05	-0.00463492
HG03237	-0.0111652	-0.0106493	0.0255474	-0.00289308	0.00130163	-0.00339255	0.0013354	-0.00047918	-0.0017452	-0.00239892
HG03238	-0.010524	-0.00968088	0.0260717	-0.00303305	0.000391793	-0.00288865	-0.00229539	-0.000651027	0.000546799	-0.000260268
HG03240	0.036428	0.00395561	-0.000642511	-0.00123101	0.0349279	-0.0330414	0.000154051	-0.00055515	0.00189107	-0.0140144
HG03241	0.0333411	0.00405495	0.00440475	0.00672416	0.0417507	-0.0589191	0.00351176	0.0187674	0.00505609	0.00631493
HG03246	0.036262	0.00307641	0.0020338	0.00202247	0.0276067	-0.0974905	-0.00596937	0.0314555	-0.000836045	0.00391797
HG03247	0.0361639	0.00453256	0.00122638	0.00466087	0.0341709	-0.0592463	0.00469207	0.0241721	-0.01011	-0.0162441
HG03258	0.033936	0.00341635	0.00491419	-0.000270164	0.0342068	-0.0658484	0.0032309	0.0213911	0.00125974	-0.0125194
HG03259	0.0358729	0.00402776	-0.000779779	0.00294008	0.0352271	-0.060981	0.000386789	0.00972092	-0.00890136	-0.00396004
HG03265	0.0358996	0.0042814	5.93369e-07	-0.00469368	0.0163087	0.0682976	-0.00350012	-0.000858424	-0.00825159	0.0136323
HG03267	0.0351551	0.00429961	-0.000910621	-0.0023268	0.0152427	0.0266958	0.00129132	-0.0156528	0.00419642	0.000418653
HG03268	0.0357438	0.00460074	0.00304909	-0.000583703	0.00506981	0.0331822	-0.0011261	-0.0255844	0.0146599	0.00562382
HG03270	0.0370297	0.0062484	-0.00128917	-0.000407217	-0.000974265	0.0525498	-0.00597816	-0.0216621	-0.00582911	0.00991154
HG03271	0.0331297	0.00200406	-0.00289645	-0.00436221	-0.00449953	0.0556142	-0.0145913	-0.0107728	0.00119696	0.00947032
HG03279	0.0337667	0.00397505	-0.000259969	-0.00297218	0.00448007	0.0491712	-0.0195145	-0.000461174	0.0066837	0.0179088
HG03280	0.0347381	0.00520412	-2.03839e-05	-0.00195207	0.00845798	0.0420733	-0.00813888	-0.0146852	-0.0126371	-0.00363572
HG03291	0.0353324	0.00429595	-0.00228725	-0.000954131	0.00989174	0.0416435	-0.0123576	-0.00181953	-0.00849304	0.0109619
HG03294	0.0364611	0.00347257	0.000336821	-0.00186007	-0.00125049	0.0222584	0.00441308	-0.000208047	-0.0023102	-0.00326817
HG03295	0.0364387	0.00212419	-0.00208436	2.06555e-07	0.0106876	0.0289493	-0.000835856	-0.014468	0.00425449	0.0187048
HG03297	0.0355633	0.00585683	0.00395222	-0.000407857	4.24002e-05	0.0444833	-0.00585532	-0.0186811	0.00950798	0.00538069
HG03298	0.0344741	0.00321532	-0.0034841	-0.0031487	0.00534605	0.0290662	-0.00662961	-0.000347872	-0.00410444	0.00174623
HG03300	0.033957	0.00521012	0.00327837	-0.000173662	0.00126536	0.0309262	-0.00511806	-0.0066305	-0.00980452	0.000790001
HG03301	0.0375652	0.00235663	0.00217686	-0.00251116	-0.00232816	0.0351792	-0.00341371	-0.00983057	-0.0122406	-0.00404867
HG03303	0.0375771	0.00605473	0.00340521	0.00316532	0.0149467	0.0317866	0.00711932	-0.0145474	0.00342452	0.00173654
HG03304	0.0384419	0.0036101	0.00278689	0.00140239	0.00909721	0.0242778	-0.014719	-0.00948877	-0.0123745	-0.00831475
HG03311	0.0347267	0.00314046	0.000631153	0.00333957	0.00300337	0.00964366	0.00278766	-0.00911499	0.00180344	-0.00444704
HG03313	0.0357124	0.0025021	0.000434187	0.00189248	0.0037631	0.037673	0.00217838	-0.00695124	-0.00802821	-0.0125741
HG03342	0.0349502	0.00283002	0.00282298	-0.0034818	0.00944174	0.0222935	-0.00540196	-0.0167646	-2.14571e-06	0.0158009
HG03343	0.0323514	0.00354153	-0.00113033	-0.000143583	0.0049113	0.031675	-0.0072448	-0.0119846	0.00109687	0.00210824
HG03351	0.0371381	0.00419167	0.00221321	-0.00208122	0.00111953	0.0454663	0.000786438	-0.0043842	0.00127755	0.00493862
HG03352	0.0334881	0.00503124	-0.000928737	0.000835892	0.000869895	0.0473152	-0.00869764	0.00358638	-0.00580179	0.00603239
HG03354	0.0360153	0.00437877	0.000802387	0.00410977	0.00965395	0.0189079	-0.0144657	0.00803324	0.00903565	0.0116643
HG03363	0.0350231	0.00620299	-0.00116804	0.000468596	-0.0145818	0.0259342	-0.00495344	-0.0144952	-0.00606792	-0.0119359
HG03366	0.0352611	0.00307568	-0.00348762	0.00116233	-0.00439887	0.0415221	-0.0021128	-0.0115328	-0.00886401	-0.000551265
HG03367	0.0343203	0.00266959	9.56355e-05	0.00143444	0.00907172	0.0383923	-0.00589806	-0.0131071	-0.000339899	0.00196857
HG03369	0.0387552	0.00444912	0.00212596	0.00364223	-0.00488804	0.0206436	0.00347315	0.00274727	0.00384905	-0.0170035
HG03370	0.0344817	0.00392114	0.00191341	0.00409983	0.00288238	0.033176	-0.00892955	-0.0355757	0.0126607	0.0139411
HG03372	0.0356894	0.00390441	0.00310461	0.00547335	-0.000350169	0.0172824	-0.00489459	-0.0044892	0.006551	0.00437076
HG03376	0.0370247	0.00371953	0.00315787	0.0025821	0.0269881	-0.000126769	-0.00976965	-0.00768765	0.0060684	0.0108082
HG03378	0.0365214	0.00262613	0.00448735	0.000487057	0.0334125	-0.0165244	-0.000482005	0.0164897	0.0090458	0.00708357
HG03380	0.0352804	0.00289269	0.00192565	0.00325754	0.0199477	-0.000692747	-0.0128297	-0.0048678	-0.00747644	0.0024042
HG03382	0.0362232	0.00358499	0.00302945	0.00247059	0.0374613	-0.0247742	0.00323158	0.0012965	0.00127659	0.0116736
HG03385	0.0361198	0.00560368	-0.00287516	-8.43037e-06	0.0176402	-0.0350771	0.0302669	-0.0164474	0.0255819	-0.00947911
HG03388	0.0339174	0.00286609	-0.00564615	-0.0011187	0.0221418	-0.0216986	-0.00134266	0.0159126	-0.00667845	-0.00438366
HG03391	0.0373302	0.00356628	0.00119494	-0.000886958	0.038037	-0.00951031	-0.0196464	-0.00275472	0.00501019	0.0245417
HG03394	0.0345538	0.00562623	-0.00304775	0.00563782	0.0242882	-0.0028669	-0.00643941	-0.0146228	-0.0154323	0.0141776
HG03397	0.0339346	0.00330011	0.00312663	0.00162515	0.0375164	-0.022977	0.00350551	0.0092876	0.0021368	-0.00584591
HG03401	0.0346473	0.00505377	-0.00293512	0.0026626	0.0242657	-0.0563823	-0.0237137	0.0161027	0.0116193	0.00920492
HG03410	0.0344908	0.00430397	0.0039233	0.00187174	0.0279256	-0.00985969	-0.00926032	0.00641624	-0.00419915	-0.00906685
HG03419	0.0315345	0.00248063	-0.00114456	0.00183703	0.0270536	-0.00896438	0.00446317	-0.0142829	0.00979385	0.00567196
HG03428	0.0370617	0.00148616	-0.00265774	0.00169448	0.0306374	-0.0178562	0.0112816	-0.0048494	0.00630557	0.000952642
HG03432	0.0366131	0.00759921	0.000475397	0.0111296	0.037706	-0.0369502	0.0226662	-0.00934331	0.00866643	-0.00415868
HG03433	0.0371143	0.00654784	-0.000176182	0.00389806	0.0387721	-0.0312974	-0.00372624	-0.0137443	-0.00411767	0.00988672
HG03436	0.0351715	0.00295605	-0.000966893	-0.00299413	0.0208215	0.0128434	-0.0109443	-0.0102644	-0.00560896	0.00141572
HG03437	0.0352651	0.00186395	0.000116724	0.000961013	0.0262894	-0.03531	0.000207807	-0.0110884	0.00708806	-0.02935
HG03439	0.0366745	0.00649019	0.00504498	0.000776795	0.0393083	0.00221682	-0.00926919	-0.0245712	-0.00192031	0.000630054
HG03442	0.0378867	0.0060891	0.000114485	-0.00152817	0.0288006	-0.0116848	-0.0095401	-0.00599125	-0.0109567	-0.00640992
HG03445	0.0360299	0.00467727	0.0028827	0.00347878	0.0225301	-0.00654652	-0.00744186	-0.00339983	-0.00290473	0.00130211
HG03446	0.0385005	0.00472978	0.000932607	-0.00320354	0.0209848	-0.0529824	0.031523	0.0195142	0.027268	-0.0314106
HG03449	0.0355399	0.00721408	0.000867809	0.00266684	0.0341517	-0.0338308	-0.0091025	0.0164909	-0.00696892	-0.00192583
HG03451	0.0358225	0.004132	0.000850144	0.00208653	0.0199283	0.00419912	0.00926631	-0.00276468	0.0111499	0.00741265
HG03452	0.0363972	0.00496207	-0.00272118	0.00337385	0.0279139	-0.0261816	0.0117374	-0.0117607	-0.0133382	-0.00322565
HG03455	0.0371372	0.00589589	0.00348975	-0.00116944	0.0288853	-0.0258791	0.0137263	0.00743169	0.00354098	-0.00745924
HG03457	0.034656	0.00474607	2.13374e-05	-0.00260807	0.0205237	-0.0393694	0.0221216	-0.0254205	0.0233924	0.00856556
HG03458	0.0381318	0.0054218	0.00347464	-0.00138638	0.0212053	-0.00949634	0.0089734	-0.0118505	-0.00209543	0.00119447
HG03460	0.0371363	0.00252687	0.00422262	-0.00192337	0.0326432	-0.0328611	0.0033309	0.0102529	-0.00525054	0.00113058
HG03461	0.0365209	0.00251014	0.00126567	-0.00321334	0.028562	-0.0422211	-0.0110409	0.00881486	-0.00533758	-0.00642426
HG03464	0.0355272	0.0028159	0.00217895	-0.000165803	0.0352605	-0.0323248	0.00124737	0.0123055	-0.000827234	0.0127686
HG03469	0.0377874	0.00344337	0.000481183	-0.00231414	0.03301	-0.0410752	0.0224776	0.0253766	0.00383149	-0.00993434
HG03470	0.0379167	0.00314493	0.00275365	0.00514888	0.0320821	-0.020354	0.00760408	-0.0225092	-0.0068898	0.0125669
HG03472	0.0342662	0.00347609	-0.000520148	-0.00310985	0.026006	-0.0474301	0.00100144	0.00458755	-0.00434998	-0.00655637
HG03473	0.0350563	0.00392057	-0.00300703	-0.00370802	0.0247325	-0.0248735	-0.00478959	-0.00750669	-0.00742195	0.016039
HG03476	0.0368778	0.00407444	0.0030904	-0.000861349	0.0382768	-0.00400049	-0.00215124	-0.000141104	-0.014023	0.00691093
HG03478	0.0375944	0.0023442	0.00251364	-0.00442092	0.0279997	-0.0357253	0.00152636	0.00310982	-0.0102646	-0.00401917
HG03479	0.0358177	0.00438223	0.000222057	0.0019369	0.0276795	-0.0166969	-3.12279e-05	0.00452762	0.000722223	0.0128628
HG03484	0.0337173	0.00336531	0.00142001	0.00205575	0.0277444	-0.0159822	-0.00252425	0.0140521	0.00155471	0.0170446
HG03485	0.0350361	0.00472685	-0.00228738	0.00106287	0.0421764	-0.0164106	0.000507649	0.00635684	-0.00472496	-0.00910078
HG03488	-0.0106258	-0.0116282	0.0300572	0.000195415	0.000942148	0.000856965	-4.8659e-05	-0.000756624	-0.000207666	0.000106712
HG03490	-0.011446	-0.0135922	0.0146732	0.0164009	0.000629978	0.00423483	-0.00238166	0.000123282	0.00011935	-0.00102476
HG03491	-0.0113631	-0.00824196	0.0300917	0.0197987	-0.00141358	0.00190553	0.0028044	-0.000981365	-0.000692877	0.000231001
HG03499	0.0348874	0.00491759	-0.00291311	0.00241635	0.00841034	0.040557	-0.00580033	-0.0166056	0.0115675	0.0158134
HG03511	0.0358421	0.00327522	0.00224051	0.0010158	0.0051996	0.0565494	-0.00215303	-0.0180744	-0.0127936	-0.00661146
HG03514	0.0341531	0.00170659	-0.00040788	0.000593347	0.00707069	0.0457021	0.0028762	-0.00475927	-0.00396345	0.0134932
HG03515	0.0350158	0.0043709	0.00489195	0.00494347	0.000303976	0.0361808	-0.00482	-0.00191266	0.00146724	0.0137709
HG03517	0.036131	0.00342663	0.00125416	0.00116128	0.0142084	0.0500181	0.00139614	0.0111108	0.00510183	0.00635415
HG03518	0.033397	0.00427945	-0.000612556	0.00191416	-0.00617951	0.0401908	-0.00638139	-0.0127409	0.00118159	-0.0123197
HG03520	0.0364057	0.00342668	0.00265982	-1.99509e-05	0.00349941	0.0579513	-0.0104804	-0.0241038	-0.00700175	-0.00572015
HG03521	0.0369147	0.00240402	-0.000899437	0.00490881	0.00979128	0.0132705	-0.00226864	-0.00240292	-0.00290541	-0.00405742
HG03538	0.0337698	0.00342276	0.0010044	-0.00159751	0.0254476	-0.0731199	0.0152738	0.0157666	0.015143	-0.0394314
HG03539	0.0335355	0.00297517	0.000905176	0.00201977	0.031738	-0.0675163	-9.64015e-05	0.0187831	-0.00568019	-0.00576853
HG03547	0.0331346	0.00252315	0.00141246	-0.00614407	0.0302034	-0.00258967	-0.00883761	0.0048717	-0.012257	0.0108669
HG03548	0.0394173	0.0079484	-0.00190637	0.000269509	0.0408786	0.00299867	0.0101124	0.0137493	-0.000816013	0.012869
HG03556	0.0345216	0.00289226	-0.000126188	-0.000139532	0.0157645	-0.021244	0.00547353	0.0113049	0.0170872	0.00688523
HG03557	0.0359909	0.00196805	0.00309477	-0.00235857	0.0257163	0.00037949	0.00465882	0.00299841	-0.00553396	0.00492345
HG03558	0.0341988	0.0043162	-0.000527159	0.00246497	0.0303696	-0.0129111	0.00609977	-0.00874686	0.00890433	0.0144865
HG03559	0.0390881	0.00410081	0.000261452	0.000322711	0.0311821	-0.00504915	-0.00113533	-0.0139137	-0.000195568	0.00373005
HG03563	0.0359582	0.00485608	0.00257606	0.00164086	0.0204452	-0.0227806	0.00259253	0.00870584	0.00657751	0.00303035
HG03565	0.0358561	0.00307155	2.58715e-05	0.00256305	0.0328898	-0.0230795	-0.00631493	0.0223476	0.0197526	0.0125175
HG03567	0.0343892	0.00474307	0.00162187	0.00295482	0.0167701	0.00422538	-0.00285115	-0.0123722	1.49255e-05	0.00857341
HG03571	0.0333078	0.00480613	0.00153895	0.00437392	0.0187008	0.00569119	-0.00495264	-0.0022521	0.00864614	0.0130502
HG03572	0.0348771	0.00288764	-0.00357527	-0.00176201	0.0124744	-0.0134295	0.00691001	-0.0144109	-0.0161825	0.0122179
HG03575	0.035954	0.00334577	0.000732541	-0.000549208	0.0355079	-0.0354037	-0.00559362	-0.00122331	0.0114849	0.0225907
HG03577	0.0358352	0.0025657	0.00351887	-0.0018628	0.0253985	-0.0262451	0.00836232	-0.00116328	0.00592697	0.0161898
HG03578	0.036052	0.00215309	-0.000140066	-0.00331357	0.00300182	0.00419263	-0.00722472	-0.0094651	0.00285604	0.0120237
HG03583	0.0357288	0.00555179	-0.00211792	-0.00086344	0.0288972	0.00199663	0.00368391	0.00831764	-0.00099819	0.00700828
HG03585	-0.0119036	-0.0107022	0.0261062	0.0140736	-7.2069e-07	0.00379826	-0.00113245	-0.00201583	-0.00294593	-0.000667071
HG03589	-0.0122144	-0.00324396	0.0375957	0.012103	0.000293382	-0.00158544	0.000845394	0.0029899	0.00252422	-0.000829173
HG03593	-0.0130784	-0.00343429	0.0348886	0.00895578	2.69477e-05	-0.00214722	-8.09658e-05	0.000882402	3.2087e-05	0.00018929
HG03594	-0.011608	-0.0093737	0.0387927	0.00521237	0.0015404	0.00283971	-0.00310488	0.000958556	2.71779e-05	-0.000125199
HG03595	-0.010598	-4.32111e-05	0.0377281	0.00525679	0.00173711	0.00231097	-0.00532774	0.00110105	-0.00169364	0.00255342
HG03598	-0.0121868	-0.00606241	0.0326423	0.0100491	-0.00244614	-0.0020402	0.00117327	-0.000429197	0.000210749	0.00398164
HG03600	-0.0112211	-0.00802365	0.0566615	0.0143505	0.000647975	-0.00268695	-0.00302341	-0.00114979	0.00161305	-0.00102502
HG03603	-0.0119806	-0.00243773	0.0467147	0.0107607	0.000723968	0.00254409	-0.00220137	-0.00101969	-0.000105245	0.00237938
HG03604	-0.0119421	-6.15854e-05	0.027107	0.00162315	0.00269424	-0.000962199	-0.000551972	-0.000932559	0.000430402	0.000937959
HG03607	-0.0112034	-0.000343306	0.0342382	0.00816619	0.000599053	-0.00185968	0.000809728	-0.00283347	-0.00167603	9.5247e-05
HG03611	-0.0115941	-0.00583603	0.0430447	0.0225917	0.000331027	0.000313585	-0.00152938	0.000477225	-0.00199131	-0.00143465
HG03615	-0.0110719	-0.00521601	0.0339557	0.0123475	0.000762244	-0.00181894	0.00155752	0.00157756	0.000593405	-0.00202373
HG03616	-0.0129983	0.00145759	0.0302198	0.00289536	-0.00107297	-0.0013279	-0.000904231	-0.000949703	-0.00190439	0.00149868
HG03619	-0.00961391	-0.0196895	0.0268147	-0.00693166	0.00127412	0.00169923	-0.00081508	0.00150427	0.00304472	0.000844669
HG03624	-0.011264	-0.0129153	0.0295196	0.0067247	-0.000710969	0.000640081	0.000307876	0.00190075	0.00225036	-0.00272082
HG03625	-0.010449	-0.0133279	0.0224051	0.0106552	6.41664e-06	-0.000627426	0.00174866	-0.00152201	0.00061291	-0.00134509
HG03629	-0.0116729	-0.00676467	0.0323434	0.0110894	0.00108012	0.000413911	0.000264111	-0.000468032	-0.00298305	-0.000187849
HG03631	-0.0108809	-0.0119176	0.0135292	0.0143784	0.00123224	0.00319298	0.00213984	0.00318957	-0.000361162	-0.00199266
HG03634	-0.0117091	-0.00693607	0.029596	0.00833528	-0.000177537	0.00169577	-9.09192e-05	-0.00154653	-0.00101648	0.000944584
HG03636	-0.0118978	-0.0120614	0.0191415	0.0133999	-0.000183485	0.0026239	0.00169961	-0.00189532	-0.00120927	-0.00487553
HG03640	-0.0118499	-0.00130494	0.0436804	0.00252094	0.00162127	-0.00273132	-0.00274478	4.90328e-05	-0.00150172	0.00166188
HG03642	-0.0112063	1.11227e-05	0.0464234	0.0111361	0.000330961	-0.000365494	-0.00126157	-0.00155375	-0.000645902	0.00104216
HG03643	-0.0122244	-0.00646168	0.0460939	0.0280252	0.000793868	-0.000307217	0.000266327	-0.00125255	-0.00117306	-0.000129545
HG03644	-0.0112324	-0.00460518	0.0530907	0.0197623	-0.000221821	0.00334856	-0.00240516	-0.00245821	-0.00105614	0.0027502
HG03645	-0.0105413	-0.00854573	0.0369173	0.0106889	-0.00192254	0.00204809	-0.000167889	-0.00144925	0.000406848	0.00227263
HG03646	-0.0114388	-0.00136807	0.0451753	0.00765799	-0.00111376	-1.57573e-05	0.000996915	-3.10001e-05	-0.000304585	0.000502883
HG03649	-0.0111712	-0.00995644	0.0254402	0.0100713	0.000614238	-0.00024629	-0.000642634	0.000645795	-0.000299937	-0.000567043
HG03652	-0.0106372	-0.00669418	0.0348457	0.0119442	-0.00209859	3.86582e-05	0.00294773	-0.00314963	-0.00303971	0.000454946
HG03653	-0.0104636	-0.00757317	0.0313388	0.0136983	0.0009453	-0.000323766	0.000960463	0.00230131	0.00117606	-0.00276862
HG03660	-0.0102566	-0.0072143	0.0327795	0.00514062	0.000503975	-0.00162754	-0.000216088	-0.00120694	0.0016089	-0.000781205
HG03663	-0.012008	-0.00457213	0.0465479	0.00697338	0.00176982	0.00024993	-0.00171454	0.00023611	0.00326276	0.000636063
HG03667	-0.0114914	-0.00349703	0.0369241	0.00510053	0.00188137	-0.000491308	0.00158694	0.00149997	0.000791862	-0.00140163
HG03668	-0.0106994	-0.00927928	0.0267442	0.0148916	-0.00105579	0.0024641	0.00224572	0.000292286	0.00168916	0.00149969
HG03672	-0.0109072	-0.00348432	0.0378975	0.0167185	-0.000405563	0.00141899	-0.000831577	0.00197919	0.000578245	-0.00423386
HG03673	-0.0106199	-0.00889622	0.0454674	0.0273278	0.00094272	0.0025603	0.00215157	-0.00589247	-0.00344522	-0.00142374
HG03679	-0.010341	-0.00721618	0.0412343	5.07774e-05	0.000417109	-0.00473435	-0.00200305	0.00076678	-0.000764547	-0.000307862
HG03680	-0.011897	-0.00467334	0.0392011	0.0151881	0.000678162	1.59715e-05	-0.00419626	0.00143819	0.00144404	0.00396859
HG03681	-0.0112843	-0.0085483	0.05139	0.0218339	0.00174408	0.00357381	-0.00130878	4.13923e-05	-0.00337952	0.00166221
HG03684	-0.011105	-0.00439131	0.0574955	0.00905884	0.000159667	0.00305565	-0.00208908	0.00283471	0.000742725	-0.00050365
HG03685	-0.0112136	-0.012134	0.0343216	0.0183812	0.000879852	-0.00277117	-0.000160059	-0.000758748	-0.00126383	-0.00114706
HG03686	-0.0104356	-0.00351098	0.0311267	0.0103284	-3.73013e-06	0.000770625	0.000384579	-0.00279362	-0.00194236	-0.00150523
HG03687	-0.0123205	-0.00394238	0.0421801	0.0162085	0.000909412	0.00117961	-0.00135699	-0.00237979	-0.00169415	0.000556465
HG03689	-0.0113133	-0.00609948	0.0373611	0.0109643	0.000276994	0.000492233	0.00122337	0.000425306	-0.000498135	-0.00313078
HG03690	-0.0114932	-0.0107125	0.0297508	0.0117146	-0.00107327	-0.000283742	-0.000743831	0.00157406	0.00298731	0.00087241
HG03691	-0.0117764	-0.00679748	0.0360556	0.0101892	-0.000234274	0.00198126	-0.00114344	-0.00114505	0.000492941	0.00111687
HG03692	-0.0119244	0.00246829	0.0454218	0.00443747	0.00115081	-0.00054907	0.00022722	0.00217209	-0.0013734	-0.00199537
HG03693	-0.0117335	-0.00415062	0.0502522	0.0177444	0.00264007	-0.00205089	0.00313964	0.000410761	-2.91534e-06	0.000770194
HG03694	-0.0115406	-0.00964229	0.0235278	-0.00142846	0.000530152	-0.00534569	-0.00304694	-0.000275983	-7.17174e-05	0.00171896
HG03695	-0.0116548	-0.0107522	0.0348938	0.0144704	-0.00307691	-0.00098576	-0.000276615	0.000502215	-0.000409352	-0.00157999
HG03696	-0.013172	-0.00235725	0.0343424	0.0211227	0.000288451	0.00258476	0.000783999	0.00173506	-0.000846632	-0.00252573
HG03697	-0.0125638	-0.0053539	0.0317791	0.0220398	0.000122791	-0.000388868	0.0013381	-0.00167847	0.000200533	-0.00143721
HG03698	-0.0105899	-0.00319086	0.0478652	0.0114635	-4.304e-05	-0.00372633	-0.00152752	-0.000389522	0.000709476	0.000536092
HG03702	-0.011137	-0.0075214	0.0445083	0.00676452	-0.000348801	-0.00275895	-0.00168539	-0.00189303	-0.00162392	0.00565835
HG03703	-0.0117442	-0.00491607	0.0382002	0.0120079	0.000486501	0.00265766	-0.000460389	-0.00326676	0.000624245	-0.00298233
HG03705	-0.0116765	-0.00796635	0.0369748	0.00331173	0.00157424	0.000642168	-0.00286167	-0.000985628	0.000184931	-0.00138971
HG03706	-0.010484	-0.00317348	0.0317547	0.00283841	0.00205001	0.000116638	-0.00109372	-0.0004752	-0.00199275	-0.000947474
HG03708	-0.0109866	-0.00760722	0.0354226	0.0244224	-0.00103353	0.000943519	0.00106064	-0.00119139	-0.000439459	-0.00214811
HG03709	-0.0126356	0.000172021	0.0376178	0.013108	-0.000261991	-0.00467487	0.00213362	-0.00349045	0.00257393	0.00184283
HG03711	-0.0109848	-0.00894701	0.0496296	0.0205152	0.000782627	0.00289832	0.00280997	-0.00138614	-0.000965909	-0.0040212
HG03713	-0.0112944	-0.0103962	0.0361066	0.0186271	-0.0012658	-0.000483132	0.00252921	-0.00238156	0.00263043	-0.00116083
HG03714	-0.0118379	-0.0107885	0.0208686	0.0196854	-0.00089636	0.00146916	0.00251205	0.000331464	-0.00200383	-0.00368682
HG03716	-0.0120004	-0.00863135	0.0304815	0.0135738	-0.0013537	0.00193555	0.00072724	-0.00295823	-0.00176483	-0.00278014
HG03717	-0.0119774	-0.0082187	0.037794	0.0148997	4.80317e-05	-0.00103656	0.00232439	0.00454075	0.00179572	-0.00118761
HG03718	-0.0123761	-0.0079868	0.0439128	0.00758143	6.29856e-05	-0.00234761	-0.000453077	-0.00167716	0.00242307	0.0008772
HG03720	-0.0116831	-0.00686526	0.0447654	0.0152513	0.00152096	-0.000545856	0.0040405	0.00248073	-0.00182863	-0.0011785
HG03722	-0.01156	-0.00264968	0.0402873	0.021227	0.00252424	0.00326862	0.000587913	-0.00242838	0.000739808	-0.00104048
HG03727	-0.0116501	-0.0121502	0.034977	0.0177722	-0.00112828	-0.00176335	-0.00231482	-0.00201939	-0.00297974	4.91899e-06
HG03729	-0.0107591	-0.00473759	0.0344303	0.00956568	-0.000313915	-0.000254662	0.000935337	0.00183609	0.00187449	-0.000471301
HG03730	-0.0113616	-0.00206096	0.0373846	0.00763939	-0.000402385	-0.00219199	0.000213033	-0.00111782	0.000940806	-0.00137653
HG03731	-0.0121697	-0.00679126	0.0484701	0.0116771	0.00242908	0.00229737	-0.00154308	-0.000605349	-0.000684286	0.000723641
HG03733	-0.0112331	-0.0088336	0.0394362	0.00726292	0.00153543	0.001873	-0.00149325	0.00102362	0.00126338	-0.000266429
HG03736	-0.0109817	-0.0111839	0.0296091	0.00170925	0.00225036	-0.00178213	-0.000700409	0.00051445	0.00107917	0.00128376
HG03738	-0.00998948	-0.0119838	0.0423352	0.0170483	0.000880997	0.00303861	0.000471012	-0.000231167	-0.000474289	-0.00301122
HG03740	-0.0115823	-0.00153958	0.0428287	0.000975814	-0.00127405	-0.00153059	-0.00220739	0.000306593	-0.00203703	0.000123908
HG03741	-0.0117726	-0.00508798	0.0441759	-0.00178437	0.000243759	0.00485033	-0.00756555	-0.00290006	-0.000161726	-0.000442917
HG03742	-0.0103443	-0.00412394	0.0428064	0.0134497	-0.0005096	0.00185264	-0.00312904	0.000390735	0.00160595	0.00119503
HG03743	-0.011652	-0.00360408	0.0368537	0.0168227	-0.00185642	0.00196507	-0.00366475	-0.00329245	-0.000623525	0.000476116
HG03744	-0.011994	-0.00531277	0.0433361	0.0085343	-0.000102657	-0.00148521	0.000427667	-0.00233908	-0.00145519	-0.00214465
HG03745	-0.0115203	-0.00363027	0.031654	0.0134524	-0.0015631	0.000539422	-0.00142323	-4.58734e-05	0.00150169	0.000822325
HG03746	-0.0118573	-0.00865577	0.0269552	0.013459	-0.000902814	0.0005289	0.000656044	0.000462685	0.0015589	-0.00069028
HG03750	-0.0105991	-0.0111408	0.0356851	0.0173603	-0.00120668	0.00303962	0.00342753	-0.00268737	-0.000640325	-0.00174932
HG03752	-0.012136	-0.00456286	0.040471	0.00871762	0.000987858	0.00441776	-0.00235158	-0.0011229	-0.00161164	0.0018293
HG03753	-0.0120038	-0.00787158	0.0414399	0.00800321	0.00170917	-0.000408002	-0.000218608	-0.00154591	0.00187098	0.000965129
HG03754	-0.0112865	-0.00982453	0.0383665	0.0125909	0.00083171	0.00279442	0.000859277	-0.00418502	-0.00456169	-0.00313236
HG03755	-0.0105022	-0.00674467	0.0375972	0.0133037	-0.000891133	0.0023047	0.000628073	0.00140582	-0.000384823	-0.000180717
HG03756	-0.0106144	-0.0064306	0.0442278	0.014015	0.00123194	-0.0029487	-0.00238465	-0.00148065	-0.00151763	-0.000715495
HG03757	-0.0115258	-0.00279067	0.0445776	0.0112043	0.00313592	0.00157412	-0.00239609	-0.000923944	-0.00049574	0.00549391
HG03760	-0.0110297	-0.0112097	0.0436174	0.0143691	0.00149266	0.00199435	0.000203326	-0.00102639	-0.00194602	0.000343895
HG03762	-0.011853	0.0029452	0.0265551	0.000759574	0.00144759	-0.00100814	0.00183017	-0.000807335	0.000262778	0.00224681
HG03765	-0.0120406	-0.00433483	0.00909761	0.00708265	0.00150887	0.00168164	-0.000432531	-0.000976956	-0.000819756	-0.0027762
HG03767	-0.0110904	-0.0105622	0.0219865	0.00525721	0.000886461	-0.000577577	-0.00320546	0.00233756	-0.000269579	0.00267826
HG03770	-0.0102363	-0.00379566	0.0462222	0.0101139	0.00179425	0.00232283	-0.00427515	0.00101842	-0.000505527	-0.000187314
HG03771	-0.0123491	-0.00380051	0.0385272	0.00638799	-0.0003698	-0.00400655	-0.00372361	0.00141046	0.000988803	0.00134953
HG03772	-0.011583	-0.00603283	0.0492321	0.0165168	0.00129141	-8.45513e-05	0.000252254	0.00195657	-0.000215392	-0.000478744
HG03773	-0.0113692	-0.00626242	0.0382954	0.00805557	0.000393968	-0.00295839	-0.000113493	0.00181073	0.00154608	0.00195239
HG03774	-0.0102075	-0.00878254	0.0381536	0.00595817	-0.000252789	-0.00137745	-0.00180422	0.000383016	-0.00129748	0.00308714
HG03775	-0.0105124	-0.00783408	0.0422703	0.0167095	0.000515581	0.000759846	0.00189449	-0.00136746	0.00310094	0.00052564
HG03777	-0.0112051	-0.00680239	0.0413026	0.0177083	-0.000228983	-0.000853077	-0.000669117	0.000835485	-0.000280425	-0.00113252
HG03778	-0.0108625	-0.00612674	0.0381381	0.0213182	0.00186257	-0.00123564	-0.000957896	-0.00228826	0.00220292	-4.21152e-05
HG03779	-0.0111689	-0.00626089	0.0405224	0.00949982	0.00072289	-0.00575458	-0.00307141	-0.000427418	0.0022302	0.000279264
HG03780	-0.0123375	-0.0102885	0.0349077	0.0146431	0.000278475	0.00309628	0.00218923	-0.00085684	0.00161592	-0.000778354
HG03781	-0.00966808	-0.0082079	0.0369126	0.0144085	-0.000707806	0.00123827	-0.000990661	0.000270138	-0.00222389	0.00143655
HG03782	-0.0097408	-0.00858677	0.0350306	0.00489663	8.98096e-05	-0.00124538	-0.00150757	-0.0022921	0.000834134	0.00116684
HG03784	-0.0115712	-0.00645018	0.045016	0.0230068	0.000767518	0.00147216	0.00101153	-0.000759228	0.000223215	-0.00196697
HG03785	-0.0108865	-0.00232621	0.0525362	0.0141538	0.00116321	-0.000940097	-0.000679469	0.00265248	0.00304547	0.000605549
HG03786	-0.0124436	-0.00228344	0.0462617	0.00983526	-0.000547911	-0.00155603	0.00153844	-0.00123372	-0.00149582	-0.00155647
HG03787	-0.0107077	-0.00511812	0.0473862	0.00618432	8.14328e-05	-0.00103467	-0.00182566	-0.00167757	0.00111935	0.00238114
HG03788	-0.0114908	-0.00802544	0.0450695	0.0123814	0.00036129	0.00282084	-0.00422937	7.09481e-05	-0.00151765	0.00113477
HG03789	-0.0114563	-0.00440992	0.0381082	0.00231028	-0.00211017	-0.00175032	-0.00023595	0.000730307	0.000590705	0.0034822
HG03790	-0.0115344	-0.0100383	0.0348619	0.0070445	-0.000856701	-0.000977475	0.000323502	0.00123733	-0.00021991	0.000675799
HG03792	-0.0102567	-0.00916644	0.0375516	0.0077818	-8.69456e-05	-0.000701873	-0.00291871	-0.00116459	0.000804076	0.000685996
HG03793	-0.0113129	0.0058943	0.0384427	0.0181087	-0.00396649	-0.00448353	-0.00590578	-0.00035781	0.00112567	0.00369873
HG03796	-0.0111972	0.00111415	0.0357165	0.00377031	0.00328885	0.000507523	0.00222289	0.00105294	0.00111129	-0.000955034
HG03800	-0.0119768	-0.00102499	0.0444406	0.0156169	0.00141171	0.00108878	0.00225715	0.00143754	-0.00150187	-0.000175409
HG03802	-0.0129371	0.00173537	0.0323532	0.0092726	-0.00104265	0.000502418	-0.00463193	0.000929844	0.00171908	0.00051243
HG03803	-0.0115623	-0.00178307	0.0391539	0.000661587	0.0003906	-0.000273893	-0.000553959	0.00252735	0.00117872	0.000353942
HG03805	-0.0109756	0.00400364	0.0316888	0.00199379	0.00078081	0.00259673	0.000923319	2.20739e-05	-0.000976011	-0.000466329
HG03808	-0.0106309	0.00111006	0.0237855	-0.0054319	-0.0021411	0.000235267	-0.00106803	-0.00384713	0.000518961	0.0041834
HG03809	-0.0115719	0.00121461	0.0387573	0.00763498	-0.00067077	-0.00105803	-0.00037376	-0.000237414	-0.000311534	0.000292101
HG03812	-0.0105162	-0.00116385	0.0331339	0.000183359	0.00104992	0.00126852	0.000773734	-0.00160348	0.000552579	-0.00126947
HG03814	-0.0123556	0.00424795	0.0303011	0.0100685	0.000804188	-0.0014837	0.000172163	0.00206805	-0.00117581	-0.000140627
HG03815	-0.0121435	0.00310426	0.0234989	0.00636883	-0.00132355	-0.0017881	-0.00390161	-0.00083636	-0.00252385	0.00103275
HG03817	-0.010729	-0.00977594	0.0329684	0.0112181	-0.00130884	0.000580203	-0.000588813	0.00154247	0.000398359	0.00382383
HG03821	-0.0111568	0.000390909	0.0395212	0.014627	-0.00133472	-0.000528812	0.00217879	0.00251875	-0.00408846	-0.00139373
HG03823	-0.0118779	-0.00148162	0.0349498	0.00291411	0.00101414	-0.000593094	-0.00312234	-0.0015765	-0.00192693	0.000858013
HG03824	-0.011433	0.00430051	0.0281535	0.0032211	-0.0022331	0.000580832	-0.0025316	-0.0012289	0.000861555	0.0015277
HG03826	-0.0112418	-0.00116907	0.0334934	0.00956573	-0.000981305	0.00262471	-0.00328521	-0.000748029	-0.00133444	-0.000739834
HG03829	-0.012237	-0.00602011	0.0291966	0.0110191	-0.00113721	-0.00033755	-0.00149885	0.00327312	0.00393045	0.00037891
HG03830	-0.0117627	0.00309105	0.0201176	-0.000810741	0.00186622	0.00364656	0.000611819	0.000832014	0.000426088	0.00221347
HG03832	-0.0124935	0.00346489	0.0373025	0.00607948	0.00247311	0.00256527	-0.00176572	0.00195452	-0.00170935	0.00184391
HG03833	-0.0124168	-0.0026523	0.0305741	0.0103805	0.00139873	0.00189343	-0.00296017	-0.000490306	-9.39876e-05	0.000138231
HG03836	-0.0119679	-0.00724903	0.0494827	0.0039807	0.000931462	-0.00112027	-0.00274574	0.000269563	0.00162749	-0.000179923
HG03837	-0.0113807	0.00221986	0.0317438	0.0164792	0.00168569	0.00166365	-0.00133864	-0.000386536	0.00424751	-0.000136368
HG03838	-0.0113611	-0.00697231	0.058591	0.0165238	8.70535e-05	0.000736773	-0.00144035	0.000830264	-0.000833964	-0.000344202
HG03844	-0.0117214	-0.00798643	0.0357989	0.0127231	0.00148838	0.000643189	-0.000986006	0.00393514	0.0029882	1.40773e-05
HG03846	-0.0113432	-0.00544639	0.0376598	0.00557245	0.000963049	0.0019114	-0.00138933	-0.00271398	-0.00239403	0.00233609
HG03848	-0.0103922	-0.00511799	0.0345837	0.0155238	5.92195e-05	0.00123996	0.0023986	0.000617804	-0.0021366	-0.00193326
HG03849	-0.00873071	-0.00753373	0.0444758	0.0271486	-0.00205975	0.00382403	0.00250944	-0.00202978	-0.00189037	-0.00151704
HG03850	-0.0119144	-0.00972019	0.0391891	0.0224676	0.000508322	-0.000408907	-0.000587096	-0.000665874	0.000412212	-0.00155973
HG03851	-0.0121561	-0.0063332	0.0294936	0.00499986	0.00285477	-0.000220975	0.000505708	-0.00227565	0.00142788	-0.000251645
HG03854	-0.0119624	-0.0046791	0.0461347	0.0245485	0.00154768	0.00265611	0.00198757	0.00133816	-0.00137624	-0.00033183
HG03856	-0.0105827	-0.00282807	0.0401126	0.024367	-0.00196931	0.000323607	-0.000642932	-0.00198521	0.0017053	0.00165511
HG03857	-0.0128734	-0.000338279	0.0340877	0.0171843	-0.000105583	0.00331017	-0.000931275	1.45212e-05	0.000931246	0.000249756
HG03858	-0.0116114	0.000718787	0.0357249	0.0156255	-0.000791797	-0.000465511	5.04142e-05	0.00215287	0.00193169	-0.0013118
HG03861	-0.0111485	-0.00636765	0.0428083	0.0237165	9.33728e-05	0.000989532	0.00108079	-0.000930622	-0.000326798	0.000264021
HG03862	-0.0111248	-0.00793255	0.0356048	0.00760403	-0.00254117	-0.000740708	0.00182223	-0.00133815	0.0029124	-0.00101191
HG03863	-0.0112782	-0.00342782	0.042027	0.00989342	0.00238154	0.000314688	-0.00413052	-0.00128385	-0.00237616	0.00165138
HG03864	-0.0115113	-0.00850287	0.0435078	0.00896584	0.00239818	9.76661e-06	-0.00260775	0.000896043	0.000813928	0.000452702
HG03866	-0.0116004	-0.00717544	0.0400135	0.00795853	0.000912438	0.0010031	-0.000144017	-0.0018545	-0.00117567	0.00088386
HG03867	-0.00989129	0.000461697	0.0501849	0.019002	0.00131305	0.00254785	0.00160686	-0.000285609	-0.00385025	0.00171683
HG03868	-0.00951925	-0.0119771	0.0362463	0.0148995	-0.00153937	-0.00174103	0.00115106	-0.00194628	0.00199131	-0.00121754
HG03869	-0.0122121	-0.00344967	0.0450013	0.0203805	0.000877496	-0.000798444	-0.00140292	5.08164e-05	-0.00128004	0.00160752
HG03870	-0.0110912	-0.00932362	0.0367142	0.00695514	0.000171688	0.000385118	-0.00142771	0.000742272	0.00115345	0.00165313
HG03871	-0.0110242	-0.0081169	0.0379311	0.00792761	0.00105012	0.00100345	-0.00172959	0.00232789	0.00108228	0.000219902
HG03872	-0.0112918	-0.00580966	0.046414	0.00938223	-0.00137009	-0.00350658	0.00292256	0.00066773	0.000601743	-0.000720693
HG03873	-0.0120674	-0.00222138	0.0376141	0.0093099	0.00195062	0.00205872	-0.00163764	-0.00349203	0.00192712	0.00100904
HG03874	-0.0123743	-0.000770121	0.0299825	0.00862709	0.00151291	0.00316635	0.000359915	0.00316374	0.000471349	-0.00124409
HG03875	-0.0104921	-0.0133021	0.0294738	0.00364822	-0.000966345	-0.0011386	-0.00149469	-0.000356816	0.000852593	-0.00221479
HG03882	-0.011546	-0.012501	0.0363056	0.0231913	-0.00300385	0.00328704	-0.00139403	-0.0022371	-0.00246211	-0.000769545
HG03884	-0.0106772	-0.00675153	0.037606	0.00772603	0.00210351	0.00182911	-0.00447174	-0.000412409	-0.000423666	0.000160977
HG03885	-0.00996327	-0.00667864	0.036733	0.0143756	-0.00178758	-0.0038555	0.0025465	0.00120931	0.00239513	0.00146224
HG03886	-0.0119592	-0.0044625	0.0404289	0.0149439	-0.000345421	-0.00284191	-0.00225489	-0.0046635	0.00247721	0.00379411
HG03887	-0.0120899	-0.00715879	0.0427023	0.0168707	0.00198042	-0.00138661	-0.00273833	-0.00238086	-0.00315393	-0.00286486
HG03888	-0.0118864	-0.00961339	0.0247878	0.0106476	-0.00183861	0.00242714	0.000779493	-0.00129852	-0.00217009	-0.000934895
HG03890	-0.011221	-0.00769313	0.040438	0.0131117	-0.00117938	0.000558814	-0.00184567	-0.000403482	-0.000813487	-0.00224659
HG03894	-0.0108048	-0.00871417	0.0379575	0.00779234	-0.00102917	0.000752803	0.00130152	-0.00203122	-0.000347172	-0.00094445
HG03895	-0.0119848	-0.00480531	0.0382899	0.0114076	0.000965979	-0.000318284	0.00440314	-0.00286974	0.00249152	-0.00160265
HG03896	-0.0112729	-0.00974539	0.0450054	0.00799914	0.00134758	-0.00102809	-0.00102688	-0.0031977	-0.00214464	0.000583944
HG03897	-0.0117858	-0.00829229	0.0339322	0.0114691	-0.000378078	0.00104659	-0.00136296	-0.001415	0.00338109	0.000906839
HG03898	-0.0119169	-0.00808381	0.0397124	0.0154667	0.000460479	-0.00233976	0.000820106	-0.00138611	0.000790579	-0.000758378
HG03899	-0.0111948	-0.008735	0.0370486	0.0128542	0.000434286	-0.000965412	-0.000410428	0.00179597	0.0014742	-0.00115817
HG03900	-0.0116736	-0.00652723	0.0343959	0.0128838	-0.001002	-0.000317924	-0.00170271	-0.00119101	-0.00413584	-0.000520308
HG03902	-0.0118078	-0.00574086	0.0387275	0.00767245	0.00143931	0.00164801	-0.000269091	0.000665596	0.00139083	0.00162111
HG03905	-0.0132703	-0.00177606	0.0230198	0.0129887	0.0012092	0.000811132	-0.00143065	-0.0019998	9.53778e-05	0.0016628
HG03907	-0.0114885	0.00676086	0.032578	0.00392715	-0.00168773	-0.00422378	-0.00534047	-0.00413849	0.00254921	0.00234793
HG03908	-0.013103	0.00127612	0.0406415	0.0122941	0.000927392	-0.00290357	0.00111444	-0.00240338	-0.00035817	0.00287995
HG03910	-0.0122245	-0.00260911	0.0258968	0.00740494	0.00111753	-0.0011462	-0.0013256	-0.00080718	-0.00104516	0.00158017
HG03911	-0.0120633	-0.00512568	0.0277982	0.0110978	0.00231987	0.00368783	-0.000898099	0.000888567	-0.00158822	0.0038791
HG03913	-0.0106571	-0.00212371	0.0234951	0.00115113	-0.000125401	-0.00173479	0.000501805	0.00064544	0.00189019	0.000750041
HG03914	-0.0115763	0.00270213	0.0286685	-0.000919728	-0.000409641	0.000986214	-0.00399918	0.00060227	-0.00103506	0.000386184
HG03916	-0.0111656	-0.00382231	0.0340477	0.0134773	0.001049	0.00213032	-0.00280925	-0.000932899	0.000577324	0.00156619
HG03917	-0.0121629	-0.00639894	0.0312238	0.0159344	0.000313234	1.55319e-06	1.09523e-05	0.000236061	0.000607689	0.00178071
HG03919	-0.0124157	-0.00369382	0.0272018	0.0110352	0.00225068	-0.00217484	-5.50443e-05	0.000637656	0.000629944	0.00203709
HG03920	-0.0127706	0.00161641	0.0323815	0.00969486	0.00217974	0.00449389	-0.00143658	-0.000851179	0.00148767	0.00279941
HG03922	-0.0128933	0.000333075	0.0367043	0.0118402	0.000724159	0.00130585	0.00165685	0.00201392	-0.00389353	-0.000307024
HG03925	-0.01186	-0.00792481	0.0276986	0.0108984	-0.000424354	0.00182015	0.00201609	0.00160684	-0.000688202	-0.00085852
HG03926	-0.0110434	-0.000156085	0.0437255	0.0181825	-0.00137147	0.000600779	0.00134598	0.00144952	-0.00208502	-0.00262572
HG03928	-0.0117615	-0.00636407	0.0261091	0.00790808	-0.000724647	-0.000577823	0.000935169	0.000645864	0.00167534	-0.00160729
HG03931	-0.0126275	-0.000945215	0.0262878	0.0015195	0.0020423	-0.00128518	-0.00171866	-0.00248939	-0.000487438	0.000407189
HG03934	-0.0120385	-0.00178964	0.0360048	0.00643773	-0.000588256	0.000886908	0.00228175	3.78005e-05	-0.0014693	-0.00156332
HG03937	-0.012222	-0.00193179	0.0421779	0.0086685	0.00337825	-0.000560839	-0.00122497	0.000680743	0.000615789	-0.000685807
HG03940	-0.0110049	-0.00136654	0.0434528	0.0100028	-0.00141096	-0.00168267	0.00175159	0.000257024	0.00411041	-0.00321328
HG03941	-0.0113834	-0.00524038	0.0381249	0.0151499	0.000340528	-0.000633086	-0.00122319	-0.00175528	-0.000100477	0.000113134
HG03943	-0.0110318	-0.00579501	0.0343726	0.014358	0.00110217	-9.97835e-07	-0.000506365	0.00172081	0.00270721	-0.000855717
HG03944	-0.0111303	-0.00995664	0.0329914	0.0111917	0.0013681	0.000954076	0.00116138	-0.00140487	-0.000930565	0.000240566
HG03945	-0.0109379	-0.00377523	0.0420654	0.0129066	-0.0016436	0.000935719	0.00358788	-0.000610723	0.00273257	0.00256426
HG03947	-0.0112027	-0.00332563	0.0377945	0.00421929	0.000885766	-0.00199689	-0.000438262	0.00133173	0.000888248	-0.000246527
HG03949	-0.0113477	-0.00562085	0.0408899	0.00435938	0.00128016	0.00230699	0.000384749	0.0019389	0.0026512	0.000941229
HG03950	-0.0114566	-0.00355764	0.0466027	0.0169937	0.00175893	0.00124249	0.0006768	-0.00581795	-9.68895e-05	-0.00245615
HG03951	-0.0107434	-0.00714672	0.0371807	0.00793935	-9.1955e-05	0.000149551	1.46562e-05	0.00271484	0.000323369	0.00135226
HG03953	-0.0112809	-0.00375792	0.0357207	0.00581935	0.000832988	-0.000270583	-0.00431713	-0.00143771	-0.000388671	0.00202804
HG03955	-0.0117344	-0.00551259	0.0388156	0.0115915	0.00287214	0.00163421	0.00142528	0.000731645	-0.00249687	-0.00269288
HG03960	-0.0108919	-0.00763082	0.0324006	0.0201259	-9.36203e-05	0.000951283	0.00168561	-0.00179767	0.0034611	-0.000119914
HG03963	-0.0114047	-0.00548897	0.0409534	0.0226707	-0.000723926	0.00127238	0.00134351	-6.52778e-05	-0.000999633	-0.00182687
HG03965	-0.0106515	-0.00406561	0.0425862	0.0216478	0.0020664	0.00137843	0.00124455	-0.00050401	-0.000406471	-0.00457311
HG03967	-0.0112296	-0.00723181	0.036582	0.00959584	0.000410054	0.00212582	-0.000726637	-0.00441583	-0.00367838	-0.00155129
HG03968	-0.00924527	-0.0105679	0.0325223	0.0168336	-0.00231001	0.000736648	-0.000240837	-0.000103284	-0.0021352	-0.00323448
HG03969	-0.0122404	-0.00366283	0.0392404	0.0239883	-0.000995546	0.00133056	0.00238248	-0.000807504	-0.00142914	-0.000884199
HG03971	-0.0111078	-0.00419558	0.0371871	0.0105211	0.000766611	0.000644774	0.000152103	-0.00259693	0.000107411	0.000411907
HG03973	-0.0118392	-0.0104494	0.0416605	0.0220244	0.000675526	0.000758302	0.00124408	0.00204443	-0.00294344	-0.00167539
HG03974	-0.0124232	-0.00911575	0.0348876	0.0147361	0.00126578	-7.39584e-05	0.000730887	-0.00144411	-0.00114463	-0.00213387
HG03976	-0.0117196	-0.00961716	0.0396185	0.0156648	0.00129231	0.0014053	0.00178964	0.00345364	0.00282706	-0.00199688
HG03977	-0.00970034	-0.0034991	0.0416586	0.0169821	-0.00240027	0.000291147	0.00379898	0.00130359	0.00192141	0.000597688
HG03978	-0.0106177	-0.00358009	0.0426744	0.00522266	0.000977958	-7.00511e-05	-0.00121394	0.00299166	0.00208165	-0.0013926
HG03985	-0.0116949	-0.0069126	0.0375406	0.0288396	0.000529977	0.00126612	0.00317792	0.00205725	0.000313766	-0.00241492
HG03986	-0.0110899	-0.00937103	0.0350672	0.00415741	0.000865495	0.000959228	0.000634364	0.00163616	0.00154404	-0.000242445
HG03989	-0.0112642	-0.00578552	0.0304652	0.0148541	0.00100448	-0.00235342	0.0014808	-0.00169167	0.000952042	-0.00172348
HG03990	-0.0107888	-0.00943678	0.0331497	0.0096518	0.00100598	0.000271026	0.00124382	0.000805012	-0.000407804	4.63375e-05
HG03991	-0.0120748	-0.00307876	0.040745	0.0119785	0.0027435	-0.00300462	-0.000283001	-0.0018254	0.000866659	-0.000616502
HG03995	-0.00997572	-0.00270617	0.0401696	0.0152632	-0.0015051	-0.00239902	0.00506894	-0.00191667	0.00377558	-0.00240236
HG03998	-0.0102134	-0.00786481	0.0381574	0.00830299	0.000406014	0.000408541	0.000125535	-0.00336292	0.00215357	0.000874896
HG03999	-0.0122674	-0.0110327	0.0415439	0.0156536	0.00148958	-0.000551362	0.00233914	0.000720072	0.00136253	-0.00185273
HG04001	-0.0116986	-0.000507231	0.0389963	0.0098702	0.000961501	0.00107217	-0.00468335	0.00316624	0.000755489	-1.60849e-05
HG04002	-0.010842	-0.010773	0.0382355	0.0193548	0.00193742	-0.0011044	0.00185006	0.00308336	-0.00100616	0.0032921
HG04003	-0.011492	-0.0104227	0.0319527	0.0142924	0.00113082	0.00016267	0.00123586	0.000227541	-0.000803172	0.00202359
HG04006	-0.011965	-0.00750694	0.0345169	0.0102609	0.00198066	-0.00293106	0.000167665	-0.000409235	0.00169194	-0.00249116
HG04014	-0.0108755	-0.00420342	0.0304412	0.00666554	-0.00144216	-0.000971316	-0.000214989	-0.00196846	-0.00195894	0.00015198
HG04015	-0.01266	0.000448583	0.0384616	0.00425633	0.000657713	-0.000307028	0.000221968	0.00132121	0.00209434	0.00112324
HG04017	-0.0117613	-0.00386692	0.0439244	0.0178322	0.00119814	-0.000342943	0.00333993	-0.000752367	0.00087836	-0.00142195
HG04018	-0.0118846	-0.00996454	0.0333441	0.00952234	0.00250828	0.000771012	0.000970818	-0.0013348	0.00165096	0.000854117
HG04019	-0.0104146	-0.00762769	0.0455548	0.00928272	0.00200674	-0.000218802	0.00161002	4.07281e-05	0.0039124	0.00115831
HG04020	-0.0109665	-0.0117617	0.0237784	0.000921509	0.00266184	-0.000849112	-0.00059911	-0.00206429	0.00140094	0.00020038
HG04022	-0.0118014	-0.00416973	0.0384017	0.0132069	0.00195503	-0.00282907	-0.00257964	-0.000285888	-0.000704437	-0.00125097
HG04023	-0.0120225	-0.00740686	0.041007	0.0204933	-0.00158799	0.000106405	0.00259016	0.000656457	-0.000302276	0.00155188
HG04025	-0.0125233	0.000385786	0.0373089	0.00922194	-0.000671519	-0.000929446	-0.000170642	-0.00128125	0.00104519	0.00143831
HG04026	-0.0116104	-0.000693122	0.0483012	0.0203484	0.000575328	-0.00146272	0.00127286	0.00450159	0.00125105	0.000794781
HG04029	-0.010589	-0.00440244	0.0425404	0.00886049	-0.000721941	-0.00198238	-0.000324139	-0.00026368	0.000398578	-0.00209072
HG04033	-0.0113796	-0.00499964	0.0303666	0.0238417	-0.000635058	-0.00141558	-0.000832692	0.00203667	0.000313042	-0.00144478
HG04035	-0.0120756	-0.000103486	0.0368177	0.00693509	-2.56647e-05	0.00196874	-0.00143702	-0.00189531	0.000566823	0.00194917
HG04038	-0.0119887	-0.00409245	0.0402076	0.0154192	-0.000526392	-0.00229769	-0.00189306	-0.00113378	-0.00484308	-0.000754858
HG04039	-0.0116288	-0.00654974	0.036034	0.00183503	0.00290414	0.00123181	-0.00400996	-0.000365629	-0.00206021	0.00448047
HG04042	-0.0109988	-0.0108102	0.0289601	0.0116985	0.000947084	-0.00151349	0.000437997	0.00190921	-0.000926671	-0.00035776
HG04047	-0.0112509	-0.00291537	0.0514407	0.00777688	0.00134422	0.00122177	-0.00270218	0.00119597	0.00142324	-0.000856749
HG04054	-0.0104621	-0.00708093	0.0417286	0.0122169	-0.000391733	-0.00105584	-0.0013048	0.00251809	0.00173691	0.00233394
HG04056	-0.0115676	-0.00691424	0.043534	0.0170753	0.00224603	-0.00363497	0.000982026	-0.000873353	0.00279341	0.000173086
HG04059	-0.0098006	-0.00984662	0.0401031	0.0126482	0.00151779	-0.000574282	0.000353972	0.0022459	-0.000606827	-0.0021889
HG04060	-0.0113898	-0.00658372	0.0316671	0.00555998	-0.00100489	0.000620701	-0.00031521	-0.00200859	0.00075815	1.20693e-05
HG04061	-0.0104089	-0.00433806	0.0331165	0.0101654	0.00117934	0.00109174	-0.000166574	0.000296038	0.000840176	-0.000780986
HG04062	-0.0118832	-0.00376474	0.0285472	-0.00290843	-0.00020664	0.00210966	-0.00288798	-0.00172816	-0.00175193	0.00260062
HG04063	-0.0111182	-0.00773907	0.0440077	0.0202491	-0.000626577	-0.00071076	0.00301514	0.00235958	-0.000124415	-0.00041531
HG04070	-0.0102079	-0.00724079	0.0442111	0.00596642	0.000792345	0.00105331	-0.000908367	-0.00301304	-6.04887e-05	0.00199421
HG04075	-0.0115791	-0.00462088	0.0343787	0.00494156	5.40621e-05	0.00184631	0.000774545	-0.00106327	0.000371022	-0.00297192
HG04076	-0.0108863	-0.00336019	0.0457119	0.0165375	-0.00110525	-0.000335135	0.000954806	0.00061069	0.000562325	-0.00180632
HG04080	-0.0112236	-0.01265	0.0375704	0.0135821	0.000509055	0.000863472	0.00075356	0.0014948	0.00148043	-0.000216626
HG04090	-0.0105374	-0.00915721	0.0339804	0.00150413	-0.00123648	-0.000519561	-0.00117983	-0.00121258	9.49791e-05	-0.000626232
HG04093	-0.0119261	-0.00595522	0.0371456	0.00882042	-0.000340446	-0.00294422	0.000259671	1.30328e-05	0.00015999	-0.000795797
HG04094	-0.0120107	-0.00249891	0.0428375	0.010607	-0.00128124	-0.00164882	0.000202836	0.000170891	-0.00119599	-0.00266585
HG04096	-0.0109254	-0.00601758	0.0470427	0.0256713	-0.00138125	0.000778054	0.00524373	0.000991196	-0.000140521	-0.00356884
HG04098	-0.0119617	-0.00769439	0.0367634	0.00776884	0.000985387	-0.00238711	0.00218746	-0.00271439	-0.000167	-0.00185092
HG04099	-0.0113223	-0.00868067	0.0309488	0.0126262	0.00118512	0.00603443	-0.00169965	-0.000845611	0.00224127	0.000450691
HG04100	-0.0104797	-0.00643173	0.0390764	0.0138296	-0.000615602	0.00319714	-0.00122197	-0.002333	-0.000641529	0.00131409
HG04106	-0.0112321	-0.0107351	0.0377564	0.00832957	-0.00110158	0.00108604	-0.000900159	-0.000206546	-0.00105657	-0.000864317
HG04107	-0.0115944	-0.0112106	0.0321905	0.00415798	0.00176805	-5.42362e-05	-0.00124433	-0.00158495	0.000454229	0.000446309
HG04118	-0.0115101	-0.00305838	0.0343412	0.00234531	0.00116624	0.000281245	-0.00089201	-0.000299907	0.00128356	0.000838622
HG04131	-0.0103085	-0.00298322	0.0312056	0.011675	-0.00143622	0.000545156	0.00191895	-0.000591553	-0.000941927	-0.000291443
HG04134	-0.0111135	-0.00540744	0.0233524	0.00420029	0.000750864	-0.000416674	0.000667622	0.00223781	0.000804008	0.00103056
HG04140	-0.0114625	-0.0024646	0.0344948	0.00643101	0.00311982	-0.000658664	0.000551612	0.00149459	0.000415224	-4.61053e-05
HG04141	-0.0115255	-0.00698786	0.0271452	0.0176131	-0.0024092	0.000366272	-0.00227377	-0.00114954	0.00357331	0.00399692
HG04144	-0.0116021	-0.00147615	0.0325111	0.000651001	-0.000271672	0.00313937	-0.00186195	0.00023113	-0.000664528	0.00216503
HG04146	-0.011402	-0.00317437	0.0326819	0.0134084	-0.00140999	-0.000349483	0.000252857	-0.00100295	0.0024874	-9.41361e-05
HG04152	-0.0116933	-8.83434e-05	0.0484357	0.0108774	0.000967896	0.0004604	-0.00344281	0.000235865	0.00247924	0.00393137
HG04153	-0.0125373	-0.000122613	0.0369858	0.00405193	0.00348087	0.00133233	0.000815128	-0.000424218	0.00048615	-0.00231225
HG04155	-0.0120095	-0.000593105	0.0276369	0.00199463	0.00195942	0.00324407	-0.00293523	-0.000379242	-3.01722e-06	-0.00131201
HG04156	-0.0101917	-0.0106231	0.021107	0.0139472	0.000169692	0.00273594	0.000561242	0.000305693	0.00148381	0.00222556
HG04158	-0.0105804	-0.00212578	0.0357839	0.00718823	-0.000111858	0.000127289	0.0027034	-0.00197101	0.000241723	-0.00043236
HG04159	-0.0113887	-0.00425626	0.0369694	0.00335506	0.00031079	0.000345439	0.00164541	0.0034034	-3.38995e-05	-0.000217662
HG04161	-0.0133916	0.00889199	0.0333803	-0.00304072	0.000410899	-0.00227774	5.51807e-05	0.00320823	-0.000470263	0.000189292
HG04162	-0.0118332	0.000432387	0.024685	0.00212634	0.000666317	2.31885e-05	0.000633918	-0.00235841	0.00108908	-9.28925e-05
HG04164	-0.0112484	-0.0106852	0.0348533	0.0159125	0.000300061	-0.000878552	-0.00190631	-0.000343611	0.000545447	0.00359751
HG04171	-0.0118897	0.00367761	0.0299285	0.0192875	0.00061484	0.00370188	-0.000378587	-2.4194e-05	-0.00296029	-0.00130727
HG04173	-0.01127	-0.00599269	0.040947	0.0141595	0.00139884	0.000130296	-0.000818508	0.000430061	-0.00126521	0.000159221
HG04176	-0.0125356	0.000955842	0.0302765	0.010032	0.000633876	0.000399652	0.00234897	-0.00123044	0.000884336	0.00202143
HG04177	-0.0129552	-0.00338863	0.0343001	0.0181965	0.00264888	-0.00198396	0.0027819	0.00252892	0.00379858	0.00144126
HG04180	-0.0127389	-0.00361928	0.0365615	0.0177799	-0.000190698	0.000285529	0.00171549	0.000286322	0.0013267	0.000351351
HG04182	-0.00978091	-0.00126442	0.0296178	0.00964303	0.00155185	-0.00201956	0.00260106	-0.00232641	-0.00122383	-0.002271
HG04183	-0.0113912	0.00500707	0.0276684	-6.06712e-05	-0.00141888	0.0015877	0.000442455	0.00342255	0.000449671	0.00153829
HG04185	-0.0116667	-0.00859121	0.0371001	0.0129378	-0.00106542	-0.00199584	-0.00165393	-8.50605e-05	-0.000229209	0.00124665
HG04186	-0.0117175	-0.00817904	0.0378343	0.0141779	0.000646231	0.000570284	0.000103859	0.000316844	0.000151457	0.00185149
HG04188	-0.0110583	-0.00468562	0.0273102	0.00194569	-0.000697103	0.00301419	-0.00183963	0.000123786	-0.000123394	-0.000258045
HG04189	-0.0116483	-0.00465686	0.0277349	0.00638764	-0.0013496	-0.000194529	0.00194152	0.000872735	-0.00129012	0.00089822
HG04194	-0.0119491	-0.00275161	0.0319703	0.00153683	0.000660171	0.000641466	-0.000165166	0.00048553	0.00040123	-0.000256778
HG04195	-0.0127107	0.00178491	0.0355403	0.00646679	0.00156302	0.000158904	-0.000361596	-0.000594259	-0.00223281	-0.00246694
HG04198	-0.0131326	-0.00924662	0.0409799	0.0130238	0.00246064	-0.00179211	-0.00164063	0.0042331	0.00196903	0.000674064
HG04200	-0.00948857	-0.00894882	0.037658	0.0057408	0.0007953	0.00143034	-0.000913855	-0.00240844	0.0015701	0.000973458
HG04202	-0.0112416	-0.00493439	0.0422662	0.0179675	0.000951869	0.00130824	-0.00196561	0.000695976	0.00280666	0.00218273
HG04206	-0.010423	-0.00591252	0.0410498	0.0116823	0.00220919	0.000685296	-0.00144518	-0.00138295	0.000222623	0.000926215
HG04209	-0.0119834	-0.00236213	0.0481907	0.0141302	-0.000610878	-0.000929987	-0.00288536	-0.000887473	-0.00183446	0.00460579
HG04210	-0.011193	-0.00347969	0.0371171	0.0115825	0.000249261	-0.00189654	-0.000879481	-0.00105529	-0.00187777	0.00185756
HG04211	-0.0111881	-0.00528942	0.029735	0.0134634	0.00245417	0.0033335	-0.00450667	-0.00148315	0.000799704	-0.000291921
HG04212	-0.0114035	-0.0071756	0.0394898	0.014672	0.000178008	0.00249876	-0.000807238	6.67735e-05	-0.000262921	0.000601401
HG04214	-0.0126374	-0.00434435	0.042288	0.0133201	-0.000640502	-0.00415638	-0.00265123	0.00132486	5.57145e-05	0.00173789
HG04216	-0.0111328	-0.00387722	0.0351232	0.0124119	0.00174186	0.00105701	0.00238676	-0.000788287	0.0019431	-8.59859e-05
HG04219	-0.0116077	-0.0110649	0.0387909	0.0194105	-1.91285e-05	0.000967688	0.00196399	0.00234955	-0.000979006	-0.00137483
HG04222	-0.0105545	-0.00859172	0.0415136	0.0196612	-0.00195763	0.000627091	0.00272241	-0.000223683	0.000108569	-0.000840089
HG04225	-0.012147	-0.00425761	0.0317123	0.00978312	0.00120957	0.000248787	-0.00122737	-0.00574742	0.000376241	0.00226803
HG04227	-0.0113104	-0.00189011	0.0360717	0.00506489	-0.000221744	0.000454047	-0.0024359	-0.0006759	0.000226411	0.00160502
HG04229	-0.0126349	-0.00588424	0.0387297	0.00500133	0.00138023	-0.002327	-0.00052226	-0.00115549	-0.000831569	0.00183366
HG04235	-0.010373	-0.00661769	0.0339712	0.0124631	-0.000155137	-0.00258964	-0.00154152	-0.00112733	0.00270845	0.00145698
HG04238	-0.0115218	-0.00850801	0.0346888	0.00887794	-6.14099e-05	0.00212637	-0.0021857	-0.00170186	-0.000264015	0.000790104
HG04239	-0.012648	-0.00160774	0.0380101	0.0132993	-0.000838242	-0.00143237	-0.00289864	-0.002711	-0.00226907	9.94066e-05
NA06984	-0.0107206	-0.0239236	-0.0106846	-0.0264095	0.000592215	-0.000142783	-0.00209109	0.000276338	-0.00128527	0.000847656
NA06985	-0.0111475	-0.025461	-0.0102033	-0.0165054	-0.00152291	-0.00418812	0.00226784	0.00224057	0.000447579	0.00327231
NA06986	-0.0128095	-0.0219333	-0.012487	-0.0151584	0.00121251	-4.05095e-05	0.000632089	0.00141728	-0.000631192	-0.000575785
NA06989	-0.0107343	-0.0256703	-0.0145518	-0.0222582	-6.80691e-05	-0.00218009	-0.00175802	-0.00360825	0.00181847	-0.000920413
NA06994	-0.0119433	-0.0254294	-0.0181856	-0.00834483	0.000253711	-0.000145503	0.00165384	0.00168282	-0.000520306	-0.000863052
NA07000	-0.0108818	-0.0233735	-0.00798311	-0.0143067	0.0018532	0.00381773	0.00274503	0.00161257	0.00168974	-5.83533e-05
NA07037	-0.0102888	-0.0280268	-0.0184055	-0.0133392	-0.00163838	0.00552941	0.000348926	0.000100252	-0.000801025	-0.00336497
NA07048	-0.0117949	-0.0230842	-0.0144405	-0.0324496	0.000705235	0.000589154	-0.00120626	0.00149525	-0.00119884	0.000404922
NA07051	-0.0112243	-0.0276863	-0.0132969	-0.0133577	-0.00182171	0.0036696	-5.45935e-05	0.00230571	0.0005672	-0.000165966
NA07056	-0.00961837	-0.0285596	-0.0077448	-0.0200773	0.000731496	0.000233643	0.00400373	-5.67892e-06	-1.13296e-05	-1.11275e-05
NA07347	-0.0105619	-0.0257575	-0.0148231	-0.0237242	-0.00065551	0.000134141	0.00278075	0.00186692	-0.000741363	-0.00251171
NA07357	-0.0103497	-0.0250661	-0.0158824	-0.0192995	0.0011442	0.00030936	-0.00177478	0.000250391	5.9331e-06	8.03614e-05
NA10847	-0.010531	-0.0261062	-0.00928522	-0.00793146	0.000160649	0.00415118	-0.000297205	-0.000480287	-0.00214253	-0.00190199
NA10851	-0.0109714	-0.0236795	-0.0148831	-0.0235596	0.000615712	-0.000630625	0.000678673	0.000314221	-0.000158597	0.000815418
NA11829	-0.0100261	-0.0267956	-0.0141985	-0.0217266	5.9952e-05	-0.000528092	0.000991936	0.00188203	-0.00107676	-0.000626292
NA11830	-0.00850246	-0.0238414	-0.0134077	-0.0233712	-0.000150636	0.00132327	0.000638922	-0.00110239	-0.00251618	0.00179129
NA11831	-0.0119166	-0.0235965	-0.00876424	-0.010852	-0.000751976	0.000507221	-5.5722e-05	-0.000440163	-0.0008756	-0.00109551
NA11832	-0.0111106	-0.0238044	-0.00870255	-0.0208382	0.00113814	-9.70048e-05	0.000261008	0.00479609	0.000695553	0.00058975
NA11840	-0.0117893	-0.0246049	-0.00949409	-0.019644	0.00234553	-0.00135656	4.40863e-06	0.00309066	0.00238384	0.0006299
NA11843	-0.00985512	-0.0287094	-0.00979148	-0.0188853	-0.00254287	0.00198784	0.0054448	-0.000810942	0.00332866	0.000184033
NA11881	-0.0109125	-0.0271938	-0.0161309	-0.0101289	-0.000298332	0.000397739	0.00104581	0.000484744	6.90086e-05	0.00331278
NA11892	-0.00961754	-0.0251684	-0.0159856	-0.0141846	-0.000650834	0.00295275	0.00219122	0.00407646	-0.00088625	-0.000632062
NA11893	-0.0110412	-0.0257219	-0.0141565	-0.0234115	0.000916671	0.00185307	0.00100238	0.000961627	0.00166131	-0.0009248
NA11894	-0.0108572	-0.0253229	-0.00775613	-0.0178162	-0.0011734	-0.00184758	-0.0019014	-0.000771476	-0.00056612	-0.00262652
NA11918	-0.0101221	-0.0256979	-0.00748097	-0.0219776	0.00142338	-3.90659e-05	-0.001096	-0.000644728	0.00152627	0.00192481
NA11919	-0.0109642	-0.0230234	-0.01126	-0.0209895	0.000879971	-0.00201767	0.000933864	-0.000365393	0.000976176	-0.0017738
NA11920	-0.0110719	-0.0271489	-0.00987254	-0.0117107	0.000200342	0.00270491	-0.000626962	-0.000817504	-0.00143889	-0.000103975
NA11930	-0.0103996	-0.0243603	-0.0102734	-0.024414	-0.00078657	0.00248528	0.00188125	-0.00211381	-0.00117903	-0.00143796
NA11931	-0.0109006	-0.0274344	-0.011237	-0.0115534	-0.000161444	0.00296319	-0.00086689	0.00118124	0.00063612	2.63754e-05
NA11932	-0.011263	-0.0247521	-0.0108196	-0.0249635	0.00117585	-0.00362221	0.000408527	0.00073437	-0.00100949	-0.000656607
NA11933	-0.00999447	-0.0269726	-0.0106732	-0.0129214	-0.0008287	0.0021891	-0.000734824	-0.00142876	0.000354827	0.00221651
NA11992	-0.0109201	-0.0195443	-0.0100422	-0.0152985	0.000723912	-0.00136372	-0.00119503	-0.00144712	-0.00230146	0.00168134
NA11994	-0.00961102	-0.0225689	-0.0133829	-0.0276268	-0.00235319	0.00149742	-0.00194971	-0.00147646	-0.0030968	0.00174664
NA11995	-0.0101236	-0.0263412	-0.0142187	-0.0203996	-0.000754964	0.00262681	0.00232481	-0.00140431	-0.000723687	-0.00272017
NA12003	-0.00945159	-0.0272363	-0.007959	-0.0200324	0.00187196	-0.00106308	0.00130159	-0.000765251	0.00114213	0.00144543
NA12004	-0.00969269	-0.0276047	-0.0130911	-0.0202748	-0.000565923	0.000777728	0.00212625	-0.00131076	0.00103375	0.000567772
NA12005	-0.0115376	-0.0266334	-0.0134058	-0.0113816	-0.00150792	-0.00197883	0.00150685	0.00143087	0.000915617	-0.00064179
NA12006	-0.0114909	-0.0229908	-0.0129152	-0.0141393	0.00161143	0.00405226	-0.00087096	0.000778158	5.34339e-05	0.000631547
NA12043	-0.0110905	-0.0240296	-0.00943295	-0.0202892	3.76289e-05	-0.00065519	8.99757e-05	0.000733894	-0.000527377	0.000297853
NA12044	-0.0110228	-0.0244665	-0.0195103	-0.0232759	0.0007104	0.000893133	0.000329542	-0.000817524	0.000119073	0.000157296
NA12045	-0.0101318	-0.0269639	-0.0148812	-0.0177697	-0.00141119	0.00223766	0.000452223	0.000364754	0.000248046	-0.0015456
NA12046	-0.0121114	-0.0257244	-0.0123457	-0.0128348	0.000179239	-0.0022759	-0.000498752	0.000455944	0.00051836	-0.000485285
NA12058	-0.0105507	-0.0229125	-0.0107069	-0.0180478	-0.00121391	0.00148749	0.00197982	0.00107423	-0.000613485	-0.000519234
NA12144	-0.0104808	-0.0283067	-0.013375	-0.00979442	-0.00181667	0.00201978	0.00146328	-0.00106137	4.94164e-05	-0.00142861
NA12154	-0.00988548	-0.0258713	-0.0139611	-0.0294406	-0.00110296	0.00190811	-0.0012178	-0.000706513	-0.00185858	-5.12443e-05
NA12155	-0.0117729	-0.0248396	-0.00816967	-0.0183691	-0.000144028	-0.00119718	0.00234319	-0.00116618	-0.000961882	-0.000376128
NA12156	-0.0117082	-0.0228931	-0.0137865	-0.0180311	0.00321766	0.00211703	-0.00135343	0.000529884	0.00168384	-0.000159041
NA12234	-0.0104577	-0.0228969	-0.0167817	-0.0214389	-0.00143932	-0.00116961	0.00148058	0.000625293	0.00134563	0.00137131
NA12249	-0.0112402	-0.0274188	-0.0133409	-0.00933739	0.000860097	-0.00118885	0.00045202	0.0014736	0.000929549	0.000581369
NA12272	-0.0100714	-0.0241926	-0.0105918	-0.0207709	0.000608109	-0.00168943	-0.000483172	0.00074339	-0.000378555	-0.000589389
NA12273	-0.0106842	-0.0245579	-0.0171634	-0.0218594	0.000201986	-0.000600347	0.00171924	7.66423e-05	3.01388e-05	0.000358359
NA12275	-0.0110045	-0.0224505	-0.00750756	-0.0250474	-0.000169864	-0.00414213	0.000943189	0.00116514	-0.00160934	-0.00156396
NA12282	-0.0093834	-0.0275983	-0.0224603	-0.029162	8.84083e-05	0.00216518	-0.000637719	0.0007857	0.000999897	-0.00149997
NA12283	-0.0116371	-0.0224785	-0.0118024	-0.00898926	-0.00104778	0.000647616	0.00393775	0.00206534	5.90364e-05	-0.00159281
NA12286	-0.011345	-0.0197445	-0.0143281	-0.0228484	0.00100771	-0.00138249	-0.000995556	0.0016623	0.00189015	0.000914988
NA12287	-0.009843	-0.0232773	-0.00651345	-0.00970168	-0.00162156	0.00270173	0.00289585	0.00119054	-0.00139123	-0.00302657
NA12340	-0.0110144	-0.0251781	-0.00986212	-0.0122458	0.000172503	3.31388e-06	-0.00211785	-0.000676565	-0.00220683	-0.000991562
NA12341	-0.0117136	-0.0261023	-0.0183738	-0.0209976	-0.000113286	0.000798066	0.000214913	-5.30466e-07	-0.000439431	-0.00157912
NA12342	-0.0114571	-0.0236929	-0.00812518	-0.0135515	0.001467	0.00276896	-0.000756773	-0.0021706	-0.00164314	0.000283243
NA12347	-0.010717	-0.0264132	-0.0180228	-0.0195523	0.00161382	-2.53494e-05	7.28055e-05	0.00117508	-0.000112831	0.00168564
NA12348	-0.0112711	-0.0272385	-0.0116223	-0.0155152	0.000505967	0.000788378	0.000252257	0.00162727	-0.00145176	-0.000563922
NA12383	-0.0107506	-0.0258009	-0.0110325	-0.0211571	0.00033897	0.00227684	0.00324949	-0.0013212	9.02169e-05	-0.000301848
NA12399	-0.0121141	-0.0242263	-0.013542	-0.012955	0.00211521	-0.00163863	0.000335574	0.00105109	-0.0004687	0.0011869
NA12400	-0.00995844	-0.0225878	-0.0149203	-0.0281135	0.0014301	0.00169317	-0.0021407	-0.0009434	-0.0019271	0.0011376
NA12413	-0.0121706	-0.0214922	-0.0114867	-0.0112669	0.00176702	-0.0027153	-0.00183217	-0.000902577	-0.001203	0.00377926
NA12414	-0.0104441	-0.0266103	-0.00870363	-0.0241303	-0.00191625	5.7555e-05	-0.00100809	-0.00145221	0.001157	0.00245514
NA12489	-0.0112277	-0.0254764	-0.00805129	-0.0155811	-0.000503359	-0.000965039	-0.000227922	-0.00263008	-0.00016556	0.00159761
NA12546	-0.00992219	-0.0256081	-0.00863721	-0.0174768	-0.000484596	6.4336e-05	0.000211193	0.000279537	-0.00343065	0.000333557
NA12716	-0.0117759	-0.0247697	-0.0111428	-0.0204805	0.000785192	-0.000308385	0.00102841	0.000604433	-0.000104644	-0.000658521
NA12717	-0.0109082	-0.0258584	-0.0101183	-0.0119523	0.000288231	0.00147016	0.000832581	0.00172462	-0.000724411	-0.000704377
NA12718	-0.0114044	-0.0256158	-0.00736598	-0.00990364	0.00168919	-0.000735848	0.00133359	0.00129149	0.000465694	-0.00152622
NA12748	-0.0118177	-0.0264326	-0.0206609	-0.0208502	-0.000223873	0.00183099	-8.22025e-05	-0.000467706	0.00145719	-0.00130823
NA12749	-0.0107374	-0.0284765	-0.0122344	-0.0224335	0.00128586	0.00068393	0.00127343	0.000478631	0.000780322	0.000887492
NA12750	-0.0109001	-0.0237371	-0.0206698	-0.0240172	-0.000844108	-0.00334644	0.0026044	-0.000487985	-0.00119879	0.000582837
NA12751	-0.0114311	-0.0273168	-0.0104547	-0.0105657	-0.000887921	0.00108633	0.00213073	-0.000689925	5.76253e-05	-0.00432866
NA12760	-0.0102594	-0.0261719	-0.0154903	-0.0253116	0.00207921	0.0024712	-0.00169164	0.0032399	0.00133857	0.000847566
NA12761	-0.0109276	-0.0264563	-0.0135937	-0.0202644	-0.000561315	0.00148084	-0.00236507	0.00116934	-0.000426308	0.000226633
NA12762	-0.0118069	-0.0270685	-0.013849	-0.0179593	-0.000876556	0.000156341	0.00109482	-0.000493938	-0.00162182	0.000223342
NA12763	-0.0115703	-0.0242001	-0.00960303	-0.0240258	-0.00219837	-0.00206816	0.00154354	0.000638375	-0.00181743	-0.0025348
NA12775	-0.0109498	-0.0237277	-0.0102025	-0.0239464	0.00155664	-0.00242102	0.000840937	-0.00527807	0.00195877	0.00125733
NA12776	-0.0112885	-0.0252766	-0.0175423	-0.0213947	-8.99526e-05	0.000258458	0.00214675	-0.00130434	-0.00039213	0.000842296
NA12777	-0.0103796	-0.0254666	-0.0100626	-0.0259139	0.0023599	-0.00119061	-0.000119032	-0.00148788	0.00280522	-0.000464418
NA12778	-0.0114202	-0.0273535	-0.0115756	-0.0109716	0.00031696	0.000859493	0.00214242	-0.00119717	-0.00201937	-0.0020254
NA12812	-0.0118818	-0.0243408	-0.0039566	-0.0182402	0.000545855	0.00311725	-0.0020613	0.00276819	0.00177562	0.00188399
NA12813	-0.0105546	-0.0274226	-0.0104671	-0.00239337	0.00043621	0.00379417	0.00524091	0.000414155	0.00194427	-0.00117449
NA12814	-0.0101749	-0.025801	-0.0129839	-0.0136239	0.000413048	-0.00126224	-0.000267001	-0.00212335	-0.00115386	-0.0010352
NA12815	-0.0108318	-0.0238897	-0.0092477	-0.0167526	0.000475956	-0.00132736	-0.00139345	-0.000932522	0.000591631	-0.00192507
NA12827	-0.0112865	-0.0273104	-0.0111288	-0.0194928	-0.000182971	-0.00279733	0.000529929	-1.03972e-06	0.000349766	0.000642951
NA12828	-0.00940563	-0.0251757	-0.013343	-0.0205829	0.0019612	0.00201043	0.000633036	0.000919397	0.00101223	-0.0027437
NA12829	-0.00967377	-0.0246996	-0.0185481	-0.0150176	0.00164929	-0.000920611	0.000735675	1.2256e-05	0.00296284	0.00265805
NA12830	-0.0110104	-0.0276381	-0.0130993	-0.0241228	0.0020075	0.00109367	-0.00112413	0.00355525	0.00286307	0.00127431
NA12842	-0.0115802	-0.021377	-0.0144068	-0.0166205	-6.62201e-05	0.000766878	0.000486267	-0.000230316	-0.000467303	0.000246388
NA12843	-0.0103685	-0.0270491	-0.00900993	-0.0178864	0.000990194	0.00378894	0.00153763	0.000992422	0.00132184	0.00101187
NA12872	-0.0112599	-0.0245454	-0.0135646	-0.0224524	0.00155409	0.00140268	0.00144636	-0.000382173	0.00174916	0.00219145
NA12873	-0.0109459	-0.0227678	-0.0145548	-0.0118699	-0.00148126	-0.00205149	0.00187857	0.00232965	-0.00292921	1.78023e-05
NA12874	-0.00738986	-0.0231138	-0.0151316	-0.022154	0.00285192	0.00633952	0.00352796	0.00743216	0.00496389	0.000611174
NA12878	-0.0107726	-0.0257704	-0.0164983	-0.0127644	4.79145e-05	-0.00122418	0.000372952	-0.0021204	0.00231012	0.00223465
NA12889	-0.00910914	-0.027326	-0.0144301	-0.0131856	-0.0015904	0.00326903	0.00168613	0.00246349	-0.0038277	-0.00113436
NA12890	-0.00972629	-0.0218066	-0.00988975	-0.0268113	0.00199147	-0.00121318	-0.00211316	-0.000336218	7.42024e-05	-0.000389811
NA18486	0.0346258	0.0041915	-0.00107072	-4.68207e-05	0.0111851	0.0326469	0.00302098	0.001553	-0.00288569	0.00739843
NA18488	0.0343537	0.00485164	-0.00234058	-0.00305957	0.00545262	0.0499561	0.00418477	-0.00798281	-0.0083534	-0.00201989
NA18489	0.0332424	0.00300851	0.000945948	0.00119323	-0.00934798	0.0249646	-0.0124821	-0.0062559	-0.0224723	-0.0141161
NA18498	0.0337775	0.00346678	0.00145821	0.000231685	0.00992267	0.0363682	-0.00273245	-0.0196843	0.00350073	0.00483723
NA18499	0.036184	0.00486234	0.00188229	-0.000421729	0.0228664	0.0299044	-0.0124545	-0.00885467	-0.0109987	-0.0116532
NA18501	0.0351236	0.0055562	0.00376243	-0.000382451	-0.00060507	0.031832	-0.00305766	0.00142257	-0.0111334	0.0111767
NA18502	0.034431	0.00429729	0.0016095	0.00155829	-0.00505192	0.0268805	0.0026625	-0.014064	0.0112807	-0.00426096
NA18504	0.0365648	0.00432139	-0.000567733	-0.00154727	0.0123221	0.0329913	-0.000246584	-0.0114323	-0.0024004	0.00985189
NA18505	0.035333	0.00405357	-0.00402299	-7.31338e-05	0.0018442	0.0652473	-0.00672368	-0.0255582	0.00031361	0.00493242
NA18507	0.0370932	0.00244001	8.90341e-05	0.00265781	0.0128908	0.0285285	0.00236548	-0.00211043	0.00189781	0.00488813
NA18508	0.0358322	0.00181628	-0.000537676	-0.00185215	-0.00215113	0.0224848	0.00376672	0.0160289	0.0129973	0.00303639
NA18510	0.0351322	0.00345128	-0.00276374	-0.000343174	0.0141699	0.0192293	-0.0221396	-0.00496115	-0.0122901	-0.0144247
NA18511	0.034065	0.00457671	-0.000214216	0.00482385	0.0106625	0.0309775	0.00617631	-0.0225581	-0.00051626	0.0114411
NA18516	0.0356717	0.00354098	-0.00144897	0.00335681	-0.00569483	0.0294642	-0.00747446	-0.00513837	-0.00529369	0.00175277
NA18517	0.0336644	0.00373769	-0.00336567	0.00249493	0.00763348	0.00692213	-0.0090496	0.00114884	-0.00796849	-0.00616766
NA18519	0.0348222	0.00200039	-0.000680557	0.00217898	-0.000655749	0.021464	-0.00501789	-0.00338463	-0.024033	0.00613985
NA18520	0.0361742	0.00368998	0.000677859	-0.000668808	0.00614521	0.0392166	-0.00313982	-0.00997829	-0.00162866	-0.00759172
NA18522	0.0338738	0.00518067	0.00227966	0.00302752	0.00494388	0.0212306	0.00230825	-0.00601192	-0.00435276	-0.00284853
NA18523	0.0352637	0.00496388	-0.000625485	0.000470688	0.0124882	0.0038028	-0.00689467	-0.00317609	0.00114566	0.00562886
NA18525	-0.0153915	0.0321013	-0.0140602	-0.0135574	0.00140231	-1.05459e-05	-9.24795e-05	0.00152474	2.82845e-05	-0.00163399
NA18526	-0.0144534	0.0346661	-0.0070182	-0.018594	0.00204915	0.00278165	0.000231708	0.00105025	-0.00013565	0.000154217
NA18528	-0.0148376	0.029463	-0.00105316	-0.0020685	0.00159278	0.000822644	-0.000465516	0.000247307	-0.00150377	0.00177334
NA18530	-0.0153789	0.0337963	-0.00524174	-0.00769849	0.000956758	-1.31737e-07	0.00104609	-3.53839e-05	-0.000993921	0.000230355
NA18531	-0.0148694	0.0334857	-0.0030437	-0.00119949	0.00125901	0.000114516	-0.00116049	0.0022172	0.000224245	0.00182935
NA18532	-0.0141138	0.0338568	-0.00466867	-0.0156113	7.04695e-05	0.000948913	0.00237305	0.000392836	0.00361387	-0.00221321
NA18533	-0.0161937	0.0338902	-0.00279065	-0.00600452	0.000945334	0.00198895	0.000437489	-0.00271117	-0.00113449	-0.00159964
NA18534	-0.0141669	0.030498	-0.00391202	-0.0136943	0.00213376	-0.00116908	-0.000658958	-0.000895853	-0.000716404	-0.000531185
NA18535	-0.0154306	0.0362588	-0.0116635	-0.0126036	-7.37356e-05	0.000139774	0.00107614	-0.00138071	0.000672774	0.000116373
NA18536	-0.0142071	0.0394331	-0.0119712	-0.0199489	-0.000345646	0.00070387	0.000649227	0.00134377	0.000130256	-0.00197791
NA18537	-0.0137601	0.0312934	-0.00536008	-0.00668783	0.000971232	0.00221796	-0.00047214	0.00256021	0.00110421	0.00174744
NA18538	-0.014356	0.0319826	-0.00667599	-0.0077766	-0.00113099	0.00223266	-0.000460957	0.000248504	-0.00190634	0.000532069
NA18539	-0.0145324	0.0301061	-0.00767716	-0.00515781	-9.28083e-05	9.96615e-05	0.000599264	-0.000543024	0.00145274	-0.000591236
NA18541	-0.0148659	0.0311569	-0.00347505	-0.00772451	-0.000274027	0.000801756	-0.00189282	-7.46204e-05	-0.000191326	-0.00137733
NA18542	-0.015531	0.0324856	-0.0125598	-0.00578647	-4.75828e-05	-0.00157044	-0.000793806	-0.00234867	-0.00125627	-0.000227113
NA18543	-0.0154169	0.0359984	-0.00543975	-0.0190771	0.000966622	-0.000680019	0.000262714	0.00146966	0.00208024	-0.00211635
NA18544	-0.0151125	0.0315765	-0.00545096	-0.00056258	0.00092305	-0.00169661	0.00162835	-0.000139683	-0.0014429	-0.000974977
NA18545	-0.0152792	0.0390382	-0.00639052	-0.0109372	0.00162739	-0.00242532	0.000239874	0.00296461	0.00202115	-0.00290394
NA18546	-0.0147056	0.0337307	-0.00576809	-0.00552256	0.000702059	0.00247578	0.00112515	-0.000618904	-0.000241526	0.00136524
NA18547	-0.0152535	0.0382631	-0.00925706	-0.012075	9.20352e-05	-0.00110843	-0.000287455	-0.00112483	-0.00228077	6.85062e-05
NA18548	-0.0164601	0.0349141	-0.0106798	-0.00858356	0.00100787	-0.000612206	-0.00153539	0.000857043	-0.00118892	0.000649032
NA18549	-0.0156421	0.0396761	-0.00835335	-0.0158519	0.00137511	-0.00103738	-0.000405258	0.00153513	0.000594598	-0.00239697
NA18550	-0.0147236	0.0362734	-0.00602679	-0.0162174	0.0005741	-0.00220286	0.000553053	0.00160589	0.00129149	0.000360961
NA18552	-0.0150128	0.0321012	-0.00195566	-0.00743289	-0.00216443	0.00160752	-0.000579892	-0.00132109	-0.000142556	-0.00018498
NA18553	-0.0152735	0.0310566	-0.00778132	-0.0174483	0.00242904	0.00142877	0.00153121	-0.00368389	-0.00139352	0.00183742
NA18555	-0.0145119	0.0335685	-0.00320624	-0.00882943	-0.00119685	0.000589349	-0.00145009	-0.00107002	-0.000230477	0.00282207
NA18557	-0.013763	0.0349906	-0.00254066	-0.00787171	-0.00119807	0.00417256	-0.000753526	0.00190593	-0.00126793	0.000515357
NA18558	-0.0149276	0.0327835	-0.00284336	-0.00994344	-0.000985196	-0.00178521	-0.00269456	0.000484949	0.000381019	0.000506621
NA18559	-0.0138533	0.0380731	-0.00630093	-0.0182418	0.000474447	0.0016799	0.00195374	0.00014874	0.00381744	-0.00216386
NA18560	-0.0146128	0.0311523	-0.0059241	-0.00213597	0.000673739	0.000533656	-0.000131529	-0.000266536	-0.00303693	4.68444e-05
NA18561	-0.0160773	0.0335772	-0.00825718	-0.0172288	0.00194684	-0.00257555	-0.00118785	0.0016685	0.0018383	-0.000164821
NA18562	-0.0140824	0.0296896	-0.00339967	-0.00602418	-0.00185752	0.0017291	0.00199171	0.00208364	-0.000666699	0.00385127
NA18563	-0.0160806	0.0330791	-0.00605207	-0.000781646	0.000935355	0.00115637	-0.000595057	0.00201664	-0.00322596	0.000657901
NA18564	-0.014122	0.0272585	-0.00690438	-0.00753633	0.00102082	0.0015634	-6.31271e-05	0.00191905	0.000289425	0.000300246
NA18565	-0.0143724	0.0367062	-0.00704245	-0.014601	-5.16481e-05	-0.000939734	-0.00134144	-0.00225282	-0.000367612	-0.00396483
NA18566	-0.0158987	0.0333003	-2.48804e-05	-0.00665196	-0.000299406	-0.00135835	-0.00246527	-0.00164934	-0.00051912	-0.000459478
NA18567	-0.0151253	0.037171	-0.00869217	-0.0184431	-0.000947628	-0.000122991	0.000591209	-0.0019584	0.000708716	0.00335175
NA18570	-0.0152117	0.0344358	-0.00509825	-0.0216518	0.000106683	0.00367538	0.00075283	0.00104656	-0.000454117	0.00210793
NA18571	-0.0153467	0.0360628	-0.00952265	-0.0100946	0.00114309	0.00134006	-0.00059939	-0.000703939	-0.00158388	-0.000671632
NA18572	-0.015252	0.0348108	-0.00816114	-0.0133289	7.17571e-05	-0.00158933	0.00125403	0.00081274	-0.000114449	-0.001021
NA18573	-0.0155064	0.0368148	-0.000488416	-0.0150356	7.61838e-05	-2.71022e-05	0.00113928	-0.000413701	0.00129757	-0.00176681
NA18574	-0.0147103	0.0322639	-0.00575711	-0.00838322	0.000679809	0.00259214	0.000794969	0.00315918	0.000851363	-0.000354891
NA18577	-0.0142604	0.0310865	-0.00911172	-0.0107896	0.000458684	0.000674085	0.00100997	0.0020117	0.000158422	0.000234876
NA18579	-0.0147391	0.0355837	-0.00421738	-0.0091166	0.00133191	-0.00127322	-0.000571132	0.000152232	0.000234216	-0.00252148
NA18582	-0.0151813	0.033686	-0.0100034	-0.0158292	-0.00231641	-2.27978e-05	0.00209468	0.000926612	-0.000682201	0.000237517
NA18591	-0.0150531	0.0331628	-0.00763723	-0.00798251	-0.00113491	0.0011844	0.00253609	0.000454674	0.000104804	-0.000409794
NA18592	-0.014971	0.0314174	-0.00355513	-0.0179815	0.00198511	0.00259452	0.00120191	0.000781763	-0.000541032	-0.00124917
NA18593	-0.0151684	0.0349086	-0.00625406	-0.0172484	8.94777e-05	-0.00104797	0.000658187	0.00108984	-0.00120493	0.000689641
NA18595	-0.01475	0.0365605	-0.00455915	-0.00507834	0.000316855	-0.000555541	-0.00043322	9.82242e-05	-0.000678546	0.00198072
NA18596	-0.0153494	0.0382732	-0.00532316	-0.0121899	0.000801319	0.00144342	-0.000355388	-0.000765589	-0.000540009	0.000520473
NA18597	-0.0137599	0.027402	-0.00262082	-0.00615671	0.000521755	0.00177799	0.00174175	0.00159956	-0.000599102	0.00161104
NA18599	-0.0146121	0.0335651	-0.00790003	-0.0143979	0.000167386	-0.00261279	0.000458957	0.000324269	0.000671918	0.00143949
NA18602	-0.0151911	0.0351538	-0.00325473	-0.0096713	0.000312232	-0.000649198	-3.03855e-05	0.00171703	-0.000716537	0.00155374
NA18603	-0.0143899	0.0374738	-0.00565591	-0.0124009	0.000336242	-0.00350663	0.000580897	1.94372e-05	-0.000708213	-0.000964668
NA18605	-0.0162327	0.0375511	-0.0138524	-0.015967	-0.000802218	-0.000833444	-0.00262188	-0.00146823	-0.00231119	-0.000257985
NA18606	-0.0148397	0.0336985	-0.00740043	-0.0177772	-0.00205477	0.00164454	0.000680925	-0.00122187	0.00050779	0.00121202
NA18608	-0.015176	0.0264597	-0.00260062	-0.00605583	-0.000128644	-8.19134e-05	0.00112558	0.000867787	0.000828289	0.0004934
NA18609	-0.014538	0.0327862	-0.00322888	-0.0074002	-0.00123546	0.00190745	0.00216229	0.00218415	0.000854435	-0.000816133
NA18610	-0.0147678	0.03458	-0.00690804	-0.0083005	0.00110365	-0.000150559	-0.000325613	-0.00155715	-0.000725449	3.74123e-05
NA18611	-0.0141611	0.0313684	-0.00661488	-0.00461231	0.001477	-0.000541904	0.00429515	0.00152159	0.000796021	-0.000881436
NA18612	-0.0149463	0.0351403	-0.00185358	-0.0141941	0.000955444	0.000501944	-0.000599096	-0.00303329	-0.0023057	0.00184107
NA18613	-0.0156384	0.033012	-0.00728297	-0.00584042	-0.00125385	-0.00157841	0.000439167	0.00118852	-0.00120239	0.000201464
NA18614	-0.0144092	0.0312468	-0.00430336	-0.00906995	-0.000523896	0.000255936	0.000495018	0.00159784	-3.53824e-05	-0.000404392
NA18615	-0.0142894	0.0340784	-0.00855741	-0.01269	-0.000536111	-0.00070017	0.000863789	-0.000599989	0.000418108	-0.000630617
NA18616	-0.0146695	0.0346351	-0.00340265	-0.00383504	0.000421035	-0.000528037	0.00509694	0.00318301	0.00213949	-0.00171026
NA18617	-0.0157924	0.0370918	-0.00371345	-0.0134192	0.00127982	-0.0015854	-0.00283189	0.000500781	5.1175e-05	0.000909342
NA18618	-0.013796	0.0297982	-0.00750182	0.00186899	-0.000465326	-5.11309e-05	-0.00052565	0.00132907	0.00132431	0.000100408
NA18619	-0.0141327	0.0256089	-0.00762527	-0.00642714	0.00132731	0.000510196	0.00171027	-0.00152778	0.000562961	-8.24926e-05
NA18620	-0.0152421	0.0341096	-0.00201258	-0.00777201	-9.26117e-05	0.00189935	-0.000528012	-0.00107051	-0.000537572	0.000472751
NA18621	-0.0155569	0.0286097	-0.0136529	-0.00328163	-0.00158063	-0.00220452	0.00124566	0.00268377	0.00241602	0.000730597
NA18622	-0.0150673	0.0299304	-0.00639301	0.000877482	0.00131008	0.00180108	0.00148812	0.00605655	0.00166165	-0.00225972
NA18623	-0.0152379	0.0348902	-0.00766031	-0.00603487	0.00184489	-0.00188373	-0.000395649	-0.00251	-0.00130953	-2.76444e-05
NA18624	-0.0158081	0.0361754	-0.00929795	-0.0205983	0.000228528	0.000340365	0.00147928	-0.00218467	-0.000782525	0.000426442
NA18625	-0.0141232	0.0340459	-0.00880364	-0.0105011	-0.000128234	0.000805395	-1.37071e-05	-0.000379771	-0.000366358	-0.00128267
NA18626	-0.0148586	0.0278737	-0.00663885	0.00038737	0.000186438	-0.000149197	0.000388173	-0.000876087	-0.00217117	-0.00299022
NA18627	-0.0149706	0.0362162	-0.00868302	-0.0042407	-0.00132689	-0.00010981	0.00148514	0.000865533	-0.0026963	-0.00109776
NA18628	-0.0141443	0.0357638	0.00323126	-0.0110476	0.000498838	0.000282494	0.00162322	0.00107472	0.00117804	0.00010181
NA18629	-0.0142013	0.0318876	-0.0104039	-0.00430563	-0.00222156	0.00168068	-0.00100777	0.000738816	0.000403555	0.000284185
NA18630	-0.013597	0.0300424	-0.00627089	-0.0140121	0.000383614	-0.00105377	0.000232827	-0.00236259	0.000823261	-0.000592107
NA18631	-0.0142304	0.0372347	-0.00708234	-0.0126181	0.000218652	0.000334859	-0.00130016	0.000965394	-0.00190194	-0.00072585
NA18632	-0.0151457	0.0364651	-0.00471465	-0.0121495	0.00212206	0.00199504	0.000907021	-0.000268979	0.000358079	0.000497129
NA18633	-0.013513	0.0364553	-0.00874961	-0.0105896	0.00175397	0.00112081	0.00208579	0.00218642	-0.00012385	0.000582924
NA18634	-0.0142878	0.0322986	-0.00619704	-0.0183777	0.000184155	0.00132943	-0.000334307	0.00189705	0.000675759	-0.00059263
NA18635	-0.015663	0.0326837	-0.0112043	-0.0112357	0.00107453	0.00273666	0.000532797	0.00016585	-0.00208949	-0.00103378
NA18636	-0.0156078	0.0340121	-0.000325153	-0.0133003	0.00163299	0.00273891	0.00205661	-2.43451e-05	0.000927384	-0.00014695
NA18637	-0.0148448	0.0332102	-0.00385117	-0.0126349	-5.73008e-06	-6.07972e-05	0.00103005	-0.00124024	-0.00126135	0.000517373
NA18638	-0.0151069	0.0375118	-0.00586519	-0.0158325	0.00163438	-0.000340626	3.6298e-05	0.00120336	-0.000610371	-0.00276148
NA18639	-0.0149997	0.0391592	-0.00529506	-0.0174948	0.00149896	0.000829283	0.00057104	-0.00375864	-0.00042427	-0.000665202
NA18640	-0.0148079	0.033737	-0.0043657	-0.00974258	7.04507e-05	0.000738686	-0.00299628	-0.00346493	0.00395468	0.00439173
NA18641	-0.0148952	0.0365733	-0.0020538	-0.0109892	-0.000722427	0.00121637	0.000703	-0.000796122	-0.0017813	0.000638005
NA18642	-0.0144139	0.0328166	-0.0110244	-0.0124715	0.0017778	-6.88487e-05	-0.000223308	0.000758494	-0.00183596	0.000794784
NA18643	-0.0135586	0.0332033	-0.0103863	-0.0129088	0.000534235	-0.000339486	0.00165912	0.0017351	0.00214703	-0.002068
NA18644	-0.0140905	0.0346055	-0.0105312	-0.0089503	-0.000426606	-0.00122216	-0.000257594	3.19809e-05	-0.000461815	0.00107443
NA18645	-0.0155421	0.0326866	-0.00344329	-0.00707264	-0.000620674	0.000976908	0.00171418	-0.000443573	0.000181845	0.00295792
NA18646	-0.0155409	0.0328512	-0.00657089	-0.00934562	0.000161326	0.00182568	0.00127514	-0.0011534	-0.000729955	-0.000581405
NA18647	-0.015178	0.0344189	-0.00854065	-0.0116274	0.000766587	0.00139916	-0.000644807	-0.000680208	-0.000870823	0.000641976
NA18648	-0.0140238	0.0343568	-0.0066314	-0.00325554	-0.00116268	-0.00211705	-0.00200168	-0.000899046	-0.000459038	0.00294834
NA18740	-0.0140842	0.0380097	-0.00625866	-0.0172519	0.00207728	-0.00195062	0.00127166	0.00292955	0.00131913	-0.000735215
NA18745	-0.0151134	0.0335902	-0.0103845	-0.00912768	-0.00175109	-0.00141245	-0.00108101	-0.00334129	-0.00062455	0.000764889
NA18747	-0.0155645	0.0336484	-0.00994874	-0.00831295	-0.00137722	0.00316976	0.00155938	0.000895856	-0.00234315	-0.00180849
NA18748	-0.0155649	0.0352658	-0.0125516	-0.00803515	-1.32145e-05	0.000198338	-0.00141368	0.000249666	-0.00105253	0.000462519
NA18749	-0.0157783	0.0321757	-0.0117398	-0.0125987	0.000816128	0.000846396	-0.00108806	-0.00233858	-0.00134079	-0.000575717
NA18757	-0.014894	0.036225	-0.0123111	-0.0128885	0.000980888	0.000679915	-0.000962567	-1.47401e-05	-0.000699634	0.00161904
NA18853	0.0335656	0.00588382	-0.000593419	0.00130825	0.0102604	0.0155739	-0.00431993	-7.94993e-05	-0.00364878	-0.00100731
NA18856	0.0338121	0.00185089	0.00150206	-0.00330015	0.0023599	0.00999924	-0.00139142	0.0240836	0.00310628	-0.000641178
NA18858	0.034561	0.0034196	0.00174104	-0.00143834	-0.000465485	0.0550346	0.00479607	-0.0100793	0.00799169	0.0117867
NA18861	0.0339043	0.00673661	0.000169309	0.00559377	0.00642773	0.00633622	0.0134308	-0.00543989	0.0257986	-0.018115
NA18864	0.036466	0.00292069	-0.000460271	0.0039323	0.0065452	0.0211938	0.00473431	-0.0074121	-0.00493025	0.0101628
NA18865	0.034793	0.00258701	-0.000142383	0.00366832	0.0275893	0.0267505	0.00560952	-0.0120094	-0.000394457	0.012809
NA18867	0.0331494	0.00317791	6.45988e-05	-0.00419075	0.00463604	0.0190459	-0.0144479	-0.010717	-0.000229627	0.0125797
NA18868	0.0365525	0.00348649	-0.000923848	0.000929262	0.0215602	0.0244963	0.0100726	-0.0168949	0.00899094	0.0151651
NA18870	0.0347192	0.00646195	0.00165091	-0.00109611	0.0168321	0.0387059	-0.00737909	-0.000250764	0.00308605	0.0098207
NA18871	0.035933	0.00526682	-0.00228442	-0.000411897	0.0167059	0.0384084	-0.00357835	0.00986204	-0.00337975	0.00810426
NA18873	0.0355772	0.00437202	-0.000337944	-0.00194594	0.00934112	0.0279073	-0.00924587	-0.00123728	0.00882114	0.0164269
NA18874	0.0336681	0.00510756	0.00162268	-0.000374848	0.00621268	0.0416546	-0.00869371	-0.01509	0.0050223	-0.00835033
NA18876	0.0383959	0.00365944	-0.00419436	0.00552476	0.00602297	0.0497937	-0.00301404	-0.00188374	0.0130708	0.0143217
NA18877	0.0332793	0.00387123	-6.84955e-05	0.00344154	-0.00134921	0.0244545	0.00736195	-0.00854143	-0.00513153	0.00564516
NA18878	0.0362193	0.00667093	6.15238e-05	-0.000777885	0.0129426	0.0313475	0.00114066	-0.00505627	-0.00430464	0.0038997
NA18879	0.0342509	0.00347128	0.00252439	-0.000298144	-0.000202014	0.0296059	0.0223175	-0.0173348	0.0091505	-0.00446048
NA18881	0.0336393	0.00242142	0.000375646	-0.00164968	0.000500446	0.00804895	-0.0179223	-0.000401095	-0.00817369	-0.00227919
NA18907	0.0351624	0.00234675	0.00167526	0.0023701	0.00905465	0.0473616	-0.0125048	0.00963798	-0.00230228	0.0174526
NA18908	0.037931	0.00390726	-0.00398534	-0.000163347	0.0168845	0.0486498	0.00758837	-0.00164657	0.00232091	0.0149723
NA18909	0.0354564	0.00399108	-0.000210258	0.00174729	0.018944	0.0394634	-0.00265034	-0.00888362	-0.00798289	0.00793777
NA18910	0.0341994	0.00442912	0.00355871	0.00144419	0.0143909	0.0404708	-0.00271497	0.00055202	0.00477987	0.0104608
NA18912	0.0374665	0.00513949	-0.00391187	0.00494559	0.0136519	0.0372071	0.00902612	-0.0245412	0.00345635	0.0179425
NA18915	0.0348269	0.00146936	-0.00285858	-0.000957887	0.00387904	0.0367049	-0.000246636	-0.0153356	0.00813254	0.00636714
NA18916	0.0358101	0.00264439	0.00302959	0.00117472	0.000528315	0.0296181	-0.0118196	0.000890543	0.000444362	-0.0115956
NA18917	0.0343379	0.00365198	-0.00116014	0.00173715	0.0107501	-0.000140329	-0.00574302	0.0003348	-0.00742134	0.00393269
NA18923	0.0353385	0.000685463	0.00162109	-0.00152832	0.00235776	0.0564701	-0.00556419	-0.0109141	-0.00515664	0.0096413
NA18924	0.0355051	0.00214318	0.0011366	0.000886569	0.0139393	0.0415328	-0.00985675	-0.0104049	0.00458882	0.00292854
NA18933	0.0359685	0.00554735	-0.00136899	0.00200128	-0.00514681	0.0396155	-0.0020925	-0.0112696	-0.0112669	-0.00918313
NA18934	0.0356639	0.00394285	-0.000746276	-0.00326154	0.0025855	0.041374	-0.00584869	-0.0107224	0.00278225	0.00313954
NA18939	-0.0152356	0.0309568	-0.00787569	-0.00848956	0.000947612	-0.0012243	-0.00591378	-0.00363648	-0.0021807	0.00231565
NA18940	-0.0143044	0.031282	-0.00268443	-0.0177355	-3.53679e-05	-0.00236868	0.00112728	0.00158024	-0.00111842	-0.00291737
NA18941	-0.0149843	0.0305056	-0.0105621	-0.0111448	0.000956658	0.00128161	-0.000436367	0.000494157	-0.00109456	0.00150688
NA18942	-0.0147692	0.0322773	-0.00479295	-0.0112972	-0.000868361	-0.000500535	0.000809166	-0.00139644	0.000396272	0.000449245
NA18943	-0.0148205	0.0276846	-0.00379231	0.000111933	-0.000331415	0.0018952	-0.0023593	-0.00144116	-0.000356798	0.00225773
NA18944	-0.0151153	0.0304758	-0.0100034	-0.0160556	0.0014213	0.00115886	0.00211775	0.00258736	-0.00119344	0.00145223
NA18945	-0.0145562	0.0338758	-0.00520586	-0.00975782	0.000133909	-0.000402503	-0.000105376	-0.00150774	-0.00140205	0.000584348
NA18946	-0.0150127	0.0331266	-0.00586983	-0.0107637	0.00072677	-0.00123779	0.000509406	0.00282369	0.00169596	0.00240847
NA18947	-0.0149091	0.0313216	-0.00521423	-0.00624238	0.0011848	0.000566622	-0.000938801	-0.00122815	-0.0012714	0.000988781
NA18948	-0.0147315	0.031358	-0.00926069	-0.0113274	-0.000347868	-0.00272429	-0.000793431	-0.00309431	-0.000790961	0.000215564
NA18949	-0.0146155	0.0352647	-0.00398217	-0.0116496	0.000348391	0.000501969	-0.000640939	0.000313483	-0.00303424	0.000353461
NA18950	-0.0151041	0.0289021	-0.00414261	-0.0122899	-0.000117428	0.000708158	-0.000266898	-0.000747238	-0.00192921	0.000183781
NA18951	-0.0148824	0.034827	-0.00915662	-0.00754923	0.000562738	6.61389e-05	-0.00198091	-0.00195552	-0.00124184	0.000585863
NA18952	-0.0153148	0.0311067	-0.00709417	-0.00962812	-5.66717e-05	-0.00158407	-0.00085158	-0.00246832	-0.000850251	0.000479449
NA18953	-0.0153122	0.0332545	-0.00460613	-0.00626915	-0.000855884	-0.00108159	-0.000615575	0.00328174	-0.000440644	0.00178101
NA18954	-0.0140361	0.0391664	-0.00812481	-0.0148444	0.000309582	0.000578122	0.000769175	0.000170729	-0.00116392	0.000327022
NA18956	-0.0154416	0.0317954	-0.00718845	0.000356007	-0.000709857	0.000564619	-0.00157407	-0.00179304	0.00102079	-0.000243678
NA18957	-0.0150839	0.0300308	-0.00254674	-0.00726749	0.00154265	0.00172396	-0.000368217	-0.00360902	0.000256905	-0.00160614
NA18959	-0.0152735	0.0343871	-0.00710538	-0.0100702	0.000373591	0.00225075	-0.00132759	0.00027641	-0.000600747	-0.00177466
NA18960	-0.0151884	0.0373552	-0.00631935	-0.0145244	0.000579745	-0.00123158	0.000634892	-0.00372073	-0.00242819	0.00148413
NA18961	-0.0145593	0.0286663	-0.00823653	-0.00908332	-0.000169915	0.00100084	0.000264859	0.00140705	-0.000731706	0.00163765
NA18962	-0.0141641	0.0310089	-0.00576973	-0.00127713	0.00159432	0.00230404	0.000539815	6.0232e-05	-0.000642311	0.00156868
NA18963	-0.0141593	0.0337521	-0.00287902	-0.0140472	-0.000187895	0.001371	0.0011415	-0.00194379	-0.00228524	-0.00062126
NA18964	-0.0153189	0.0362856	-0.00434369	-0.0202632	0.00124521	-0.00199235	0.00260636	0.000857089	-0.00116091	0.000227266
NA18965	-0.0133947	0.0304559	-0.0107623	-0.0122174	-0.00112562	0.00117456	0.000455941	0.000397075	-0.000440516	0.00075766
NA18966	-0.0150074	0.0342286	-0.00346954	-0.0176724	0.00103232	0.00199891	-0.000163994	-0.00184458	-0.00277346	0.000848527
NA18967	-0.0144418	0.0314321	-0.00305174	-0.00786694	0.000258622	-0.00124815	-0.00170166	0.000613178	-0.000999527	-0.000810824
NA18968	-0.0150789	0.0352815	-0.00714493	-0.0104634	0.00114857	0.00184451	-0.00238994	0.00375676	0.000354882	0.0022134
NA18969	-0.0156687	0.0309338	-0.00827094	-0.00108015	-0.000506036	0.0020155	0.000711766	0.000371315	-0.00307247	0.00128731
NA18970	-0.0149049	0.0355518	-0.00884926	-0.0131716	1.21551e-05	0.00154191	-0.000526259	-0.000797841	-0.000581918	0.00112186
NA18971	-0.0151584	0.0349642	-0.00867071	-0.00765549	-0.000183757	-0.00256103	0.000642924	0.00333266	-0.00355175	0.00359972
NA18972	-0.0144612	0.0302597	-0.0126429	-0.0162644	0.00264057	9.60849e-05	0.000737069	-0.000344541	-0.00159163	-0.000204306
NA18973	-0.0155547	0.0308953	-0.0133675	-0.00459272	0.000201917	-0.00117279	-0.000139001	0.00140364	-0.00160473	0.000199312
NA18974	-0.014684	0.0330386	-0.00978556	-0.0146355	-0.00293651	0.00160187	0.00296586	0.00222034	-0.000641464	0.00216906
NA18975	-0.0146116	0.0321828	-0.00774347	0.00288089	-0.00210565	0.00126924	0.000714221	0.000136626	-0.00347003	0.00315428
NA18976	-0.0161217	0.0347909	-0.00872532	-0.00723474	0.000683068	-0.000852277	-0.00153169	-0.00371603	-0.00196388	0.00245715
NA18977	-0.0147377	0.0342551	-0.00720061	-0.0084983	0.000608044	-0.00118025	-0.00236687	-0.00142154	-0.00218354	0.000809412
NA18978	-0.0143021	0.0312374	-0.00883918	-0.00792195	-2.03728e-05	-0.000552544	-0.00196251	-0.000113497	0.000636183	0.00072413
NA18979	-0.0155189	0.0310957	-0.0128264	-0.0135553	0.000241207	-0.00158083	-0.00128527	0.00307484	-0.000897804	0.00161304
NA18980	-0.0154582	0.0307321	-0.0104363	-0.0110422	-0.00117888	0.000299225	-0.000612129	0.000956495	-0.00157064	0.00239992
NA18981	-0.0150341	0.0301509	-0.00696075	-0.0037058	0.00175648	0.000318657	-0.000745927	-0.00157794	-0.00149379	-0.00177684
NA18982	-0.0148816	0.027085	-0.00124979	0.00762081	0.000899554	0.000182732	0.0022225	-0.00139915	-0.00421135	0.00204431
NA18983	-0.0153192	0.0301453	-0.0101779	-0.00703043	-0.00104564	2.71139e-05	-0.000131935	-0.00407217	-0.000234473	0.000205313
NA18984	-0.0160886	0.0352644	-0.00444093	-0.000206422	-0.000423178	0.00178037	0.000591649	-0.000403306	-0.00240113	-0.0014488
NA18985	-0.014818	0.0322908	-0.00874171	-0.00993905	0.00156818	-0.000668186	-0.000854976	-0.000173531	-0.00101681	-0.00124626
NA18986	-0.0141402	0.0330691	-0.0105885	-0.0157861	-0.000832979	-5.58597e-05	0.000716428	0.00175458	-0.000537275	0.000897562
NA18987	-0.0149606	0.0342419	-0.011549	-0.00947703	-0.00119179	0.000863259	-0.000898907	0.000500719	-0.000255353	0.00242853
NA18988	-0.0148902	0.0341662	-0.00905062	-0.00562195	-0.0012876	-0.000608721	0.000260971	0.00258288	-0.0023506	0.00173246
NA18989	-0.0154039	0.0274557	-0.00055561	-0.00603947	-0.000382396	0.00120831	0.00111849	2.89403e-05	0.000465154	-0.00144362
NA18990	-0.0148089	0.0356987	-0.00567738	-0.00655416	-0.000437464	-0.00107665	0.00150908	0.00160872	-0.00108253	-2.66539e-05
NA18991	-0.0155012	0.0358616	-0.0105706	-0.0051505	0.0011593	0.00174627	-0.00136579	-0.000540808	-0.00318472	0.00224465
NA18992	-0.0147433	0.0309082	-0.00628448	0.000560687	-0.0023393	-0.00299709	-0.00146712	0.000915671	-0.00302249	0.00228109
NA18993	-0.0142839	0.0307835	-0.00295602	-0.0119173	-0.00025977	-0.0011039	-0.00241225	0.00118674	-0.000423336	0.00243163
NA18994	-0.0143412	0.0312808	-0.00727777	-0.00703644	-4.67738e-06	0.00160329	-0.00021085	0.000191347	-0.000329691	0.0002727
NA18995	-0.015261	0.0324399	-0.0122313	-0.0144916	1.67613e-05	0.000316617	-0.00111179	0.000242192	-0.00107383	0.000895343
NA18997	-0.0158374	0.0319442	-0.00657232	-0.0102878	0.000902912	-0.000899045	-0.000757194	0.000315222	-5.46667e-05	-0.00129109
NA18998	-0.0152418	0.0276484	-0.00748275	-0.00577871	-0.000201786	-0.000359812	-0.00253236	0.00204885	-7.75443e-05	0.0014128
NA18999	-0.0160887	0.0289368	-0.00539532	-0.00704282	-0.000679633	0.00214252	-0.000251795	0.000926649	0.00104678	-0.000142697
NA19000	-0.0151792	0.030655	-0.00893168	0.00437496	0.000242387	0.00180651	0.00171596	-0.000140242	-0.00241164	0.00032439
NA19001	-0.0155401	0.0359433	-0.0105815	-0.0126484	-0.00119066	0.000392731	6.16796e-05	-0.00229246	-0.0024771	-0.000634839
NA19002	-0.0149584	0.0324763	-0.00892829	-0.00965249	-0.00115696	-0.00283872	0.000772616	0.000253717	0.000833692	0.00042909
NA19003	-0.0150072	0.0257031	-0.00158455	-0.00779101	-0.000242503	-0.00106451	-0.00205663	0.00162931	-0.00140791	0.00274999
NA19004	-0.0147153	0.0326908	-0.0128095	-0.00910536	-0.000979354	-0.00106323	0.00104416	0.000455493	-0.000446782	-2.78819e-06
NA19005	-0.0154852	0.0343252	-0.00675694	-0.00517747	0.00106757	-0.00302421	-0.000735479	0.00244834	0.000776203	-0.00117705
NA19006	-0.0155949	0.0307116	-0.00619302	-0.0131777	-0.00015261	-0.000665247	-0.00212634	0.000222906	-0.00183887	0.000936908
NA19007	-0.0156039	0.0331889	-0.00632116	-0.0110079	-0.00034391	-0.00119395	0.000472785	0.001993	-0.000797419	0.00112026
NA19009	-0.015021	0.0335826	-0.00342245	-0.0064427	-0.00119844	0.000430619	-0.000105339	1.61629e-05	-0.00289407	0.00176953
NA19010	-0.0162201	0.0361808	-0.00826099	-0.0133401	-0.000859006	0.00181765	-0.000411107	0.000584829	-0.000235903	0.00087606
NA19011	-0.014649	0.0331966	-0.00449159	-0.0110305	0.00078677	0.0048442	-0.00192516	0.000416275	-0.000820868	0.000304497
NA19012	-0.0153023	0.0297814	-0.00492292	-0.00196121	0.000208501	0.000942455	-0.000455693	-0.00187892	-0.00264888	0.00174931
NA19017	0.0316454	0.00252221	-0.000323179	0.00063474	-0.113302	-0.0768474	-0.0123374	0.0194469	0.0397272	-0.100956
NA19019	0.0318421	-0.000134186	0.0084035	-0.00868565	-0.104336	0.00605157	0.00735894	-0.0309689	-0.0475018	-0.0631533
NA19020	0.0326526	0.00245588	0.00250115	-0.00418069	-0.0541385	0.0208558	0.0134403	0.0140446	0.0108983	-0.019505
NA19023	0.0347176	0.00409225	0.000875566	-0.00786853	-0.128556	-0.0300818	0.0756215	-0.130333	-0.0406156	0.0473281
NA19024	0.0349392	0.00402071	-0.00189755	0.00489295	-0.0711672	0.0391504	0.0305217	0.0952242	0.0309472	0.0192975
NA19025	0.0373633	0.00310174	-0.00490389	0.00471939	-0.0775049	0.022174	-0.0155039	0.00950638	0.0418757	-0.0651924
NA19026	0.0303151	0.0040469	-0.000362548	0.00114352	-0.0851083	-0.00734917	0.00221848	0.0801643	0.0369264	-0.0164061
NA19027	0.0298296	-0.00119172	0.00391218	0.00675806	-0.0874232	-0.0327684	0.045885	0.0260974	-0.10734	-0.0676337
NA19028	0.0295568	0.00177708	-0.000974811	-0.00360271	-0.129285	-0.0910177	0.136422	-0.046554	0.20097	0.164849
NA19030	0.0340151	0.00433521	0.00443117	-0.0023171	-0.0698436	-0.0101678	0.0106114	-0.0152533	0.0113428	0.0173448
NA19031	0.0286977	0.000846497	0.00363629	-0.0109898	-0.0951282	-0.0725824	0.104395	0.00819215	0.0745137	-0.133604
NA19035	0.0349283	0.005107	0.000895616	0.000776561	-0.0683368	0.00949394	-0.0048417	0.0117635	-0.00884355	-0.0212885
NA19036	0.0314071	0.00161634	-0.00501007	0.000230096	-0.0622088	-0.0088719	-0.0193609	0.0227617	-0.0117973	-0.00130295
NA19037	0.0330808	0.000490975	-0.000231536	-0.000949769	-0.0993536	-0.0168649	-0.00207051	0.0122777	-0.0103813	-0.0225656
NA19038	0.0331559	0.00421501	-0.00329524	0.00251381	-0.0726361	-0.0268538	0.0475901	0.0216421	0.0355381	-0.0625644
NA19041	0.0322428	0.00221043	-0.00237573	-0.0031409	-0.141039	-0.025513	-0.0280443	0.174249	0.146807	-0.100274
NA19042	0.0264264	-0.00213161	-0.000400331	0.00341489	-0.0989941	-0.0735203	0.0828446	0.0286925	-0.153072	-0.0673271
NA19043	0.0338366	0.00130293	0.00261673	-0.00502415	-0.0852032	-0.052788	-0.140673	0.00792199	-0.0924275	-0.0507325
NA19054	-0.015636	0.0342413	-0.00899016	-0.0123594	-0.000482115	-0.00154301	-0.000592718	0.000475985	-0.000815503	-0.000802184
NA19055	-0.0146234	0.0304345	-0.000684231	-0.0109014	0.000730466	0.00233365	0.000428131	0.000162474	0.00112099	-0.00177346
NA19056	-0.0151183	0.0312664	-0.0122672	-0.00606686	-0.000159765	-0.00129409	-0.00118285	0.000757589	-0.000380189	0.000809866
NA19057	-0.0145873	0.0315768	-0.0116792	-0.00159867	-0.00106049	0.000297114	0.00104658	0.000943238	-0.000489362	-0.00235851
NA19058	-0.0147994	0.0315277	-0.00723908	-0.0105707	-0.00120469	0.000282319	0.00223301	-0.000658217	0.000372347	0.000169144
NA19059	-0.0151231	0.0304085	-0.00910532	-0.0100514	-0.000792779	-7.89108e-05	0.000209228	0.00168206	0.000443357	0.00226905
NA19060	-0.0144447	0.0321001	-0.00476639	-0.014708	0.000286701	0.000523389	0.00151828	0.00102279	-0.000262101	-0.00130115
NA19062	-0.0147584	0.0333289	-0.0103605	-0.00648281	-0.000301731	0.00054175	0.00168578	-0.000700902	-0.000484348	-0.000680527
NA19063	-0.0143351	0.0391393	-0.0128164	-0.014099	0.000288923	-0.00175874	-0.00163078	0.00160764	0.00127521	-6.46466e-05
NA19064	-0.0158243	0.0298364	-0.00165051	-0.00781874	-0.000366883	0.00131354	0.00225573	0.000245704	-0.000327604	0.00180205
NA19065	-0.0138043	0.0325102	-0.0087616	-0.0125811	-0.000191374	2.25964e-05	0.0012269	-0.000271878	0.0013329	-0.00143147
NA19066	-0.0145767	0.0353033	-0.010733	-0.0190259	-0.00264703	0.0017996	-0.000981194	-0.00125812	-0.000536361	0.00148208
NA19067	-0.0153056	0.0382565	-0.0113569	-0.00780043	-0.00126441	-0.00147614	-0.000367792	4.58535e-05	-0.000954309	-0.000397197
NA19068	-0.0151647	0.0352029	-0.00891927	-0.013938	0.00166783	-0.00147034	-0.00170964	-0.00129494	-0.00156068	0.000401967
NA19070	-0.0144084	0.0335142	-0.00375722	-0.0119613	-6.89197e-05	-0.00194136	-0.00216588	0.000808383	-0.00145318	0.0016637
NA19072	-0.0152119	0.0307031	-0.00295689	-0.0129489	0.00360871	-0.00272431	-0.00052612	0.0035304	-0.00117233	-0.000600837
NA19074	-0.0154442	0.0290013	-0.0113319	-0.0027172	-0.000410617	0.00153849	0.000796938	0.00170685	-0.000266018	-0.00051589
NA19075	-0.0156097	0.0317748	-0.00661574	-0.0111653	-0.00196733	0.00120171	-0.00290686	-0.00128668	0.000318469	-0.000320618
NA19076	-0.0152529	0.0346743	-0.0115461	-0.0077117	0.00137101	-0.000277253	-0.00145449	-0.00185076	-0.000599125	0.00177779
NA19077	-0.0146783	0.0328742	-0.00876915	0.00118411	0.000524361	0.0020229	0.000811214	0.00212638	-0.000423064	-6.14222e-05
NA19078	-0.0139867	0.0403346	-0.0103586	-0.00423724	-0.000617958	-0.00523303	-0.00273728	-0.000400504	-0.00104971	0.000993544
NA19079	-0.0139107	0.0351407	-0.00477871	-0.00801594	7.69259e-05	0.000830317	0.000722388	0.00113979	0.000721192	0.0020683
NA19080	-0.0147996	0.0278855	-0.00608888	-0.00891975	0.00195069	-0.00226326	0.00194003	0.00299461	0.000597357	0.000506581
NA19081	-0.0152203	0.0339826	-0.00113675	-0.00127411	-6.58249e-06	0.000905697	0.000827494	-0.000177082	0.00212493	0.000718281
NA19082	-0.0157887	0.0350655	-0.00758572	-0.0132848	0.000104647	0.00141662	-0.000651193	-0.000419599	-0.00327076	0.000679626
NA19083	-0.0149942	0.0322124	-0.00755999	-0.00167248	0.000297394	-0.000550331	-0.00285633	-4.42524e-05	-0.00216589	0.00268913
NA19084	-0.0138022	0.03055	-0.00779734	-0.0131105	-0.000723035	-0.000701332	0.00258834	0.00380405	-0.000552332	0.00244515
NA19085	-0.0154708	0.0305973	0.000327553	-0.0119923	-0.000203008	0.000787892	-0.000933561	-0.000619647	-0.00222679	0.00408258
NA19086	-0.0147993	0.0310176	-0.00471345	-0.00997289	0.000706217	0.00172493	0.00257349	-0.000912093	-0.000628065	-0.000585678
NA19087	-0.0147187	0.0311706	-0.0115098	-0.00143076	-0.000890336	-0.00129835	0.00267895	-0.00226436	-0.00503265	-0.00131349
NA19088	-0.0146385	0.0334582	-0.0112716	-0.00904717	-0.00145862	0.000519511	0.00217049	0.00164583	0.000124999	-0.000570703
NA19089	-0.014747	0.032199	-0.00643863	-0.00812664	0.000974415	-0.00304052	0.000568801	-0.00202612	-0.000791438	0.000265019
NA19090	-0.0158046	0.0363248	-0.00721311	-0.0110988	-0.000391566	0.000429753	0.00146475	-0.00141965	-0.00261653	0.00155369
NA19091	-0.0149319	0.0320638	-0.00412269	-0.017781	2.64056e-05	-0.000776066	0.000245882	8.58654e-05	-0.00239914	0.00126347
NA19092	0.0358824	0.00354717	0.00204121	6.24209e-05	0.00843104	0.031502	-0.00181763	0.00331962	-0.0170323	0.0144321
NA19093	0.0361251	0.00339278	-0.00110648	-0.00531709	-0.000200634	0.0097812	0.00132434	-0.00362941	-0.00290852	-0.0172469
NA19095	0.0357202	0.00343888	-0.00229526	-0.000828798	-0.00126268	0.0207197	-0.00537444	-0.00760507	-0.00891963	0.00558123
NA19096	0.036641	0.00486131	0.00190249	0.00497201	-0.00441891	0.0628195	-0.00248512	0.00656907	0.00757801	0.0117964
NA19098	0.0327182	0.00412136	-0.00103181	-0.00347682	0.0104896	0.0234802	-0.00263615	-0.0143698	-0.0194874	0.00842554
NA19099	0.0366655	0.00361366	0.00202034	0.00163525	0.00948043	0.0279796	-0.00693207	-0.017093	-0.00389318	-0.00212591
NA19102	0.0350139	0.00253299	0.000185584	-5.87083e-05	0.0149717	0.0365032	-0.0029429	0.00846396	0.00372632	0.00115007
NA19107	0.0368572	0.00722691	-0.00191762	0.0029153	0.00272009	0.0427785	-0.0124426	-0.0208263	0.00896603	-0.00698249
NA19108	0.0346521	0.00563441	-0.0012305	-0.00168075	0.0114257	0.0492679	0.00301894	-0.00331163	0.00518253	0.00296942
NA19113	0.0358211	0.00272208	0.000557032	-0.000510169	0.015171	0.033168	-0.00959327	-0.0133428	0.00268854	0.00217146
NA19114	0.0331708	0.00490509	0.00147573	7.4081e-05	0.0101222	0.0347807	-0.00650224	0.00209064	-0.00146333	0.014583
NA19116	0.0363513	0.0029492	0.0017941	-0.000204367	0.00259318	0.0487637	0.0112062	-0.014785	0.00917142	0.00779202
NA19117	0.0347644	0.00305515	0.000467974	-0.0026418	0.00829779	0.0593117	-0.00292916	-0.018435	-0.00246774	0.0130803
NA19118	0.0303023	0.00324167	0.00136367	-0.00316051	0.00360936	0.00766873	-0.00361886	-0.00495287	-0.009641	0.000925486
NA19119	0.0360528	0.00373631	8.86483e-05	0.00198498	0.0133337	0.0535308	-0.00380364	-0.013822	-0.00276484	0.00754062
NA19121	0.035797	0.00407195	-0.00173576	0.000906649	0.00665507	0.02813	0.000128753	-0.00520034	-0.00224853	0.00308087
NA19129	0.0343769	0.00201169	0.000964572	-0.00305918	0.011961	0.0202981	-0.000228619	-0.00175812	-0.00315851	-0.00280086
NA19130	0.0349817	0.00281375	-0.00318394	0.00094496	7.49689e-05	0.0288085	-0.00836403	-0.01148	-0.0116489	-0.00364359
NA19131	0.0371268	0.00499733	-0.00255145	0.00422039	0.0212805	0.0386841	0.00691392	-0.0359235	0.0151715	0.00267911
NA19137	0.0352805	0.00349414	0.000199775	0.00409033	0.00409928	0.0310394	0.00157011	-0.00848915	-0.00446738	-0.00988487
NA19138	0.033886	0.00392684	-8.44683e-05	0.000692481	0.00832588	0.0249213	-0.00146752	-0.00622378	0.000238724	-0.00249419
NA19141	0.0349275	0.00509801	-0.000248358	-0.000256758	-0.00222249	0.0402252	-0.00774718	-0.00680302	0.00162668	0.0075851
NA19143	0.0348728	0.0030277	0.00280775	-0.00411752	0.00588039	0.0396675	-0.00752355	-0.0120312	0.000938697	-0.0065383
NA19144	0.0371942	0.00277719	-0.000365011	0.00656375	0.0015965	0.0353864	0.0267547	-0.0285041	0.0228131	0.011608
NA19146	0.0352235	0.00178475	9.24663e-05	-0.00160652	0.00633226	0.0408043	-0.00975535	-0.0166298	-0.0172781	-0.00931768
NA19147	0.0368011	0.0022873	0.003384	0.00315052	-0.00820429	0.0204735	0.00253931	0.0186074	0.0122124	-0.000999499
NA19149	0.0349123	0.00354233	-0.000423905	0.00161746	0.0129506	0.00171328	-0.00905555	-0.00513809	0.00303478	0.0113114
NA19152	0.0364362	0.00289523	-0.00149979	0.00583775	0.0173959	0.0194129	0.00386421	-0.0163941	-0.000889815	-0.020467
NA19153	0.0335541	0.00382788	0.001846	-0.000935734	0.00908477	0.0314175	-0.0112681	0.0095326	0.00490574	0.0156534
NA19159	0.0358342	0.00383691	0.00102108	-0.000473585	0.0179118	0.0430923	-0.00870662	-0.0158622	-0.000392778	0.0184518
NA19160	0.0362311	0.00398904	0.00153494	-0.00228342	0.00464901	0.0464509	-0.00205015	-0.0171819	-0.00946713	-0.00137784
NA19171	0.034901	0.00396614	-0.00135824	-0.00236476	0.00640092	0.0201729	-0.000177624	0.00369717	-0.00664415	0.0213041
NA19172	0.0345802	0.000961897	0.0026133	-0.00513319	0.00250542	0.0376606	-0.00422244	-0.0089149	-0.00981765	0.00323997
NA19175	0.0344259	0.00544052	-0.000161243	-0.000679897	0.0102648	0.0301737	-0.00713652	-0.00430896	-0.000327728	0.010817
NA19184	0.0385497	0.00346785	-0.00094253	-0.00245874	0.000143961	0.0461103	-0.0100362	-0.0116968	0.0119034	-0.00652451
NA19185	0.0349625	0.00410861	-0.00557153	0.0001522	0.00340354	0.0447031	0.00738128	-0.0104758	-0.0115385	-0.0142467
NA19189	0.0338229	0.00466391	-0.00080495	0.00432599	0.00709235	0.0289546	-0.00605523	-0.00874073	-0.00283823	0.00181317
NA19190	0.0358982	0.00516033	0.0021723	0.00194136	0.0134449	0.0281822	-0.00670151	0.00946965	-0.0118967	0.00949555
NA19197	0.035953	0.00235266	-0.00152732	-8.83983e-05	0.00200318	0.0373207	-0.0218385	-0.0125014	0.0037127	0.004004
NA19198	0.0345818	0.00172889	0.00144457	-0.00484778	0.0162366	0.0369551	-0.01035	-0.00641939	-0.00909048	-0.000329937
NA19200	0.0332098	0.00369523	0.000224886	-0.00300551	0.00690329	0.0290947	-0.00286029	0.000501172	0.00238298	-0.000605035
NA19201	0.0348021	0.00534975	-0.0024536	0.00753342	0.00424676	0.0178108	-0.00326711	-0.00271445	-0.00619524	-0.00151323
NA19204	0.0342651	0.00157248	0.00128424	-0.00218474	0.0114744	0.0659854	-0.00599973	-0.0216089	-0.00149908	0.00888854
NA19206	0.0339474	0.00278483	0.00182636	-0.00141359	0.00340431	0.0319679	-0.00936334	-0.00637743	-0.00329259	0.00618553
NA19207	0.0348411	0.00223893	0.00207797	0.00276978	0.0211989	0.0364011	-0.00982471	-0.0167286	-0.0091402	0.0156603
NA19209	0.0333603	0.00169995	0.000612252	-0.00406264	0.00321251	0.0228978	-0.00481361	0.00387497	-0.000903388	-0.00911932
NA19210	0.0375519	0.00517587	0.00141679	0.00399702	0.00787129	0.0307264	-0.00302035	0.000391601	0.00283669	0.010503
NA19213	0.0347941	0.00449633	-0.00320636	0.00282263	0.0125883	0.0402928	0.00143482	-0.00132404	0.000374775	0.0117301
NA19214	0.0376608	0.00219242	0.000529223	0.00603985	0.0227853	0.0315568	0.0163159	-0.029625	-0.0044898	-0.00195571
NA19222	0.0383344	0.00465545	0.00379993	-0.00129607	0.00244937	0.013454	0.00482647	-0.0120468	-0.00350444	0.0213165
NA19223	0.0369396	0.00442992	0.00662775	0.00191815	0.0105769	0.0135572	-0.00205542	-0.00822986	0.00273452	0.00777941
NA19225	0.0385739	0.00516996	0.00213082	0.00260386	0.0314535	0.0438898	-0.00510792	-0.0155801	-0.00687784	0.0203862
NA19235	0.0358861	0.00112009	0.0018476	0.00363114	0.0223437	0.013984	0.0139745	0.0071837	0.00301137	-0.000600925
NA19236	0.0325723	0.00298113	0.000186977	-0.00451559	0.00721194	0.0133178	-0.0061132	0.000106038	-0.0110963	-0.00831156
NA19238	0.0355052	0.00411219	0.00120009	0.0037518	0.00221031	0.047738	-0.00248105	0.00670503	-0.00519083	0.0111423
NA19239	0.0375184	0.00525477	-0.00184786	0.00211878	0.016799	0.0346327	-0.00387861	-0.00415757	-0.00300888	0.00940214
NA19247	0.0342117	0.00582181	0.00193215	0.00561897	0.00421589	0.0275952	0.010459	-0.0165137	0.00585636	0.0137164
NA19248	0.0362597	0.00542528	0.00229584	0.00732665	0.00392472	-0.0101751	0.00857794	-0.0261179	0.00180034	-0.0201785
NA19256	0.0335876	0.0018965	-1.16181e-05	-0.00184235	0.0169765	0.0164538	0.00305241	-0.00208106	-0.00473681	0.0170865
NA19257	0.0361287	0.00396367	0.000686597	0.00197945	0.0139991	0.0388268	-0.0106513	-0.0143148	-0.00634856	-0.000186484
NA19307	0.0265048	0.00203555	0.00293802	-0.0128171	-0.166762	-0.143219	-0.418577	-0.0789703	0.00672399	0.317534
NA19308	0.0333453	0.00439574	-0.00181342	0.00296239	-0.0626201	0.00635221	0.0180018	-0.00899987	-0.007278	-0.0389243
NA19309	0.0321421	0.00399294	-0.0013029	-0.00104681	-0.0720814	-0.0193284	-0.00168502	0.0105829	0.00254506	-0.0462496
NA19310	0.0317226	0.002765	0.000534063	0.0047928	-0.0935412	0.0213708	0.053494	0.13889	-0.0374987	0.0475006
NA19312	0.0297069	0.00410131	0.00240361	-0.0144892	-0.141811	-0.117182	-0.364209	-0.0760166	-0.0112155	0.255075
NA19314	0.0334195	0.00297104	-0.000306436	-0.00445436	-0.0777315	-0.0118246	0.00944643	0.042277	-0.0478937	-0.0727619
NA19315	0.0308089	0.000242673	0.00326386	-0.0043286	-0.0643956	-0.00631777	0.010156	0.00837303	-0.0307062	-0.0332628
NA19316	0.0333441	0.00311309	-0.0023331	0.0024597	-0.0891688	-0.00248537	-0.0311808	0.0293664	-0.000891098	-0.00458665
NA19317	0.036634	0.00690498	0.00377725	0.000677587	-0.0644662	0.0142315	-0.0186093	-0.0172513	-0.00291438	-0.0264709
NA19318	0.034163	0.00670834	0.00416225	-0.000775114	-0.0834602	-0.000455717	0.0226666	-0.0293012	0.0130211	-0.00277394
NA19319	0.0308647	0.00176923	0.00287034	-0.00323996	-0.0574123	-0.00501033	0.0158768	-0.00582007	0.0119727	-0.000470719
NA19320	0.0354733	0.00609691	0.00229963	0.0015759	-0.122737	-0.0274238	-0.033561	-0.0208753	-0.044335	-0.0447374
NA19321	0.0324718	0.00427805	0.000984394	0.00178513	-0.0600082	-0.00104258	0.02977	-0.0025066	-0.00373397	-0.0141291
NA19323	0.0344973	0.00360364	0.00160917	0.00202165	-0.0933455	-0.0181106	-0.074854	0.0194226	0.00131454	-0.0447559
NA19324	0.0326838	0.000423265	0.000908206	-0.00125629	-0.0612116	0.00363803	0.00347428	0.00738678	-0.011727	-0.0468852
NA19327	0.0304519	0.00455506	-0.00062179	-0.000964455	-0.0720278	-0.00469618	0.00221406	-0.0086403	0.0297904	-0.0211503
NA19328	0.0356397	0.0038307	0.00221485	0.00396613	-0.0537658	-0.0183769	0.00852919	0.0204592	0.0217954	-0.01564
NA19331	0.0354651	0.00461158	0.00239769	0.00240059	-0.105875	0.097278	0.0838882	0.550026	0.215228	0.191296
NA19332	0.0349179	0.00160515	-0.00182656	0.00405166	-0.0886717	0.00783808	-0.0247919	0.0324876	-0.0239618	-0.108077
NA19334	0.0349399	0.00460177	0.00317162	0.0016816	-0.0959879	0.0913946	0.0810986	0.511998	0.194413	0.174392
NA19338	0.034798	0.00275029	0.00421745	-0.00122851	-0.0783491	-0.0219978	-0.0472181	-0.0251156	-0.0107164	0.0184052
NA19346	0.0331914	0.00356276	4.04701e-05	-0.00257343	-0.152342	-0.0726027	0.0046518	-0.0747204	-0.0795976	-0.281089
NA19347	0.0354105	0.00351419	0.00364202	-0.000247353	-0.114119	-0.0244226	-0.0471658	-0.0113387	-0.0292988	-0.0206258
NA19350	0.0332598	0.00441289	-0.00160134	0.00464113	-0.121093	-0.0557788	0.181955	-0.129143	0.0841821	0.128688
NA19351	0.0352253	0.00512861	-0.00174809	0.00655684	-0.0710088	-0.00678075	-0.00795402	0.00789231	-0.0108531	-0.050412
NA19355	0.0279414	-0.00179172	0.00132411	-0.00590492	-0.124672	-0.0355846	-0.174371	-0.00814659	-0.0140983	0.150954
NA19360	0.0289442	0.00257723	0.000631381	-0.0107599	-0.151578	-0.110348	-0.341817	-0.0361373	0.0166523	0.211708
NA19372	0.036568	0.0052403	-0.00114442	0.00150655	-0.0817702	-0.0258338	-0.00464687	-0.0279802	0.0140122	-0.0748901
NA19374	0.0292968	0.00234408	0.00200263	0.00286564	-0.141899	-0.0656702	0.336927	0.140858	-0.729608	0.35146
NA19375	0.0306094	0.00133046	0.00318642	0.00185534	-0.0901703	-0.00333258	0.00887205	-0.0159726	-0.0486459	-0.0224597
NA19376	0.0315563	0.00258975	0.00191876	0.00264621	-0.120751	-0.0841909	0.311106	-0.268306	0.20812	0.234525
NA19377	0.0334566	-0.00110542	0.00264789	-0.0015089	-0.0732618	0.00313569	-0.0216021	0.00181946	-0.021585	-0.0661125
NA19378	0.0368242	0.00361342	0.00150828	0.00504904	-0.12214	-0.0363203	0.0602609	0.0306241	-0.0617082	-0.203271
NA19379	0.034946	0.00443502	0.00528137	-0.00231405	-0.0488051	0.00263863	-0.0060538	0.00376979	-0.0238458	-0.0178256
NA19380	0.0348018	0.00329249	0.00602244	-0.00244912	-0.117321	-0.0239515	0.0279148	0.00324983	-0.0616832	-0.0622646
NA19383	0.0348077	0.00513406	-0.000809512	0.00162424	-0.108516	-0.0705773	0.123021	-0.0991438	0.235804	0.0311865
NA19384	0.0340981	0.00159729	-0.00389686	0.00466245	-0.0430386	0.0250825	-0.00464235	0.0164073	0.0214362	-0.0288851
NA19385	0.0313549	0.000111699	0.00381189	-0.0078313	-0.101808	-0.0122121	-0.0133033	0.0269234	0.0465989	-0.118721
NA19390	0.0339726	0.00246792	0.00302976	0.00819878	-0.060197	0.00564591	0.00323281	-0.00345695	0.0172925	-0.000521569
NA19391	0.0343777	0.00471834	-0.000958018	0.000236489	-0.0568652	0.0137231	0.0217227	-0.002974	-0.0113246	-0.0201129
NA19393	0.0350008	0.00618403	0.000981122	-0.000624811	-0.0796927	-0.0212788	-0.0196888	-0.00327829	-0.0145367	-0.0501326
NA19394	0.0331452	0.00444243	0.00150241	0.00141675	-0.0744422	-0.0159364	-0.0106232	0.00906629	0.000608813	-0.0953891
NA19395	0.0337046	0.00234018	0.00290291	-0.00351098	-0.0837428	-0.00620097	-0.00569484	0.010366	-0.0429754	-0.0907798
NA19397	0.028828	0.00140403	0.00137629	0.000957032	-0.115987	-0.0696002	0.296653	-0.245301	0.170521	0.245191
NA19399	0.0336903	0.00273341	0.00138981	0.00659663	-0.0673986	0.00190015	0.0669322	-0.0508728	-0.0052262	0.00918089
NA19401	0.0341884	0.00309108	-0.000380056	0.00380586	-0.0535931	-0.00324535	-0.00175187	-0.0277252	0.00154179	-0.0184917
NA19403	0.0335449	0.00178063	0.00477343	0.00638746	-0.0585565	-0.0106504	-0.00391636	0.00557078	0.0167259	-0.0389196
NA19404	0.0307503	0.00166542	-0.00133885	-0.00105451	-0.0889804	-0.0208719	-0.0543312	-0.00455909	0.0106238	-0.00137499
NA19428	0.0294918	0.00148104	0.00207997	0.00446172	-0.133774	-0.0627975	-0.042371	-0.00904964	0.0163701	-0.0581659
NA19429	0.0347406	0.00495622	-0.00130621	0.0025838	-0.0530109	0.00862083	-0.00104489	-0.0155462	-0.0263644	-0.0342674
NA19430	0.0337341	0.00213286	0.00378193	-0.00110088	-0.0981931	-0.0200367	0.0310658	-0.0134678	0.110776	-0.0154192
NA19431	0.0340339	0.0067783	0.00236223	8.05766e-06	-0.0584027	0.0116997	-0.00193261	-0.0203448	-0.0151588	-0.0240181
NA19434	0.0320174	0.00350667	0.00189417	-0.00841574	-0.0600844	-0.00113641	-0.0213127	0.00564878	-0.00241139	-0.0277272
NA19435	0.0307113	0.00214711	0.00195437	0.00362263	-0.08933	-0.0237973	0.0185052	0.00669437	-0.029891	0.00662722
NA19436	0.027788	0.00415799	0.00232067	-0.00183119	-0.0552815	-0.00868896	-0.0146365	-0.00576407	0.0104248	0.00866131
NA19437	0.0313689	-0.000393994	0.000780634	0.00217468	-0.0687571	-0.00675152	-0.00216716	0.0201276	0.00152332	-0.0805347
NA19438	0.0311722	0.00130832	0.00181021	-0.00596952	-0.0601323	0.00160197	-0.0103097	-0.0117487	-0.0301825	-0.026526
NA19439	0.0340933	0.000439061	0.00468256	-0.00506192	-0.0731911	-0.016329	-0.0252614	0.0448323	0.00598624	-0.0492489
NA19440	0.0303159	0.00320714	0.00233577	-0.00435206	-0.0549908	-0.0203591	-0.0116931	-0.000203545	-0.0162717	-0.0143517
NA19443	0.0352178	0.00517192	0.00144706	0.00181283	-0.0737284	-0.00613545	0.00792847	-0.00272615	-0.0382436	-0.00473623
NA19445	0.0330174	0.00311898	0.00137224	0.000338006	-0.072692	-0.005595	0.0112754	-0.015196	0.040269	-0.00812297
NA19446	0.0365846	0.00254536	0.00131632	-0.00437084	-0.0584431	0.00267413	0.00190506	0.00149295	-0.0253341	-0.0296963
NA19448	0.0312093	0.00245827	0.000834288	0.00125114	-0.0551088	-0.0392924	0.00412947	0.003539	-0.0110329	-0.0266268
NA19449	0.0366475	0.00279279	0.00519689	0.000766293	-0.0731156	0.0166103	0.00632226	0.0318746	-0.0287802	-0.0460836
NA19451	0.0329485	0.00316545	-0.00244085	-0.00142649	-0.0696484	0.00207838	0.00181559	0.00868198	-0.0211382	-0.0342946
NA19452	0.0306721	0.00325262	-0.00220628	4.51093e-05	-0.0670773	0.015094	-0.00471353	-0.00184044	-0.0248276	-0.0261811
NA19454	0.0321078	0.0023544	-0.000656394	-0.00155868	-0.108911	-0.042631	0.0738324	0.0167416	0.025998	-0.101327
NA19455	0.0315685	0.000156884	0.00230382	-0.00134414	-0.0810591	-0.0110178	0.00313732	0.00265859	0.00710335	-0.0505072
NA19456	0.0307482	0.00472455	0.000536485	0.000891368	-0.0761903	-0.00906926	0.0337943	-0.016728	0.0141582	-0.0426596
NA19457	0.0319179	0.00273994	-0.00185759	0.000948546	-0.0575208	0.0166799	0.0226563	-0.00970738	0.00658198	-0.0657881
NA19461	0.0292514	0.00150374	-0.000988775	-0.000692198	-0.0470309	-0.00700215	-0.000337372	-0.00266965	-0.0132986	-0.00122842
NA19462	0.0334878	0.00505922	0.00359211	0.000441321	-0.0729019	-0.012419	0.00693148	-0.0108721	0.0252722	-0.0686141
NA19463	0.0340225	0.00297471	-0.00514661	0.00283859	-0.0699827	0.000455259	-0.00509381	-0.00672451	-0.00101031	-0.050366
NA19466	0.030259	0.00311678	0.00101964	-0.00667577	-0.0603521	-0.0017191	0.00330571	0.0199857	-0.00403136	-0.0167595
NA19467	0.0332017	0.00345335	0.00144702	0.000517401	-0.0671934	-0.0228242	-0.0337855	-0.00492733	0.0186742	-0.031003
NA19468	0.0323965	0.00241362	0.00401647	-0.00174249	-0.0958073	-0.0395399	-0.0297001	-0.014346	-0.00646308	-0.0103086
NA19471	0.030232	0.00143386	0.00365959	0.00291993	-0.0816232	-0.0312571	-0.0335491	0.0217476	-0.00104869	0.0456052
NA19472	0.03416	0.00204907	-0.00212118	-0.000128003	-0.0705274	0.00132634	-0.0244349	0.0368952	0.0198626	-0.0539347
NA19473	0.0335541	0.00241519	-0.00117742	-0.00235467	-0.0540227	0.00533093	0.0283381	-0.00167135	-0.00123573	-0.00824908
NA19474	0.0220227	0.000464184	-0.000281779	-0.00556884	-0.0438572	0.00317177	0.000135341	-0.00871814	0.00184673	-0.0267932
NA19475	0.0319439	0.00492547	0.000285253	-0.00170271	-0.0669601	-0.00155496	-0.0170447	-0.0340663	-0.00780418	-0.0169695
NA19625	0.00952646	-0.0105771	-0.013668	-0.00365484	0.00143477	-0.00513993	0.00308262	-0.0101457	0.00984303	0.00259122
NA19648	-0.0113316	-0.0230892	-0.0104017	-0.0151018	0.00221934	-0.000439149	0.000857722	0.000685864	-0.000607604	0.0016812
NA19649	-0.0110208	-0.0246724	-0.0179892	-0.0101169	-0.00127955	-0.00288461	-0.00201237	-0.00108855	0.00146105	0.00433173
NA19651	-0.0130895	-0.0155922	-0.0266047	0.0425349	0.00165643	0.00249733	8.94879e-05	-0.000475063	-0.00158629	-0.00339213
NA19652	-0.0104338	-0.0160989	-0.0215282	0.0121816	-0.000347163	0.000641773	-0.00130622	-0.00116545	3.79601e-05	-0.000189966
NA19654	-0.011762	-0.00844986	-0.0223658	0.0341145	-0.000389955	0.00312469	-0.00296764	-0.00158301	-0.00190315	-0.00021308
NA19655	-0.0108538	-0.00963071	-0.0261034	0.0456332	-0.000866485	0.00453518	0.00120283	0.0036796	-0.00172608	0.000974104
NA19657	-0.0120724	-0.00373342	-0.030956	0.0442471	-0.000468909	0.000318702	-0.000428179	0.00155177	0.000658702	-0.0017637
NA19658	-0.00653345	-0.0029753	-0.0286626	0.046741	0.00199595	-0.00203899	0.000221389	-0.000996606	0.000608606	0.00246505
NA19661	-0.0125414	-0.00560899	-0.0323835	0.0441021	0.000202371	0.000272317	-0.000373255	8.65581e-05	0.000751664	-0.000546636
NA19663	-0.0121394	-0.00333818	-0.0323701	0.050185	-0.000717619	-0.000608235	0.000881477	0.0004858	-0.000534127	0.00042811
NA19664	-0.0119254	-0.00792982	-0.0237853	0.00821263	-0.000556805	0.00106855	-0.000976446	-0.000766468	0.000442756	-0.00133552
NA19669	-0.0120652	-0.00429398	-0.0231549	0.0176737	-0.000838779	-0.00153242	-0.00276929	-0.000918071	0.000969656	0.000543559
NA19670	-0.00466222	-0.00431094	-0.0257454	0.0418222	-0.000609076	-0.00247169	-0.00726139	0.000692041	-0.00353351	0.00400541
NA19676	-0.0127719	-0.0134235	-0.0222552	0.00277922	-0.000233899	-0.00061373	-0.000160503	-0.0023756	6.77358e-05	-0.00026407
NA19678	-0.00911817	-0.0131156	-0.0230517	0.000130862	-0.000552403	-0.00329568	-0.00132384	-0.00320087	-0.00093544	0.000508798
NA19679	-0.0100006	-0.0170756	-0.00998331	-0.000738971	-0.00081826	0.00149676	0.00116946	-0.000835802	-0.000917035	0.000695255
NA19681	-0.0128828	0.00254033	-0.029	0.0483224	-0.00116095	0.00134243	-0.00366548	0.00102373	0.0010748	0.00197785
NA19682	-0.0100356	-0.00537394	-0.0241192	0.039581	-0.00138737	0.00289142	-0.00229983	-0.00188862	-0.000886446	0.000672506
NA19684	-0.0105974	-0.0163104	-0.0248929	0.0334613	0.000773301	0.000279892	-0.00104958	-0.00024621	-0.00175333	-0.000495023
NA19700	0.0194609	-0.00577655	-0.00522386	-0.00472264	0.011179	-0.000585447	-0.00866173	-0.00424229	0.00410983	0.00330436
NA19701	0.0301772	0.00519143	-0.00266252	0.00387884	0.0210584	0.0314248	-0.00739344	-0.00604335	-0.00937733	0.00794163
NA19703	0.0327233	0.00328234	0.00341862	-0.00208064	-0.028264	0.0625054	-0.0168395	-0.0204494	0.0086633	-0.0333999
NA19704	0.0349827	0.00328457	-0.00362122	-0.00137934	0.0111138	-0.00997506	-0.00568664	-0.00540373	0.000460637	-0.00174412
NA19707	0.00960819	-0.010284	-0.00951465	-0.0116791	0.00276833	0.0131906	-0.00414557	-0.00177814	0.000425741	0.0105002
NA19711	0.0294969	-0.00118565	-0.0023061	-0.00149775	0.0132508	0.0149676	-0.00255583	-0.0135139	-0.0057924	0.0116614
NA19712	0.0219642	-0.00414544	-0.00391996	-0.00122469	0.00384411	0.0178039	-0.0038331	0.00594415	0.00475852	0.00760077
NA19713	0.0251096	-0.00165132	-0.00713155	-0.0104023	-0.0142778	0.0342122	0.00894263	0.0040972	-0.00117828	0.0110353
NA19716	-0.0122259	-0.0122796	-0.0249914	0.0277915	-0.000239439	-0.00071182	0.000357026	-0.00131973	0.000320324	-0.000880533
NA19717	-0.0149532	0.00245747	-0.0382712	0.0818657	0.000613503	0.000773325	-0.00211177	-0.00010281	0.00056357	0.00162647
NA19719	-0.00890268	-0.0145638	-0.0240902	0.0181573	-0.0025194	0.000794603	0.000283342	0.000902913	0.00142387	0.00255558
NA19720	-0.00982446	-0.00530856	-0.028357	0.0350111	0.00113039	-0.00203966	-0.00417653	-0.00242494	-0.00143287	0.00184392
NA19722	-0.00106243	-0.0103691	-0.0161024	0.00709464	0.00750136	-0.0103148	0.00614942	0.00679187	0.00299864	0.00127149
NA19723	-0.0119418	-0.00263483	-0.0265277	0.0543578	-9.7228e-05	-0.00310679	-0.000996414	-0.00102306	-0.00249811	-0.00171391
NA19725	-0.00490502	-0.0118004	-0.0171394	-5.13908e-05	-0.00132536	-0.000637101	-0.00467458	-0.00139463	-0.00430966	0.00517609
NA19726	-0.0144778	0.00626236	-0.0421826	0.0777459	-0.00101531	0.0034925	-0.00169316	0.00279471	0.000435803	0.00143529
NA19728	-0.00978973	-0.000553878	-0.0268568	0.0497031	-0.0031495	0.000612586	-0.000601298	-0.00104931	0.00031145	-0.00353618
NA19729	-0.0135884	-0.0162964	-0.0193286	0.0343101	0.00354924	0.00267923	-0.00184159	0.00301935	0.000750666	0.000174517
NA19731	-0.0135312	0.00212366	-0.0309058	0.0648028	0.00110704	-0.00048925	-0.00383253	0.000733302	-0.00246746	-0.000625527
NA19732	-0.0154222	0.00433751	-0.0416585	0.0839415	-0.000988957	-0.00111052	-0.00197015	0.000592864	-0.000824426	0.000493427
NA19734	-0.012802	-0.00900602	-0.0199804	0.0300828	0.00257228	0.00386384	0.00119285	0.00120092	0.000178483	-0.000452155
NA19735	-0.013919	-0.00766642	-0.0251693	0.0426817	-0.00281326	-0.000445604	-0.00458944	-0.000714588	-0.00148558	-0.00141658
NA19740	-0.0115392	-0.00854745	-0.0242585	0.0265331	-0.00301871	-0.00047228	-0.00267379	-0.00290142	-0.000365477	0.00240842
NA19741	-0.0147025	0.0132438	-0.0318981	0.0673935	-0.00155796	0.00096162	-0.00234894	0.000999153	-0.00364132	-0.00362142
NA19746	-0.00975446	-0.00800832	-0.0276468	0.020281	-0.00220401	0.00464939	-0.00139404	0.00219144	0.00112637	0.00303321
NA19747	-0.0127237	-0.00174821	-0.0247666	0.0485948	0.000262773	0.00147301	-0.00134608	0.000262102	-0.00142423	-9.80024e-05
NA19749	-0.014309	0.016247	-0.00964472	0.0124799	-0.00137219	-0.000451779	0.00242936	-0.000326942	-0.00182909	-0.0016521
NA19750	-0.00961972	-0.0191671	-0.0203911	0.00380679	0.00131815	0.0041541	-0.000440267	0.000531903	-0.0049739	-0.00159342
NA19752	-0.0121153	-0.00594188	-0.030377	0.0413817	-0.00162435	0.00230411	-0.000833614	-0.00150593	-0.00179114	0.000508016
NA19755	-0.0124286	-0.00673958	-0.0222627	0.0265304	-0.0012747	0.0013315	-0.00106792	0.000968656	0.00109613	0.00327188
NA19756	-0.00778661	-0.00476821	-0.0284977	0.0370123	-0.000779727	-0.00269374	0.000719308	-0.0023681	0.00124789	0.000514
NA19758	-0.0137622	0.00310887	-0.0297154	0.0425741	-0.000582016	-0.000807935	-0.00164997	0.00220223	0.00378209	-0.000104354
NA19759	-0.0149582	3.27253e-05	-0.0365471	0.0611224	0.000486739	0.00393274	-0.00140146	0.00192907	-0.000875073	-0.000620845
NA19761	-0.013553	0.000377749	-0.0324506	0.0568364	-0.000728913	-0.000422148	-0.00138083	-0.00156539	6.46947e-05	-0.00118479
NA19762	-0.0115527	-0.0099341	-0.0233172	0.036416	-0.00198274	0.00234038	0.0020485	0.000840425	0.00120226	-0.000177059
NA19764	-0.0121319	0.00508625	-0.0274358	0.0687401	0.00165986	0.00201425	-0.0028181	0.001622	-0.00260356	0.000619384
NA19770	-0.012613	-0.0109141	-0.0306405	0.0601741	-0.00069318	-0.00268183	0.00106041	0.00204651	0.000750214	-0.000290438
NA19771	-0.0103366	-0.0142367	-0.0172217	0.00308726	-0.00119334	0.0004258	0.00110553	-0.00276882	-0.00312426	0.000984328
NA19773	-0.0111579	-0.0126734	-0.0189813	0.000315263	0.000338841	-0.000745023	-0.00195415	0.00324132	0.00219619	0.00252313
NA19774	-0.00722386	-0.00601599	-0.0273994	0.0525614	0.00107081	0.00680622	-0.00320506	-8.37484e-05	-0.000288068	0.00235807
NA19776	-0.00812412	-0.00439533	-0.0259844	0.0290202	-0.00253116	-0.00889491	-0.00323423	0.00588101	0.00294565	-0.00064895
NA19777	-0.00952454	-0.0116973	-0.0274425	0.0505848	0.00263177	-0.000704449	-0.000839096	-0.000437156	-0.000731758	-0.000999396
NA19779	-0.0117888	-0.0134299	-0.0291087	0.0299035	-0.000548344	-0.00107904	-0.00206714	0.000656836	-0.000455306	0.000782692
NA19780	-0.00849496	-0.0187588	-0.0164313	-0.00188256	0.00161477	-0.00156952	-0.00123142	-0.00101869	0.00213806	-0.000809654
NA19782	-0.0135174	-0.00173447	-0.031651	0.0608741	0.000998334	0.00155028	-0.000840219	0.000967988	-0.00133235	-0.000981173
NA19783	-0.0149187	0.00941763	-0.0441222	0.0864151	-0.00061528	-5.01056e-06	-0.00384425	-0.00143514	-0.00259831	0.00158139
NA19785	-0.0105593	-0.0112646	-0.0263374	0.0215847	-0.00143909	-0.0016162	-0.000329378	-0.00279572	0.00110848	0.00172712
NA19786	-0.0118893	-0.00630154	-0.0344902	0.061172	0.0018016	0.00219685	-0.00297702	-0.000128729	-0.00251366	0.00114893
NA19788	-0.0138332	0.0031533	-0.0372537	0.0820652	-0.00225641	-0.00135232	-6.03912e-05	0.00366945	-0.000594824	-0.00044238
NA19789	-0.0101683	-0.00522952	-0.0246552	0.0283077	-0.00196198	-0.00325058	0.00064877	-0.00409765	-0.00177111	0.00241215
NA19792	-0.00441536	-0.0136826	-0.00614439	-0.00481594	0.00134469	-0.00768622	0.00211858	-0.000276805	0.0029998	-0.00385094
NA19794	-0.0108614	-0.00804757	-0.0274122	0.0424934	0.00117938	0.0013527	-0.000735812	0.000274583	-1.58384e-05	0.000598296
NA19795	-0.0145801	-0.00385997	-0.0393387	0.0584646	-0.00195095	0.000875164	-6.19409e-05	-0.00184233	-0.00185482	-0.000953973
NA19818	0.0312485	0.0043828	-0.00216337	0.00129796	0.0150634	0.00693819	-0.014149	-0.000609459	-0.000281687	0.0163016
NA19819	0.0255803	0.00094252	-0.000957521	-0.00577436	0.00840996	-0.00834381	-0.0118846	0.0168395	0.00954191	0.00431632
NA19834	0.0222523	-0.00411677	-0.00403813	-0.0104549	0.0113276	0.00467031	0.000125735	-0.0216574	0.000677651	-0.00490192
NA19835	0.0229232	-0.000978137	-0.00329856	0.00832663	-0.0161702	0.0301436	0.00507564	-0.0183807	-0.00644294	-0.00683572
NA19900	0.028893	-0.000998336	-0.00560859	0.0102	0.00438699	-0.0196639	-0.00947529	-0.017511	0.00132049	-0.00835256
NA19901	0.0187411	0.00290309	-0.0140435	0.0373269	-0.0211141	0.0103981	0.0196942	-0.0172604	-0.0033356	0.00866883
NA19904	0.0359847	0.00420849	-0.000209091	0.00236688	0.0119323	0.0184698	0.0076428	-0.00784419	-0.010136	-0.000514373
NA19908	0.030035	-0.00205814	0.00461335	-0.00188867	0.00670045	-0.00479891	0.0155394	-0.01754	0.0239136	-0.011851
NA19909	0.0336216	0.0043429	-0.00488575	0.000303621	0.00640953	0.0282091	-0.00415251	0.00094501	-0.00200433	0.00474989
NA19913	0.0339578	0.00273744	0.000903608	-0.00499886	0.00461588	0.00124505	0.0103348	-0.00185057	-0.0126574	-0.00242866
NA19914	0.0280673	0.00395833	-0.00313841	-0.00204713	-0.00504411	-0.00127042	0.00123722	0.00848582	-0.0278039	0.0068882
NA19916	0.035385	0.00258292	0.000182844	0.00449398	-0.0399289	-0.0252224	0.0155835	-0.0441221	-0.0231033	-0.0190147
NA19917	0.032825	0.00433795	0.00104782	-0.00163348	0.0176997	-0.00391391	-0.00130076	-0.0134163	0.00283602	0.00577026
NA19920	0.0345475	0.00663241	-0.00318606	-0.00270789	0.00951253	0.0316745	0.010036	-0.0133748	-0.006435	0.0269647
NA19921	0.0111923	-0.00788738	-0.00670939	-0.0146002	0.0117627	0.00768225	0.00188876	-0.00270018	0.00468521	0.00505231
NA19922	0.0311234	-0.00407515	-0.00455461	-0.00518907	0.00397526	0.0183023	0.00319195	0.0128647	0.00398512	0.00882626
NA19923	0.0149411	-0.0113351	-0.00251555	-0.00506274	0.00394655	-0.0186706	-0.00694901	-0.00589611	-0.000299387	0.00186563
NA19982	0.0100541	-0.0103479	-0.00851326	-0.0107647	0.00420376	-0.00801368	0.000324604	0.0029008	0.00170011	-0.00558919
NA19984	0.0308593	-0.000185208	0.00101585	-0.00584452	0.0097401	-0.000752533	-0.00445381	0.0182706	-0.00160704	0.00786881
NA20126	0.0131406	-0.00815573	-0.00520185	0.00343398	0.00962956	0.00561739	-0.0100689	-0.00409215	0.000761604	0.00493193
NA20127	0.005395	-0.0158677	-0.00816041	-0.0158999	-0.000628726	0.00740408	0.0032763	0.00260749	0.00182962	-0.00338268
NA20274	-0.0108347	-0.00735125	-0.017694	0.028525	0.00135894	0.000938562	-0.00319105	-0.000719502	-0.000199143	0.000458549
NA20276	0.0186941	-0.00960321	-0.00150353	-0.0093673	0.00216397	-0.00470107	-0.000910285	0.00601259	-0.00539797	0.00101648
NA20278	0.0127303	-0.0108943	-0.00605701	-0.00700118	0.0159285	-0.00155244	-0.00435921	0.00134914	0.00195841	0.00713517
NA20281	0.0337401	0.00139231	-0.00282148	-0.00143651	-0.00518204	0.00106468	-0.0147829	-0.0204467	-0.000245033	-0.000577874
NA20282	0.00819818	-0.0144178	-0.0118918	-0.01287	0.0125711	-0.0105491	-0.00420934	-0.0040106	-0.00119507	0.00630918
NA20287	0.0301086	0.00123513	-0.00235248	0.00351372	0.000444192	0.00918272	-0.00799174	-0.00236707	-0.00371301	0.0156058
NA20289	0.00419444	-0.0165483	-0.0027902	0.00290895	0.00150179	0.0117821	-0.00141349	-0.00243026	-0.00155451	0.000354622
NA20291	0.0368848	0.00478077	-0.00168744	0.00101318	0.0181647	-0.0326958	0.0317937	-0.0348632	0.0349559	0.0245231
NA20294	0.0188238	-0.00746948	-0.00588659	-0.00253031	0.00412744	0.0150038	-0.00720311	0.00069979	-0.00630913	0.00506689
NA20296	0.0173773	0.00271923	0.0040947	-0.00496689	-0.00465494	0.0180825	0.00349855	-0.00275856	0.00613288	-0.00272644
NA20298	0.028544	0.000286973	-0.000698018	-0.00560051	0.00633288	0.0048273	-0.0175079	0.00465029	0.00389345	0.0102554
NA20299	0.00117901	-0.00506832	-0.0169702	0.0199624	0.00334421	-2.21086e-05	-0.00338978	0.0039508	-0.00393489	-0.0141001
NA20314	-0.0133159	-0.00960597	-0.0297396	0.0451743	0.00136135	0.000947615	-0.00182805	-0.00210501	-0.00387804	-0.000962067
NA20317	0.0194492	-0.00591341	-0.00538556	-0.00847836	-0.0226013	0.00859143	0.00409712	-0.00490169	0.00731066	-0.00511307
NA20318	0.0176897	-0.00560573	-0.00168919	-0.0080486	-0.00468748	0.00843424	0.00320078	0.00165582	0.00228246	0.00369482
NA20320	0.0188589	-0.00462761	-0.00252436	-0.00638774	0.0125167	0.0225629	-0.0043136	0.00839433	-0.010489	0.00499071
NA20321	0.0324571	0.004074	-6.86561e-05	-0.00342841	0.0195865	0.0258722	-0.0109322	0.0167158	-0.0107907	0.00953724
NA20332	0.0205554	-0.00322408	-0.00305831	-0.00504121	-0.000788332	0.0122721	-0.00620916	-0.0136845	0.00291644	0.0189551
NA20334	0.00676016	-0.0116508	-0.00436616	-0.00280186	0.00310567	0.0141439	-0.00201445	0.00797827	0.0105059	0.000887835
NA20339	0.0369858	0.00749804	0.000959282	0.00396422	-0.0172323	0.027358	0.00146913	0.0217831	0.00601843	0.00518964
NA20340	0.0367205	0.00281277	0.00240007	0.00301377	-0.00757575	0.000328048	-0.0238113	-0.0134732	-0.0090655	-0.0166932
NA20342	0.0162303	-0.00743739	-0.00389898	-0.00686296	-0.00864678	0.0246393	-0.00263102	0.0136892	0.00580907	0.00328317
NA20346	0.0229541	-0.00367544	-0.00449752	0.00451854	0.00422743	0.00478538	-0.0075541	0.00269726	-0.00817196	-0.0139631
NA20348	0.0328747	0.00415299	-0.00461965	0.000829111	0.0178488	-0.0213164	-0.00218604	-0.00025042	-0.0152096	-0.00640105
NA20351	0.0218964	-0.0051894	-0.00387459	-0.00489287	0.000116489	0.0321027	-0.00297859	0.00211605	0.00582925	0.00959575
NA20355	0.0251875	-0.00449149	-0.00182909	-0.00197051	0.0103003	-0.00483717	0.0110458	0.0140443	0.0184062	-0.0242094
NA20356	0.0285659	-0.000102087	0.00174992	-0.000717151	-0.00849685	0.0323397	-0.0126836	-0.00132581	-0.00517038	-0.0145395
NA20357	0.0222113	-0.00614413	-0.00455159	-0.00517435	0.00822032	-0.00199753	-0.00651771	0.00468455	-0.00733518	0.00199909
NA20359	0.0333311	0.0012615	-0.0032515	0.000534749	-0.00159744	0.026002	0.00675109	-0.0199092	-0.0120697	0.00438304
NA20362	0.0286555	-0.00477507	-0.00270277	-0.00266973	-0.004464	0.0206083	0.0126901	-0.0157541	-0.00567869	0.00383183
NA20412	0.0226975	-0.00676386	-0.00175208	-0.0084932	0.00747652	-0.00385281	-0.00350101	0.00145255	-0.0081032	-0.00189399
NA20502	-0.0105859	-0.0267745	-0.00627108	-0.00924073	-0.000254814	-0.00179008	0.000595433	-0.00243249	0.00138394	-0.00202338
NA20503	-0.0091835	-0.0232421	-0.00330057	-0.0113394	-0.00167003	0.0010128	0.00574347	0.0045239	0.00230945	-0.00134792
NA20504	-0.010948	-0.024337	-0.0137006	-0.0277207	-1.67682e-06	-0.00111206	0.000217541	-0.00102248	-0.00132917	0.000433703
NA20505	-0.00997526	-0.027915	-0.00836096	-0.0139148	-0.00138184	-0.00063807	0.000496723	0.00133943	0.00058392	0.000514725
NA20506	-0.0108629	-0.0249634	-0.0133314	-0.0264284	-0.000147431	0.00231962	-0.000837505	-0.00199458	-0.000178151	0.000305384
NA20507	-0.0107479	-0.0217952	-0.0142625	-0.00729023	-0.00155176	-0.00113446	0.00137816	-0.000575458	0.000508712	-0.000848916
NA20508	-0.0110223	-0.0252115	-0.012008	-0.0119354	-0.000206857	-0.00440649	0.00202837	-0.006062	0.00112481	-0.000152384
NA20509	-0.010836	-0.0233104	-0.00850469	-0.0194202	-0.00140688	0.000777543	-0.0016416	-7.791e-05	-0.000822069	-0.00141181
NA20510	-0.0104497	-0.0263842	-0.0168277	-0.0193861	-0.000468598	-0.00162291	-0.00220043	-0.00220429	-0.00248068	-0.00123595
NA20511	-0.0106369	-0.0232708	-0.0144761	-0.00638785	-0.000349422	-0.00222908	0.00304864	0.00437305	0.00132959	-0.00311225
NA20512	-0.0102384	-0.022888	-0.0102967	-0.0135171	-6.29552e-05	-0.00288265	0.000316934	-0.000914545	3.76689e-06	0.000153279
NA20513	-0.00945795	-0.0251149	-0.0119803	-0.0197422	-0.00170773	-0.000654399	0.00259969	0.0002089	-0.000474536	0.000892963
NA20514	-0.0111258	-0.0247364	-0.00836835	-0.0203568	-0.00183767	-0.00201672	0.000424261	0.00284809	0.00182583	-0.00130796
NA20515	-0.0107679	-0.0271694	-0.0177448	-0.0261138	-0.000929355	-0.000214406	0.00232331	0.00108325	0.00101925	-0.000453621
NA20516	-0.0117826	-0.019264	-0.0138709	-0.0258077	-0.000161522	-0.00228028	-0.000552278	0.000919398	0.00340147	0.00418968
NA20517	-0.0105791	-0.0271798	-0.0117593	-0.0197083	0.00135033	0.00132751	-0.000535935	0.00205233	0.000147161	-0.00159769
NA20518	-0.00936807	-0.0247185	-0.0104717	-0.0190336	-0.000923298	0.000423056	0.000285601	0.00300312	-0.00370282	-0.00126864
NA20519	-0.0104616	-0.0212076	-0.0094114	-0.0121001	-0.00137627	-0.00303846	0.0013053	0.0026919	0.000731299	-0.000238771
NA20520	-0.0101316	-0.0261061	-0.00827451	-0.0164327	-0.00150349	-0.00265396	0.00318124	0.000133614	-0.000651976	-0.00299019
NA20521	-0.00872441	-0.0243613	-0.0144742	-0.0171597	0.00120075	-0.00177575	0.0037915	-0.00193838	-0.00111516	-0.00281283
NA20522	-0.010129	-0.0209488	-0.0107233	-0.0161875	0.000302076	-0.0038466	0.0017124	-0.0017104	-0.00431257	-0.00136605
NA20524	-0.0111958	-0.0259179	-0.0111805	-0.0252185	0.000843213	0.00288377	-0.00196285	0.000721702	0.00161181	-0.000331698
NA20525	-0.0104491	-0.0232703	-0.0123611	-0.0101658	-0.00124669	-0.00159594	0.00286054	0.00231008	-0.00160098	-0.00103603
NA20527	-0.01124	-0.0249643	-0.00313211	-0.00308814	0.000947463	-0.00139867	0.00204231	-0.00093584	-0.00312877	-0.00197105
NA20528	-0.0108653	-0.0260407	-0.0109968	-0.0142201	0.00203585	0.0010027	0.000513523	6.99889e-05	-0.0019656	-0.000563368
NA20529	-0.0102583	-0.027227	-0.0114842	-0.0284868	0.00242197	1.86526e-05	0.00119023	0.00242014	0.0016444	-0.00168691
NA20530	-0.00963646	-0.0263456	-0.0124407	-0.0299261	-0.00146798	0.00271348	0.000388536	0.0031949	0.00214133	-8.66304e-05
NA20531	-0.0110832	-0.0256491	-0.0129517	-0.0138468	0.000566477	0.000951345	0.00548662	0.0032089	0.00181006	-0.000606153
NA20532	-0.00992831	-0.0267163	-0.0176269	-0.0139986	0.000502077	0.00352461	0.00114452	0.000733354	0.000343697	-0.00229089
NA20533	-0.0107754	-0.0242698	-0.00961317	-0.00772433	0.000339641	0.00278985	-0.000239009	-0.00079366	0.00220757	0.000188241
NA20534	-0.0113625	-0.0226272	-0.00270179	-0.0146554	0.000350467	-0.0020502	-0.00101355	0.00124319	0.00310014	-0.00166591
NA20535	-0.00999057	-0.0221275	-0.0123125	-0.0303812	-0.00076823	-0.00138355	-0.00134888	-0.000622192	-0.00169168	0.00131951
NA20536	-0.0105454	-0.0243983	-0.0109232	-0.0116307	0.00135832	0.000840354	0.00139586	-0.00151557	-0.00384965	-0.000863685
NA20538	-0.010198	-0.0252973	-0.00899384	-0.0125248	0.00095747	0.00531673	0.000934976	0.000285725	0.000547833	-0.00150003
NA20539	-0.0098678	-0.027065	-0.0131683	-0.0132202	0.00127276	-0.00391709	0.000434706	-0.00145844	-0.00140859	0.00182009
NA20540	-0.0107708	-0.0233037	-0.00896673	-0.00522228	-0.00162399	0.000644792	0.00206894	-0.000691587	0.000479028	-0.00206042
NA20541	-0.00987771	-0.0228502	-0.0140081	-0.0310951	-0.000776354	0.000289008	0.00124603	0.0011978	1.62068e-05	-0.00114952
NA20542	-0.00996526	-0.0244422	-0.0164071	-0.0158017	0.000807382	-0.0022262	0.00116554	4.91366e-05	0.00184866	0.000313158
NA20543	-0.0107631	-0.0261533	-0.0145379	-0.0143575	-0.000232788	-0.00172001	-0.00174119	-0.0015367	-0.000963292	-0.000311565
NA20544	-0.0104789	-0.0241049	-0.0120532	-0.0164183	0.00124571	-0.000963251	-2.91826e-05	0.000445656	0.000496889	-0.000453919
NA20581	-0.0112169	-0.0232314	-0.0148119	-0.0275391	0.00188735	0.000594465	-0.0022049	0.000654	-0.00113549	0.00274708
NA20582	-0.0105944	-0.0222776	-0.00990339	-0.023009	-0.000298741	-0.00098905	-0.000405145	0.000149437	0.0014498	0.00061485
NA20585	-0.00969664	-0.0232637	-0.0127916	-0.0294573	-0.000938853	0.00189469	-0.000560575	-0.00075504	-0.00341241	-0.000540039
NA20586	-0.00929027	-0.0283248	-0.0123336	-0.00985332	-0.00339435	-0.00135209	0.006046	-0.00287467	-0.000801339	-0.00181308
NA20587	-0.0103106	-0.0256703	-0.0122352	-0.0204593	0.00153158	-0.000321065	0.00181461	0.00102136	0.000712828	0.000668973
NA20588	-0.0083411	-0.0224297	-0.0117663	-0.0143961	-0.00209668	-0.00354224	0.0005394	0.00193016	-0.00198947	-0.0037676
NA20589	-0.00962799	-0.0249666	-0.0099412	-0.0110393	-0.00147964	0.000215947	0.00134373	-0.00162664	-0.00324124	-0.00275519
NA20752	-0.0102061	-0.0223108	-0.0119164	-0.027036	0.00074184	-0.000823036	0.00127598	0.00109024	0.000487801	-0.000732521
NA20753	-0.00951746	-0.0264051	-0.0095758	-0.0200671	-0.000238822	-0.002145	0.000380211	-0.000625724	0.000592514	3.98036e-05
NA20754	-0.00980311	-0.0233276	-0.0136603	-0.0302094	0.00138011	-0.000311345	0.00248615	-0.00173238	0.00224052	-0.00298286
NA20755	-0.0101452	-0.0249099	-0.0138589	-0.0134573	-0.00120266	0.0026396	0.000395063	0.00087567	0.00268672	-0.00214835
NA20756	-0.0104161	-0.0256258	-0.0128489	-0.0210319	0.00180392	0.000247583	0.00105177	0.000400747	0.0013927	-0.00104907
NA20757	-0.00943007	-0.0241072	-0.00578226	-0.0220645	-0.000593586	0.00500221	-0.0036683	-0.000229745	0.00109374	0.00188511
NA20758	-0.0101682	-0.0224811	-0.00979215	-0.0264564	-0.0023159	0.000453652	9.71896e-05	0.00375924	0.00173873	-0.00138772
NA20759	-0.0103474	-0.0227394	-0.00523844	-0.022279	0.00059753	0.00012044	0.000348342	-0.00261869	0.000628691	-0.00446654
NA20760	-0.010503	-0.0233972	-0.0124072	-0.0166038	-0.000604309	-0.000360551	0.00117105	0.000477757	-1.57408e-05	-0.00258521
NA20761	-0.0113788	-0.0255091	-0.012903	-0.0164035	-0.000159712	0.000545108	0.00166302	0.000482344	0.000862385	-0.00156416
NA20762	-0.00945161	-0.0255064	-0.0112427	-0.0136823	-0.00204247	0.00195949	0.00125178	-0.00111007	0.000463435	0.000246029
NA20763	-0.00908132	-0.0200539	-0.0151557	-0.0272463	0.00220115	-0.00148738	0.000162863	-0.000117118	-0.00109507	-0.00308865
NA20764	-0.0103432	-0.023436	-0.0156538	-0.0197363	0.00126934	0.000507484	0.00267879	0.00451751	0.00220927	0.000345494
NA20765	-0.00944847	-0.0218361	-0.014181	-0.0184469	-0.00223784	0.00167508	0.00134694	0.000756864	0.00232053	0.000146222
NA20766	-0.00987325	-0.0265407	-0.0140473	-0.0177171	-0.000503699	-0.000729249	0.00324938	0.000125331	0.00158414	-0.00204359
NA20767	-0.0106913	-0.0237581	-0.0117554	-0.0182448	0.000527635	0.00383604	0.000652563	-0.000533768	-0.00198909	-0.00315993
NA20768	-0.00988754	-0.025946	-0.0152622	-0.026036	0.00102359	0.00036487	0.000428699	0.000333924	0.00106552	0.00153849
NA20769	-0.00888481	-0.025375	-0.00849315	-0.0165216	0.000915006	-0.00150097	0.00140241	-0.000384654	-0.00154629	-0.00274385
NA20770	-0.00910323	-0.0263002	-0.017662	-0.0122437	-0.00120329	-0.00628281	-4.12636e-05	-0.00363769	-0.000291526	0.000682182
NA20771	-0.0108866	-0.0254089	-0.0188466	-0.0249378	0.00109886	-0.00174507	0.00166826	-0.00320849	0.000573533	-0.00364678
NA20772	-0.00992048	-0.0249424	-0.00694652	-0.0210547	0.00137203	-0.00145153	-0.00050734	0.00033077	-0.00120413	0.000682841
NA20773	-0.0113885	-0.0214823	-0.00706292	-0.017503	0.00228282	-0.000616159	0.000748308	0.00162231	0.0029972	-0.000275566
NA20774	-0.0102853	-0.0200223	-0.0131492	-0.0208092	0.00267039	-0.00288038	0.000898406	-0.000770307	-0.000213131	-0.00267359
NA20775	-0.0107229	-0.0211142	-0.00837338	-0.0219179	0.00127254	-0.00120324	-0.0042989	-0.00253017	-0.00161569	-0.00040902
NA20778	-0.00962414	-0.0234388	-0.00889362	-0.0251193	-4.91728e-05	-0.00103762	0.00143458	-0.00191864	-0.00197655	0.000256594
NA20783	-0.00978948	-0.0286098	-0.00880885	-0.0166111	0.000925672	0.000230788	0.00300579	-0.000355454	0.00127112	-0.000369182
NA20785	-0.0109108	-0.0243411	-0.00896772	-0.0167546	-0.00129995	-0.000791251	0.000225407	-0.00184796	-0.000735566	1.8724e-05
NA20786	-0.0102413	-0.0265175	-0.019845	-0.0146733	-0.000569534	-0.00128276	0.000154634	-0.000552677	-0.000893026	0.00346644
NA20787	-0.009252	-0.0261083	-0.0130309	-0.0236412	-0.00167021	-0.000852634	-0.00187782	0.000830002	0.000109552	-0.00109996
NA20790	-0.0117229	-0.0246912	-0.00904796	-0.0217565	0.00270101	0.00014078	-0.00342523	-0.000161389	-0.00032986	0.0023607
NA20792	-0.00905302	-0.0216188	-0.0132674	-0.0240651	-0.000825236	-0.000325808	0.00121583	0.00135405	0.00178482	-0.00076566
NA20795	-0.00988467	-0.0231862	-0.0156269	-0.0214336	0.00126567	0.000170786	-0.000608803	0.00256367	-0.000232095	0.000676126
NA20796	-0.00880271	-0.025447	-0.0107585	-0.0167695	-0.00197741	-0.00291389	0.00220155	-0.00140974	-0.00283507	-0.0026356
NA20797	-0.0103777	-0.0261482	-0.00806111	-0.0222208	-0.000529751	-0.000374928	-0.0015188	-0.0037738	0.0015754	-0.000844491
NA20798	-0.010325	-0.0250162	-0.00698945	-0.014281	-3.04869e-05	7.36765e-06	0.00114036	-0.0014366	0.000965988	-0.00192537
NA20799	-0.0111484	-0.0231239	-0.0120069	-0.0329231	-0.00137184	0.00092797	-0.00322769	-0.00180096	-0.00113734	0.00131981
NA20800	-0.0107199	-0.025871	-0.017826	-0.0241216	-0.000254705	-0.000294383	0.000768433	0.00148002	0.000383241	0.000802371
NA20801	-0.00863693	-0.026644	-0.0112266	-0.023695	-0.00122981	0.00134255	0.000430649	0.000568535	-0.000358917	0.000807624
NA20802	-0.00932181	-0.0216987	-0.00944278	-0.0239157	0.00217471	0.00426382	0.00032974	-0.00307728	0.000558498	-0.00183185
NA20803	-0.0103278	-0.0296104	-0.0138365	-0.0205628	-0.00169864	-0.00180387	0.00252882	0.00216616	5.2404e-05	-0.00272518
NA20804	-0.010244	-0.0219752	-0.0103469	-0.0219767	-0.000694655	0.00154126	0.002009	0.000791634	0.00159626	0.000747221
NA20805	-0.0097056	-0.0241368	-0.0147599	-0.0163568	0.00154178	0.00245244	0.00244543	0.00131644	-0.000459816	-0.000636873
NA20806	-0.0114684	-0.0268756	-0.00820183	-0.0152743	0.00248325	-0.000289272	-0.00225264	0.00162861	-0.00135149	0.00247259
NA20807	-0.0101442	-0.0237317	-0.00751415	-0.0206948	7.50976e-06	0.00187558	0.00264049	0.00186906	0.00150887	0.000649724
NA20808	-0.0107846	-0.0263099	-0.0124407	-0.0244143	4.8284e-05	-4.86923e-05	-0.00374763	-0.00359751	-0.000281379	0.000759568
NA20809	-0.00960974	-0.0253047	-0.00826385	-0.0243906	0.000253556	-0.00156286	0.00134314	-0.000372784	0.00114559	-0.000493124
NA20810	-0.0102115	-0.0268445	-0.000607255	-0.0148948	-0.00175831	-0.00100175	0.00421685	-0.00137148	0.000500271	-0.00212858
NA20811	-0.00929178	-0.0234774	-0.00909814	-0.00761121	-0.000545791	-0.000521077	-0.00140678	0.00217844	-0.00201517	0.00256278
NA20812	-0.00947391	-0.0242986	-0.0155143	-0.01831	-0.00130918	8.54341e-05	-0.000465519	-0.00264484	0.00296744	0.000626951
NA20813	-0.00880226	-0.0226532	-0.0125087	-0.0159155	-0.000575108	-0.00037137	0.0017791	-0.00123524	-0.00120562	-0.00124806
NA20814	-0.0095809	-0.0227537	-0.013254	-0.0258539	-2.92137e-05	-0.00176096	0.000947839	0.00173101	-0.000313305	-0.000419624
NA20815	-0.010754	-0.0217895	-0.010772	-0.0166763	0.000148737	-4.83668e-05	0.00358995	0.00245067	0.000594181	-0.00324551
NA20818	-0.0119456	-0.0254811	-0.0118085	-0.0205226	0.000130544	-0.0037896	0.00212422	0.00176375	-0.000813172	-0.00146564
NA20819	-0.0101686	-0.0246987	-0.00834942	-0.0132911	-0.00138993	2.48908e-05	-0.00081204	0.00275619	-0.00133086	-0.000205902
NA20821	-0.0109522	-0.0235146	-0.010952	-0.0179813	0.000796733	-0.00118927	-0.000293376	-0.00424305	0.00158353	-0.00104363
NA20822	-0.00936737	-0.0242672	-0.00992019	-0.0251288	-0.00238453	0.00032329	-0.00082882	-0.000811087	5.96619e-05	0.00111703
NA20826	-0.0100536	-0.0262615	-0.011375	-0.0258611	0.000135936	-0.00102124	0.00127271	-0.000129183	-0.00112607	7.18381e-05
NA20827	-0.0105201	-0.0232135	-0.00728199	-0.0217241	0.000394777	-0.0030784	0.000701022	-1.61908e-05	-0.000438992	-0.00019501
NA20828	-0.00966093	-0.0226408	-0.00356872	-0.00799022	0.000169103	-0.0026037	0.00377199	-0.00152297	-0.000151052	-0.00205411
NA20832	-0.0107188	-0.0212127	-0.0107043	-0.0175312	-0.000227169	-0.00116757	0.00107635	0.00309734	0.00266852	-0.00130039
NA20845	-0.0119499	-0.00952547	0.0353355	0.0210454	-0.00021484	0.0011086	0.000442956	0.00156498	-0.00105936	-0.00108737
NA20846	-0.0115554	-0.0132741	0.0252102	0.0100819	0.000289821	0.00263377	0.000371343	-0.00088075	-0.000468755	-0.00187589
NA20847	-0.0118877	-0.0118019	0.0346088	0.00523645	0.000410331	9.31683e-05	0.00135762	0.00058833	0.000891092	-0.00105583
NA20849	-0.0101008	-0.00657882	0.0352052	0.0138099	-0.00154442	-0.000993752	0.00106773	0.00143827	0.00234408	0.00100965
NA20850	-0.011285	-0.0147277	0.0231316	0.0161165	0.00110983	-0.00271087	-0.00119176	-0.00250395	-0.000442279	0.00255477
NA20851	-0.010505	-0.00932503	0.0437205	0.0147223	-0.00114678	-0.000192278	0.000483786	-0.0032601	0.00243463	0.00139729
NA20852	-0.0119795	-0.00674781	0.0274993	0.0200576	0.000626514	0.00117543	-0.00100251	-5.47746e-05	0.000497792	0.000449809
NA20853	-0.0115303	-0.00884659	0.0470261	0.0191492	3.45847e-05	-0.000818785	0.00336931	0.000688499	0.00294674	-0.00233411
NA20854	-0.0118275	-0.00914702	0.0309295	0.0106526	-0.00083605	-0.000100785	0.00224724	0.00154654	-0.00201207	-0.00123621
NA20856	-0.0117949	-0.00981209	0.0317264	0.0100915	-0.000866829	-0.000787601	1.44482e-06	0.00338601	0.000960314	0.00119896
NA20858	-0.0110297	-0.0158493	0.0091338	0.00521167	-0.00108293	0.00110556	0.00016774	-0.00124361	0.000680719	0.000247292
NA20859	-0.0110906	-0.0127667	0.0329896	0.019502	-0.00078409	0.000429449	-0.000122061	0.0027939	0.00139841	-0.000500678
NA20861	-0.0118591	-0.00761496	0.0430543	0.0172404	0.000729021	0.00243157	0.000500619	0.00214121	-0.000718262	0.00153261
NA20862	-0.0110734	-0.0115626	0.016317	0.0159927	-1.1058e-05	0.000131412	0.000742708	0.00120527	0.00247134	-7.49516e-05
NA20863	-0.0123404	-0.00643982	0.0485677	0.0188313	-0.000122399	-0.000984745	0.000296462	0.00395598	-0.000548867	0.00158485
NA20864	-0.0110973	-0.00916085	0.0304296	0.00161706	-0.000585137	0.00125934	-0.00206728	0.00151524	0.000933824	0.000430754
NA20866	-0.0108507	-0.0151568	0.0357258	0.0111949	5.63466e-05	-0.00153158	-0.000364907	0.00102165	0.00329064	-0.00147915
NA20867	-0.0109731	-0.00791558	0.0418532	0.0100941	0.000171222	0.00224274	-0.000175326	-0.00233159	-0.000750976	-0.000735218
NA20868	-0.011783	-0.0113237	0.0410543	0.0198588	-0.0015805	0.000383187	-9.01405e-05	-0.0019416	-0.00106348	0.00171504
NA20869	-0.0109996	-0.00588242	0.0316675	0.0136512	-0.00209967	-9.0385e-05	-0.000880664	0.00204495	0.00387347	0.00062817
NA20870	-0.0106853	-0.0196496	0.0143814	0.00820304	-0.000253441	-0.00129795	0.00156991	-0.00146283	0.000711652	-0.00167652
NA20872	-0.0118262	-0.0100799	0.0318553	0.00329339	0.0012344	-0.000197242	-0.00165029	-0.000310928	-0.000763767	0.000452872
NA20874	-0.0115068	-0.010585	0.0166616	0.0074253	-0.000942073	9.38131e-05	0.00233431	0.00117539	0.00131966	0.00146205
NA20875	-0.0124693	-0.00978243	0.0456758	0.0111062	-0.000145233	-0.00233213	0.000584384	0.00256409	0.00175235	0.00345207
NA20876	-0.0105383	-0.0101071	0.0296028	0.0158264	-0.000123309	5.85139e-05	0.00167654	-0.000652464	0.000857394	-0.000594675
NA20877	-0.0117605	-0.00840649	0.0372091	0.025194	0.00114647	0.00297168	-0.000329501	0.00018252	-0.00138686	-0.000743563
NA20878	-0.0109331	-0.00729058	0.0375105	0.0125541	-0.000172215	0.00144727	-0.0031303	0.000347901	-0.000365912	-0.00016126
NA20881	-0.0111631	-0.00933777	0.0296667	-0.000278836	-0.00159603	-0.000888213	-0.000806544	0.000939589	0.000964739	0.000344953
NA20882	-0.0116465	-0.0104717	0.0224398	0.0100647	-0.00102965	-6.30495e-05	4.40383e-05	0.00332226	0.0025261	0.00113822
NA20884	-0.0110222	-0.00285652	0.0351069	0.00106487	-0.00252458	-0.00398841	-0.00277284	-0.0002991	-4.76411e-06	0.00313286
NA20885	-0.0109911	-0.0182159	0.0189603	0.00847708	0.000725226	0.000810832	0.00210342	-0.000709829	-2.29104e-05	-0.00176141
NA20886	-0.0112564	-0.00933683	0.0314647	0.00084136	-0.000128035	0.00210484	0.000665237	0.000322032	3.76791e-05	4.8486e-05
NA20887	-0.0126228	-0.0097472	0.0353797	-0.00349972	0.00124113	0.00262412	-0.000988107	-0.000802043	0.00173082	0.000879028
NA20888	-0.0118396	-0.0105235	0.0341399	0.0113488	-0.000883849	0.000786886	0.000849157	-0.00134691	-0.000918471	-0.000418128
NA20889	-0.0116984	-0.00764177	0.0380807	0.0213381	-0.00036938	0.00193678	0.00231149	0.000638287	-2.64302e-05	-0.000950143
NA20890	-0.0118511	-0.011938	0.0269223	0.0207892	-0.00422304	-0.00206404	-0.000636026	0.000909135	0.000663379	0.00614267
NA20891	-0.0112337	-0.00943575	0.0306522	-0.00659456	-0.00130938	-0.00124075	-0.000953969	-0.000901287	0.000971715	0.00240936
NA20892	-0.0110497	-0.00931513	0.0488735	0.0155539	0.00252545	0.00115219	0.00136934	0.00179694	0.00025929	9.42532e-05
NA20894	-0.0107962	-0.00780846	0.0271268	0.00682918	0.00292799	-4.17181e-05	-0.00131683	-0.00210162	0.000500867	0.00237831
NA20895	-0.0120089	-0.0114697	0.0253206	0.00452679	0.00139641	-0.00112051	-0.000231351	-0.000530847	0.00223152	-0.00275883
NA20896	-0.0112752	-0.0109034	0.0460449	0.024977	-0.000866057	-0.000503645	0.00306424	3.22459e-06	-0.00181703	-0.00104351
NA20897	-0.0104985	-0.00413495	0.0347561	0.00356566	0.000806415	0.000313063	-0.00236813	-0.00089237	0.00221947	0.00188216
NA20899	-0.0115834	-0.00972805	0.0448334	0.0197017	0.00101025	0.00305197	-0.0010645	0.00173108	0.00230842	0.0027653
NA20900	-0.011469	-0.00711576	0.0337636	0.00127701	-0.000692305	-0.00104443	-0.00121549	0.00199266	0.00232811	0.00119341
NA20901	-0.0131997	-0.00836767	0.0348199	0.0193142	-0.000540647	-0.00077323	-0.000205284	0.00225343	-0.00226789	-0.00228337
NA20902	-0.010337	-0.00769992	0.0340427	0.00418047	-0.000129489	-0.00129994	-0.00346766	0.00205228	0.00055512	0.0010894
NA20903	-0.0117439	-0.0105743	0.0247102	0.0105322	0.00107671	0.000492689	-3.38494e-05	0.00140651	0.00128044	-0.00036517
NA20904	-0.011401	-0.00916793	0.0233713	0.00120104	3.18591e-05	-0.000520792	-0.000204373	0.00140028	-0.000678667	0.00156096
NA20905	-0.0121609	-0.00867961	0.0351096	0.00516718	0.000913505	0.00258521	0.000113813	0.000869817	0.0010299	0.00099462
NA20906	-0.01174	-0.00422413	0.03727	0.0184097	-0.000626585	-0.000714808	8.58333e-05	-0.00173845	0.00101405	-0.000701224
NA20908	-0.0120245	-0.00219904	0.0453872	0.018279	3.37813e-05	0.00146114	0.000201099	-0.000400718	-0.000846109	-0.00170787
NA20910	-0.0124627	-0.0150734	0.020657	0.0121025	0.00150176	-4.91992e-05	-0.000952581	-3.70774e-05	0.0020976	-0.000370062
NA20911	-0.010448	-0.00639704	0.0414645	0.012031	0.00188838	0.00238011	0.000772466	-0.000796168	2.75437e-05	-0.00105975
NA21086	-0.0115362	-0.0123196	0.0350197	0.0153221	0.000689072	0.00177434	0.00183194	0.00207678	-7.52098e-05	-0.000989133
NA21087	-0.0111818	-0.0115188	0.0308658	0.00281708	0.00270106	0.00376591	0.000924767	0.00199756	0.00109939	-9.36391e-06
NA21088	-0.0121714	-0.00539464	0.0485408	0.00783483	-0.000647484	-0.00234459	-0.000783257	-0.000186787	-0.00136637	-0.000135036
NA21089	-0.0132727	-0.005823	0.0348612	-0.00363486	0.000185324	-0.00211603	-0.00156079	0.000301228	-0.00139073	0.00336357
NA21090	-0.0115981	-0.00411407	0.044652	0.00487875	0.00153095	-0.000712614	-0.00128199	0.000359335	-0.00036067	-0.00105522
NA21091	-0.0102488	-0.00652435	0.0323843	0.00617996	-0.000162362	-0.000684939	-0.000612401	0.000260521	0.000512544	0.00326444
NA21092	-0.0107989	-0.0105496	0.031689	0.0152651	-0.000765044	-0.000324509	0.00213112	-0.00125463	-0.000397081	0.00123064
NA21093	-0.0106481	-0.011406	0.0348898	0.0127756	-0.000306974	-0.00104725	-0.000142509	-0.00276392	0.00117088	0.00107786
NA21094	-0.0104437	-0.00888941	0.0393076	0.0206411	0.000265522	-0.00194407	-0.000232944	0.000205098	0.00209616	0.00367674
NA21095	-0.0120801	-0.00667194	0.0394074	0.0101839	0.000309419	0.00234277	0.000138268	-0.00194988	-0.000816275	0.000539344
NA21097	-0.0110757	-0.00480805	0.0446142	0.0119532	0.000575592	-0.000482449	-0.00102676	0.00124244	0.000686729	0.00308049
NA21098	-0.0104852	-0.00613036	0.0350157	-0.0011295	-0.000582302	0.00227857	0.000551169	0.00130404	-0.00122244	-0.00167156
NA21099	-0.0114974	-0.0116831	0.0310592	0.0140351	0.00115957	0.00307506	0.000314766	0.000479677	0.00070151	-0.00192947
NA21100	-0.0110862	-0.00979984	0.0401181	0.0159665	-0.00159274	-0.000864664	-0.00167802	0.00241904	0.000555515	0.00179984
NA21101	-0.0107715	-0.0088135	0.0418023	0.00424231	0.00117341	-0.00271208	-0.00188267	0.000349109	0.00147767	0.00180439
NA21102	-0.0117983	-0.011751	0.0447559	0.0144491	0.000511978	-0.000453967	-0.000763554	-0.000201557	0.000666362	0.00132041
NA21103	-0.0113623	-0.0083541	0.0338172	0.0215973	-0.000524068	-0.00020045	0.00184577	0.00330712	0.00297224	0.000584533
NA21104	-0.0119082	-0.00489263	0.0311038	0.0121049	-0.000295209	-0.00147877	0.000195295	-6.63477e-05	0.00195	0.00036056
NA21105	-0.0124396	-0.0101417	0.037569	0.017935	-0.00111934	0.000532046	-0.00264189	-0.00107665	-0.00170222	0.00273063
NA21106	-0.0116934	-0.011639	0.0431771	0.00692075	0.000910995	0.00628891	-0.000806961	0.00135984	0.00128161	0.000306532
NA21107	-0.0103903	-0.0112319	0.0341561	0.012702	-0.000174642	0.000923453	0.000565192	9.10032e-05	-0.00167255	0.00043012
NA21108	-0.0116285	-0.0148617	0.0266626	0.00245471	0.001411	0.000754072	0.000540521	-0.000751441	-5.99015e-05	-0.00255295
NA21109	-0.0113336	-0.0104886	0.029427	-0.00128706	-0.000948458	0.00311208	-0.0016077	-6.13951e-05	-0.00172862	0.00298505
NA21110	-0.0109944	-0.00931936	0.0390472	0.00301068	0.000792522	-0.00232564	0.0012209	-7.64894e-05	0.00237375	-0.00178314
NA21111	-0.0101362	-0.00847345	0.0395354	0.0219036	0.00074364	0.00385174	0.00107929	0.00167823	-0.00149575	-0.000770489
NA21112	-0.010517	-0.00816427	0.0474205	0.0175287	-0.000410098	0.00013171	-8.41355e-05	0.00309311	-0.000889374	0.000375083
NA21113	-0.0113277	-0.00882861	0.0450051	0.0126687	-0.000934438	0.000740641	-0.00355706	-0.00230577	-0.00330052	-0.00075279
NA21114	-0.0109701	-0.0111544	0.0368219	0.0211268	0.00118791	0.00372131	0.000761377	-0.00116095	-0.00162205	-0.00150796
NA21115	-0.0108251	-0.00718495	0.0450468	0.0172387	-0.000891177	-0.000148976	-0.001135	-0.00107283	-0.0030898	-0.00383679
NA21116	-0.0104897	-0.0101981	0.0346573	0.0133145	-0.000104253	0.00125097	-0.00211701	0.00066935	-0.00245394	0.000865459
NA21117	-0.011058	-0.0108853	0.03877	0.0121497	-0.000982171	-0.000797223	0.000282061	0.000266038	0.000264563	-0.00106841
NA21118	-0.011566	-0.00924118	0.0479299	0.0130285	0.00159083	0.0018571	-0.00204363	0.00216007	0.00231806	0.00136536
NA21119	-0.0113943	-0.0117072	0.0346808	0.0132032	0.000754401	0.0036222	-0.0012115	0.0021642	0.000823352	0.00285129
NA21120	-0.0111856	-0.00660454	0.0303979	0.00462176	0.00105169	0.00260658	0.000673523	-0.000637198	0.000406352	-0.000223172
NA21122	-0.0110529	-0.0105819	0.044273	0.0110273	0.00036854	-0.000564367	0.00214389	0.000736508	-0.00124128	-0.00200703
NA21123	-0.0116412	-0.00863313	0.0471784	0.0127297	0.000689047	-0.000141482	-0.00304554	-0.000792469	0.000444358	0.00231171
NA21124	-0.0112583	-0.0106229	0.0432871	0.0235667	0.000552039	-0.00089126	-0.000746027	0.000877891	0.00110141	0.000829279
NA21125	-0.0118403	-0.0100775	0.0444842	0.0103621	0.000924298	-0.00176445	0.0013821	0.00174379	-0.00152254	0.000526056
NA21126	-0.0117575	-0.0135377	0.0257557	0.0101677	0.00370778	0.000848993	-0.00190835	-0.00014794	0.00055785	-0.000144742
NA21127	-0.0115881	-0.0117961	0.0346276	0.0104406	0.00145569	0.000975456	-0.00194863	0.000550722	-0.00165711	-0.000803161
NA21128	-0.0107343	-0.0119115	0.0411294	0.0108823	0.00151298	0.00118209	-0.00183743	0.000548734	-0.00133246	0.00288922
NA21129	-0.0127768	-0.00715154	0.0439441	0.00765066	-0.00213279	-0.00278587	-0.00356962	0.00169617	-0.000686549	0.00358313
NA21130	-0.0130546	-0.0109539	0.0339062	0.00908008	-0.000475589	-3.74048e-05	-0.00194647	0.000151368	0.000570862	-0.000605802
NA21133	-0.0109806	-0.0114321	0.034775	0.0060711	-0.00101944	-0.00261411	-0.0011587	-0.00157078	0.00049334	0.000490596
NA21135	-0.011474	-0.0100357	0.0345976	0.00607252	0.00163471	0.000365435	-0.000276225	0.00162181	0.00120955	0.000473308
NA21137	-0.010941	-0.00446409	0.0375592	0.0125408	0.00195209	-0.00142282	0.000649785	-0.00163484	0.00327255	-0.000509232
NA21141	-0.0125506	-0.00568743	0.0476632	0.0114276	0.000412304	-0.00224877	-2.16644e-05	-0.00163758	-0.000395452	-0.00108639
NA21142	-0.0113862	-0.00483333	0.0404505	0.0168217	0.00123227	0.0023526	0.000345662	0.000825382	-0.0010741	-0.000913796
NA21143	-0.0104686	-0.00500122	0.0524273	0.0153072	0.001587	0.00484964	0.00152641	-0.00149734	-0.00108738	-0.000874125
NA21144	-0.0119849	-0.0100267	0.037345	0.0201997	-0.000293283	0.000121414	-0.000101124	-0.00139463	-0.00114067	-0.000602222
